question,choices,answer_idx,source
What kind of container is used to measure heat changes during a chemical reaction or physical process?,"[""hydrostatic"", ""calorimeter"", ""graduated cylinder"", ""thermal flask""]",1,sciq
Bacteria that enter the body are destroyed by which type of cells?,"[""white blood cells"", ""red blood cells"", ""kidney cells"", ""lung cells""]",0,arc_easy
A phase change happens,"[""when onions are chopped"", ""when food is digested by the stomach"", ""when water is added to a glass"", ""when flowers bloom in full""]",1,openbookqa
"At high pressures, how are the molecules of a gas crowded?","[""closer together"", ""further apart"", ""small together"", ""few together""]",0,sciq
Some types of minerals form balls called what?,"[""cancers"", ""microbes"", ""fistulas"", ""nodules""]",3,sciq
Ferrous metals can comprise items such as,"[""steel clogs"", ""gold cats"", ""bronze shoes"", ""Fe armor""]",3,openbookqa
Which type of tree is dominant in temperate forests?,"[""vines"", ""fungus"", ""shrubs"", ""deciduous""]",3,sciq
Isotopes are named for their number of ______ plus neutrons?,"[""electrons"", ""protons"", ""nuclei"", ""atoms""]",1,sciq
What do halogens require electrons to achieve?,"[""coupling"", ""formation"", ""octet"", ""fusion""]",2,sciq
Dispersal occurs only on what time scale?,"[""regular"", ""conventional"", ""developmental"", ""evolutionary""]",3,sciq
Which of the following planets is always closer to the Sun than it is to Earth?,"[""Jupiter"", ""Mercury"", ""Saturn"", ""Uranus""]",1,arc_easy
What contains most of the structures found in skin?,"[""epidermis"", ""subcutaneous layer"", ""basal layer"", ""dermis""]",3,sciq
How many limbs to birds have?,"[""four"", ""six"", ""ten"", ""five""]",0,sciq
Mosquitoes enjoy all the people at a BBQ in the summer for what reason?,"[""steak"", ""blood"", ""nice weather"", ""taking food""]",1,openbookqa
seeds may grow when,"[""ingested"", ""roasted"", ""left alone"", ""placed underground""]",3,openbookqa
Where is dna located in prokaryotic cells?,"[""ribosomes"", ""cytoskeleton"", ""cytoplasm"", ""mitochondria""]",2,sciq
"If Lisa wants to experiment with bean plants, which of these is the best example of a hypothesis?","[""Bean plants come in many types."", ""Fertilizer is good for bean plants."", ""All bean plants are related to each other."", ""Fertilizer will make bean plants grow taller.""]",3,arc_easy
"Concentration is the removal of solvent, which increases the concentration of what?","[""vapor"", ""sodium"", ""Water"", ""solute""]",3,sciq
The sugar of one nucleotide binds to what group of the next nucleotide?,"[""the alkaline"", ""the chloride"", ""the phosphate"", ""the protein""]",2,sciq
A family installs a new heating system in their home. Which is the most desirable result of the new heating system?,"[""producing more noise pollution"", ""decreasing the amount of energy used"", ""increasing the use of natural resources"", ""increasing the time it takes to heat the home""]",1,arc_easy
What best describes objects orbiting in the Kuiper Belt?,"[""metallic"", ""rocky"", ""hot"", ""icy""]",3,arc_easy
sharp beaks are a kind of adaptation for catching,"[""sticks"", ""small food beings"", ""bubbles"", ""rocks""]",1,openbookqa
The rocks that are taken from a mine are full of valuable minerals plus rock that isn't valuable. what is this rock called?,"[""garbage rock"", ""compost rock"", ""empty rock"", ""waste rock""]",3,sciq
What are the most advanced group of seedless vascular plants called?,"[""shrubs"", ""conifers"", ""ferns"", ""grasses""]",2,sciq
A river rushes and pebbles are smacked around one another until,"[""they are wet"", ""they are clear"", ""they are rough"", ""they are velvety""]",3,openbookqa
Which statement would most likely be included in a news report about an approaching hurricane?,"[""Open the windows to equalize air pressure."", ""Install snow tires and check the antifreeze in the car radiator."", ""Evacuate low-lying areas near the coast."", ""Expect wind speed to decrease for the next several hours.""]",2,arc_easy
All of the following but which would be considered renewable energy sources?,"[""Solar"", ""Wind"", ""Natural Gas"", ""Hydropower""]",2,openbookqa
"In December, someone in England probably wants to","[""Wear shorts and enjoy the warmth"", ""Wear heavy clothing when outdoors"", ""Go down to the beach in swimwear"", ""Start planting seeds in their garden""]",1,openbookqa
What is the best way for a scientist to begin an investigation on a population of deer?,"[""typing results into a computer"", ""intuition"", ""writing facts in a field notebook"", ""observing the deer in their own habitat""]",3,arc_easy
On the list of a flower's goals would be to,"[""produce carbon dioxide"", ""deroot and die"", ""produce offspring"", ""remain sterile""]",2,openbookqa
"A teacher carefully places some objects into very hot water. After one minute, which item is most likely too hot to touch?","[""a cloth napkin"", ""a metal spoon"", ""a plastic pencil"", ""a wooden stick""]",1,arc_easy
"What system gets less effective with age, that generally makes older people more disease susceptible?","[""infectious system"", ""reproductive system"", ""immune system"", ""nervous system""]",2,sciq
What's the best way humans can conserve water?,"[""boil it"", ""use more"", ""use less"", ""salt it""]",2,sciq
Materials like ethanol are used to produce electricity by _____.,"[""hydroelectric power"", ""renewable energy"", ""burning"", ""carbon fixation""]",2,openbookqa
Every object is attracted to every other object by what force?,"[""gravity"", ""magnetism"", ""pheromones"", ""weight""]",0,sciq
What is the branch of science that studies the physical world?,"[""social science"", ""botany"", ""physics"", ""Ecology""]",2,sciq
What is the mass of one mole of any given substance?,"[""atomic mass"", ""protons mass"", ""molar mass"", ""solute mass""]",2,sciq
which one of these would make a great organic manure later on?,"[""a plastic spoon and fork"", ""a white plastic chair"", ""a family of raccoons"", ""a plastic water bottle""]",2,openbookqa
During which time of day are the highest temperatures most often recorded?,"[""sunset"", ""afternoon"", ""sunrise"", ""night""]",1,arc_easy
What type of chemical reactions release energy?,"[""sulfuric reactions"", ""exothermic reactions"", ""biochemical reactions"", ""endothermic reactions""]",1,sciq
scientists make observations and cats,"[""regurgitate their cleanings"", ""never sleep"", ""fly"", ""cook spaghetti""]",0,openbookqa
What is the complementary base of adenine in DNA?,"[""cytosine"", ""thymine"", ""guanine"", ""uracil""]",1,arc_easy
Some 96% of the dry mass consists of organic compounds produced by what?,"[""erosion"", ""electrolysis"", ""photosynthesis"", ""reproduction""]",2,sciq
Sunrises in January are,"[""late"", ""green"", ""old"", ""early""]",0,openbookqa
"There are five primary tastes in humans: sweet, sour, bitter, salty, and what?","[""hot"", ""umami"", ""tangy"", ""aroma""]",1,sciq
Which two forms of energy could best be used to increase the temperature of a sheet of copper?,"[""heat and light"", ""heat and sound"", ""light and magnetism"", ""electricity and sound""]",0,arc_easy
How do amphibians reproduce?,"[""asexually"", ""biologically"", ""sexually"", ""they don't""]",2,sciq
Angiosperms are also known as what?,"[""dry plants"", ""flowering plants"", ""dead plants"", ""uncommon plants""]",1,sciq
What is the term for a test to see if a scientific explanation is right or wrong?,"[""invention"", ""hypothesis"", ""experiment"", ""generation""]",2,sciq
Descending air pressure leads to,"[""a lower chance of rain"", ""an ascending chance of showers"", ""a decreased likelihood of showers"", ""has zero effect on the weather forecast""]",1,openbookqa
Which statement identifies an energy source as renewable?,"[""Oil, because it is found underground."", ""Wind, because it is always available."", ""Water, because it is becoming scarce."", ""Coal, because it was formed from plants.""]",1,arc_easy
"Because of moving charged particles in its outer core, earth is what?","[""laser"", ""antenna"", ""magnet"", ""transmitter""]",2,sciq
What molecule can be used by the body to synthesize cholesterol ?,"[""ethylene coa"", ""acetyl coa"", ""chloride coa"", ""hydroxide coa""]",1,sciq
"What is the ratio of the uncertainty to the measured value, multiplied by one-hundred called?","[""variable uncertainty"", ""amount uncertainty"", ""percent uncertainty"", ""percent inconsistency""]",2,sciq
"The orbit of Earth is almost circular and has a period of about 365 days. Compared to the orbit of Earth, which of these objects usually have highly elliptical orbits and can have periods of over 1000 years?","[""asteroids"", ""meteorites"", ""comets"", ""moons""]",2,arc_easy
"In a desert environment, cactus wrens often build their nests in cholla cacti to avoid predators. This behavior does not hurt the cacti. Which type of relationship do cactus wrens and cholla cacti demonstrate?","[""competitive"", ""commensalism"", ""mutualism"", ""parasitism""]",1,arc_easy
What makes viral stis more dangerous than other types?,"[""they are more contagious"", ""they are incurable"", ""they are more severe"", ""they are larger""]",1,sciq
What nucleic acid stores the genetic information?,"[""Nucleus"", ""dna"", ""molecule"", ""Ribosomes""]",1,sciq
During what part of a person's development are they generally at their physical peak?,"[""early adulthood"", ""infancy"", ""senility"", ""late adulthood""]",0,sciq
"If left in the sunshine, water in an open jar will","[""evaporate."", ""condense."", ""freeze."", ""melt.""]",0,arc_easy
Things people eat come from,"[""mountains"", ""canyons"", ""cities"", ""farms""]",3,openbookqa
"Unlike energy, what happens to matter in ecosystems?","[""it is filtered"", ""it does not exist"", ""it is recycled"", ""it is destroyed""]",2,sciq
The building blocks of proteins are called what?,"[""boric acids"", ""amino acids"", ""protein acids"", ""mutation acids""]",1,sciq
A laser beam is aimed at four different objects. Through which of these objects will the laser beam pass and be refracted?,"[""a black cloth"", ""a piece of aluminum"", ""a sheet of paper"", ""a glass prism""]",3,arc_easy
A creature can hide in plain sight from predators because,"[""it burns"", ""it misdirects"", ""it cries"", ""it stinks""]",1,openbookqa
What kind of muscle is responsible for hollow organs contracting?,"[""smooth muscle"", ""tough muscle"", ""rough muscle"", ""micro muscle""]",0,sciq
Which of these is an inherited behavior?,"[""a seal balancing a ball"", ""a dog getting the newspaper"", ""a spider spinning a web"", ""an ape using sign language""]",2,arc_easy
"What type of mammals includes opossums, kangaroos, and koalas?","[""crustaceans"", ""arthropods"", ""marsupials"", ""monotremes""]",2,sciq
"Scientists have monitored the amount of acid rainfall in Frederick County, Maryland, since 1982. Humans in Frederick County are affected by acid rain because acid rain alters","[""wind patterns"", ""air temperatures"", ""the quality of water"", ""the amount of precipitation""]",2,arc_easy
Which blood vessels is oxygen transferred through?,"[""cilia"", ""capillaries"", ""veins"", ""arteries""]",1,sciq
An example of a ferromagnetic metals could be,"[""wood"", ""a coin"", ""plastic"", ""china plates""]",1,openbookqa
Diverting overflow from a reservoir through pipes generates,"[""The Colorado River"", ""hydropower"", ""The Hoover Dam"", ""solar power""]",1,openbookqa
How do plants most commonly break large rocks into smaller pieces?,"[""Plant leaves insulate surrounding rocks from extreme temperatures."", ""Plant roots grow into cracks in rocks."", ""Seeds from plants fall onto rocks and release acidic compounds."", ""Stems of plants surround and squeeze rocks.""]",1,arc_easy
How many centimeters are in a meter?,"[""50"", ""100"", ""1000"", ""200""]",1,sciq
What part of the heart receives the blood is pumped from veins of the systemic circuit?,"[""left atrium"", ""left ventricle"", ""right ventricle"", ""right atrium""]",3,sciq
What type of charge do electrons have?,"[""positive"", ""negative"", ""bipolar"", ""neutral""]",1,sciq
Which has the longest wavelength?,"[""red light"", ""green light"", ""violet light"", ""yellow light""]",0,arc_easy
"For photosynthesis to begin, the inputs required are sunlight, water, and what?","[""phosphorus dioxide"", ""carbon dioxide"", ""sulfur dioxide"", ""methane""]",1,sciq
What is a genetic disorder in which blood fails to clot properly because a normal clotting factor in the blood is lacking?,"[""hemophilia"", ""sickle cell"", ""anemia"", ""hypertension""]",0,sciq
A cup of hot tea next to a glass of iced tea will make which become colder?,"[""cup of noodles"", ""the hot tea"", ""the iced tea"", ""tee in alphabet""]",1,openbookqa
What captures carbon dioxide as it is emitted by a power plant before it enters the atmosphere?,"[""chemical sequestration"", ""oxide sequestration"", ""nitrogen sequestration"", ""carbon sequestration""]",3,sciq
"A city has a temperature of 75 °F, with partly cloudy skies. Weather forecasters are predicting that the air pressure and temperature will drop during the day. Which type of weather is most likely for this area in the late afternoon?","[""rainy."", ""sunny."", ""snowing."", ""hailing.""]",0,arc_easy
A telescope is required for detailed observation of what?,"[""mountains"", ""oceans"", ""clouds"", ""astral bodies""]",3,openbookqa
What effect causes global winds to blow on a diagonal over the earth's surface?,"[""dopler effect"", ""resonant effect"", ""centrifugal effect"", ""coriolis effect""]",3,sciq
"What takes place at some coastlines or along the equator and brings cool, nutrient-rich water to the surface?","[""high tide"", ""upwelling"", ""flooding"", ""red tide""]",1,sciq
Glucocorticoids and mineralocorticoids are the two main types of what in humans?,"[""carotenoids"", ""corticosteroids"", ""hormones"", ""metabolites""]",1,sciq
Limestone is formed by water evaporating from a solution of water and mineral and a hard sedimentary rock used as building material and for making,"[""lipstick"", ""cement"", ""lemon-lime soda"", ""mineral water""]",1,openbookqa
When liquid that was sucked out of the ground by flora moves is moved to the air this is called,"[""perspiration"", ""hydration"", ""condensation"", ""transpiration""]",3,openbookqa
What structures receive blood from the atria and pump it out of the heart?,"[""ventricles"", ""muscles"", ""Vascular Fibers"", ""valves""]",0,sciq
What are the parts that make up an atom?,"[""electrons, neutrons, and protons"", ""electrons, protons, and gamma rays"", ""neutrons, photons, and beta particles"", ""neutrons, protons, and alpha particles""]",0,arc_easy
"Which type of rock is formed from limestone that has been compacted, heated, and recrystallized?","[""siltstone"", ""sandstone"", ""marble"", ""shale""]",2,arc_easy
What is the most common type of capillary?,"[""channels"", ""large"", ""continuous"", ""ending""]",2,sciq
All female platypus',"[""lay eggs"", ""give live birth"", ""reframe from reproduction"", ""give live aid""]",1,openbookqa
What cannot exist between energy levels?,"[""crystals"", ""protons"", ""cells"", ""electrons""]",3,sciq
Which part of the electromagnetic spectrum can humans sense without using equipment or technology?,"[""radio waves"", ""visible light"", ""microwaves"", ""X-rays""]",1,arc_easy
An example of migration would be,"[""robins flying from Minneapolis to Miami"", ""geese flying to a park to bother the people there"", ""bison that belong to a farmer being moved to a different pasture"", ""mice running from a fox""]",0,openbookqa
The total number of protons and neutorns in an atom is called what?,"[""atom number"", ""volume number"", ""mass number"", ""formation number""]",2,sciq
Exons are cut out before what leaves the nucleus?,"[""gene"", ""dna"", ""mrna"", ""rna""]",2,sciq
Sand dunes migrate when sand is blown up a slope and this force pulls it down the other side?,"[""earthquakes"", ""gravity"", ""spin"", ""air pressure""]",1,sciq
"Diaphragm, lungs, and trachea take air deep into the body and provide oxygen gas to what?","[""molecules"", ""heart"", ""bloodstream"", ""brain""]",2,sciq
What does the a1c test measure over the past two to three months?,"[""RBC levels"", ""cholesterol levels"", ""blood-glucose levels"", ""albumin levels""]",2,sciq
"When a person is infected with the influenza virus, the immune system defends the body through a cell-mediated immune response. Which immune cell is responsible for protecting the body from the influenza virus infection?","[""phagocytes"", ""B lymphocytes"", ""helper T lymphocytes"", ""cytotoxic T lymphocytes""]",3,arc_easy
What increases the chances of someone inheriting a mitochondrial disease?,"[""presence of defect transgenic and defect mtdna"", ""presence of defect transgenic and undefected mtdna"", ""presence of defect mtdna and undefected mtdna"", ""presence of defect ornithopods and undefected mtdna""]",2,sciq
"if these animals were planetary bodies, which of them would have the most gravitational pull?","[""a bull on the couch"", ""a mouse in the wall"", ""a duck in the pond"", ""a dog in the field""]",0,openbookqa
What is a condition where plants are grown in mineral solutions without soil called?,"[""hydrozone"", ""hydroponics"", ""biosphere"", ""climate zone""]",1,sciq
Seasonal changes happens,"[""when some flowers cease to bloom in the cold months"", ""when ducks swim more in lakes"", ""when fish arise from water and sun themselves"", ""when all flowers bloom in the cold months""]",0,openbookqa
"What is the combination of tissues that provides a tough, woody external covering on the stems of trees called?","[""cuticle"", ""scale"", ""epidermis"", ""bark""]",3,sciq
What does an array of radio telescopes collect?,"[""radio waves"", ""light waves"", ""microwaves"", ""thermal waves""]",0,sciq
"What states that chemical reactions occur when atoms, ions, or molecules collide?","[""collision theory"", ""reaction theory"", ""elemental theory"", ""disturbance theory""]",0,sciq
Which disease afflicts children who don't get enough calcium during their bone formation stage?,"[""sids"", ""rabies"", ""rickets"", ""cancer""]",2,sciq
"The end result of diffusion is an equal concentration, or equilibrium , of molecules on both sides of what?","[""the cell"", ""the membrane"", ""the organelle"", ""the organism""]",1,sciq
"If a person wants to move heat quickly, they could use the sun's warmth. The best thing for absorbing it would be","[""a brass sheet"", ""a wool cap"", ""a rubber duck"", ""a plastic ball""]",0,openbookqa
What substance causes oxidation by accepting electrons?,"[""solvents"", ""oxidizing agent"", ""thermal agent"", ""enzymes""]",1,sciq
What is least likely to absorb light?,"[""windows"", ""space"", ""glass"", ""foil""]",3,openbookqa
Clouds are formed from what?,"[""ice crystals"", ""snow flakes"", ""water droplets"", ""dust particles""]",2,sciq
"When looking for good soil for plants, typically what is optimal?","[""malleable and nutritious"", ""dry and sandy"", ""grainy and bitter"", ""compact and hard""]",0,openbookqa
Cells must also be able to separate their relatively stable interior from what?,"[""their habitat"", ""predators"", ""competition and chaos"", ""the external environment""]",3,sciq
Why do two surfaces get warm when they are rubbed together?,"[""The surfaces absorb energy from the air."", ""Friction changes energy of motion to heat energy."", ""Moving objects produce heat energy."", ""Energy is transferred between the two surfaces.""]",1,arc_easy
What do optical fibres look like?,"[""square boxes"", ""big flashlights"", ""flat paper"", ""thin glass tubes""]",3,sciq
Which of the following describes how a microwave oven heats food?,"[""The oven's interior reflects heat onto the food."", ""The oven's interior, like a lens, focuses heat onto the food."", ""Water molecules in the food reflect energy from microwave radiation."", ""Water molecules in the food absorb the energy of microwave radiation.""]",3,arc_easy
What is the name of a group of hereditary diseases that affect the body's ability to control blood clotting?,"[""arithmya"", ""hemophilia"", ""hypertension"", ""anemia""]",1,sciq
What occurs when light bends as it passes from one type of matter to another?,"[""vibration"", ""reflection"", ""resonance"", ""refraction""]",3,sciq
What covers most of the Earth's surface?,"[""Water"", ""Bare rock"", ""Farm land"", ""Cities and towns""]",0,arc_easy
Hummingbirds gather nectar using their,"[""bills"", ""wings"", ""hands"", ""feet""]",0,openbookqa
A learned behavior,"[""newborn turtles crawling towards the sea"", ""seals clapping to the delight of an audience"", ""ducks sitting on their eggs (D) baby birds chewing worms"", ""mother dogs nursing their pups""]",1,openbookqa
"To use energy from the Sun to power household appliances, the solar energy must be converted to","[""heat energy."", ""light energy."", ""nuclear energy."", ""electrical energy.""]",3,arc_easy
How do organophostbate pesticides work?,"[""inhibiting reticulum"", ""inhibiting cryptosporidium"", ""inhibiting testosterone"", ""inhibiting acetylcholinesterase""]",3,sciq
Which metal is not solid at room temperature?,"[""silver"", ""mercury"", ""titanium"", ""aluminum""]",1,sciq
Alkenes have double bonds while alkynes have what?,"[""single bonds"", ""triple bonds"", ""quadruple bonds"", ""equal bonds""]",1,sciq
The earth's gravitational force causes the moon to do what?,"[""overlap the earth"", ""change size"", ""lose orbit"", ""orbit the earth""]",3,sciq
Intraspecific competition occurs between members of the same what?,"[""genus"", ""phylum"", ""species"", ""specimens""]",2,sciq
Where does oxygen enter the blood?,"[""in the heart"", ""in the veins"", ""in the liver"", ""in the lungs""]",3,sciq
A metal ball has a constant velocity of zero. Which other quantity must also be zero?,"[""weight of the ball"", ""energy of the ball"", ""acceleration of the ball"", ""inertia of the ball""]",2,arc_easy
if something is outside during the day then that something will receive what?,"[""astral beams"", ""steam"", ""gratitude"", ""night light""]",0,openbookqa
You are unable to naturally make yourself taller because height is determined by,"[""parents"", ""Cookies"", ""Space"", ""Eggshells""]",0,openbookqa
Most fungi can reproduce in which 2 ways?,"[""binary fission and fusion"", ""sexually and autonomously"", ""sexually and binary fusion"", ""asexually and sexually""]",3,sciq
All of the processes listed below cause changes in Earth's surface. Which of the following is the slowest to change Earth's surface?,"[""earthquake activity"", ""landslide"", ""volcanic eruption"", ""weathering""]",3,arc_easy
"What are the flattened, disk-shaped cells in blood that carry oxygen?","[""plasma"", ""platlets"", ""white blood cells"", ""red blood cells""]",3,sciq
What do you call the metal elements listed below the periodic table?,"[""rare metals"", ""shift metals"", ""process metals"", ""transition metals""]",3,sciq
An ecosystem consists of all the living things and what?,"[""nonliving environment"", ""phosphorescent environment"", ""local environment"", ""living environment""]",0,sciq
A high metabolic rate and hair are ways mammals generate and conserve what?,"[""resources"", ""heat"", ""water"", ""energy""]",1,sciq
"Marshes, swamps, and bogs are types of what?","[""grasslands"", ""rivers"", ""ponds"", ""wetlands""]",3,sciq
A monkey births live what?,"[""hares"", ""younglings"", ""rats"", ""dogs""]",1,openbookqa
"A factory is producing various items. If the factory wants to produce something that will itself produce little pollution, it could create","[""trucks"", ""windmills"", ""ships"", ""cars""]",1,openbookqa
A bicycle may be used for,"[""rain"", ""cats"", ""coffee grinding"", ""elephants""]",2,openbookqa
A thing which moves very little over quite a lot of time is a,"[""pack of wolves"", ""racing horses"", ""falling rocks"", ""giant ice brick""]",3,openbookqa
A constant and plentiful supply of oxygen is required in order to maintain a high rate of what?,"[""digestion"", ""cell division"", ""metabolism"", ""magnesium""]",2,sciq
"The head of the sperm contains what, which holds the chromosomes?","[""nerve cells"", ""nucleus"", ""eggs"", ""fiber""]",1,sciq
Alveoli can be found in which organ in the human body?,"[""Stomach"", ""Liver"", ""lungs"", ""Heart""]",2,sciq
Decaying plants and animals are important to an ecosystem because they,"[""cause disease in living organisms."", ""reduce soil erosion."", ""recycle oxygen to the air."", ""return nutrients to the soil.""]",3,arc_easy
Convection generally involves the transfer of what type of energy?,"[""sunlight"", ""radioactive"", ""magnetic"", ""thermal""]",3,sciq
The goal of this is the understand how and why things happen?,"[""science"", ""inquiry"", ""theory"", ""experience""]",0,sciq
Which of these actions causes wind?,"[""rotation of Earth on its axis"", ""movement of air from water to land"", ""uneven heating of Earth's surface"", ""air passing Earth as it revolves around the Sun""]",2,arc_easy
"What is the mass that is ""lost"" in fission or fusion actually converted to?","[""momentum"", ""energy"", ""hydrogen"", ""pressure""]",1,sciq
The basic voltaic cell variations are the dry cell and the what?,"[""lead flood battery"", ""lead storage battery"", ""lead electricity battery"", ""positive terminal""]",1,sciq
an animal is controlled by a,"[""collection of neurons"", ""friend"", ""weather condition"", ""higher power""]",0,openbookqa
What mammalian feature serves functions such as filtration and keeping the body warm?,"[""hair"", ""sensory organs"", ""sweat"", ""shivering""]",0,sciq
What helps an insectivorous plant attract and digest insects?,"[""specialized flowers"", ""specialized leaves"", ""spines"", ""special seeds""]",1,sciq
"High explosives create shock waves that exceed the speed of sound, a phenomenon that goes by what term?","[""light speed"", ""ion speed"", ""turbulence"", ""supersonic""]",3,sciq
"The term ""environment of deposition"" is useful for understanding the characteristics of what type of rock?","[""sedimentary"", ""meteor"", ""limestone"", ""glacial""]",0,sciq
Earthquake waves that travel trhough underground rocks in all directions are known as?,"[""tertiary waves"", ""primary waves"", ""secondary waves"", ""typical waves""]",2,sciq
"If the atomic mass number of an atom is 35, which statement is most accurate?","[""The atom is not an isotope."", ""The atomic number is less than 17."", ""The atom has an odd number of neutrons."", ""The number of protons does not equal the number of neutrons.""]",3,arc_easy
What do you call the fragments of cells involved in the clotting process that are suspended in blood plasma?,"[""hematocrit"", ""ironites"", ""platelets"", ""hemoglobin""]",2,sciq
What are the chemical messengers used to communicate between cells?,"[""membranes"", ""peptides"", ""hormones"", ""neurons""]",2,sciq
What is the highest temperature that water can reach in a pot on a stove?,"[""50\u00b0C"", ""90\u00b0C"", ""100\u00b0C"", ""212\u00b0C""]",2,arc_easy
"Over many generations, the resulting genetic diversity provides valuable raw material for what?","[""coral selection"", ""characteristic selection"", ""natural selection"", ""intelligent selection""]",2,sciq
What does a cell need to transform into a cancerous cell?,"[""microbes"", ""mutations"", ""adaptations"", ""parasites""]",1,sciq
"Gas, liquid, and solid describe what property of matter?","[""Chemical"", ""Physical"", ""states"", ""Quatitative""]",2,sciq
Mutualism is a symbiotic relationship in which both species do what?,"[""die"", ""suffer"", ""reproduce"", ""benefit""]",3,sciq
To observe materials up close and in greater detail we use,"[""gripping tools."", ""optical tools."", ""cutting tools."", ""polishing tools.""]",1,arc_easy
"A child smacks another child, causing hurt, which causes the smacked child to","[""play"", ""eat"", ""rejoice"", ""sob""]",3,openbookqa
"A large number of species on Earth became extinct during a short time period about 65 million years ago. Based on this pattern of extinction, which is the most likely cause?","[""gradual climate change"", ""continued climate stability"", ""sudden global climate change"", ""gradual ecosystem succession""]",2,arc_easy
"We divide up the earth's seas into five what, which are really all interconnected?","[""lakes"", ""oceans"", ""ecosystems"", ""continents""]",1,sciq
"What state of matter is characterized by tiny particles separated by large distances, which do not experience any force of attraction or repulsion with each other?","[""steam"", ""emissions"", ""gas"", ""liquids""]",2,sciq
"Meiosis, like mitosis, is preceded by the duplication of what?","[""chromosomes"", ""chloroforms"", ""neutrons"", ""ribosomes""]",0,sciq
What catalyst substances may also allow reactions to occur by different pathways that have lower activation energy?,"[""carbohydrates"", ""hormones"", ""calories"", ""enzymes""]",3,sciq
Sherry is going to use her computer to draw a three-dimensional box. She wants to be able to specify the exact dimensions and angles and to rotate the box as needed on the screen. Which of the following types of programs would Sherry most likely use for this purpose?,"[""word processing software"", ""math spreadsheet program"", ""Internet-based search engine"", ""computer-aided design program""]",3,arc_easy
A science class investigated the percentage of corn kernels that pop in bags of different brands of popcorn. Fifteen students tested three brands of popcorn each and reported their results to the class. Why did the teacher most likely have so many students report the results?,"[""for more accurate results"", ""for more student participation"", ""to help simplify the procedure"", ""to help explain the hypothesis""]",0,arc_easy
Where does most natural gas come from?,"[""recycled cooking oil"", ""oceans"", ""wells that produce petroleum"", ""alchemy""]",2,sciq
"At the time of birth, bones of the brain case are separated by what wide areas of fibrous connective tissue, which later become sutures?","[""fluctuations"", ""fontanelles"", ""sporozoans"", ""cerebellum""]",1,sciq
What is used for cooling detectors of infrared telescopes?,"[""hand nitrogen"", ""material nitrogen"", ""liquid nitrogen"", ""carbon dioxide""]",2,sciq
If a liquid disappears then what probably happened to it?,"[""gas transformation"", ""solidifying"", ""melting"", ""cooling""]",0,openbookqa
Which is an example of measuring?,"[""a fisherman using a fishing rod"", ""a runner using a pedometer"", ""a cat playing with a mouse"", ""a dog using a stick""]",1,openbookqa
A statement that describes what always happens under certain conditions in nature is also known as what?,"[""theory"", ""hypothesis"", ""scientific law"", ""scientific motion""]",2,sciq
"In mammals, hair or fur help conserve bodily what?","[""food"", ""heat"", ""water"", ""energy""]",1,sciq
A deer inherits some of its features from its parents. Other features come from its environment. Which feature would a deer most likely inherit from its parents?,"[""a long scar"", ""brown eyes"", ""missing teeth"", ""a broken antler""]",1,arc_easy
Each species has a particular way of making a living which is called its what?,"[""habit"", ""system"", ""niche"", ""life-cycle""]",2,sciq
What term is used to describe a compound that does not conduct an electric current in either aqueous solution or in the molten state?,"[""nonelectrolyte"", ""porous"", ""xerophyte"", ""kilocalorie""]",0,sciq
"Instead of insects, crustaceans are the dominant arthropods in what environment?","[""tundra habitat"", ""desert habitat"", ""marine habitat"", ""arid habitat""]",2,sciq
The difference in electric potential energy which allows for an electric charge to move from one position to another is measured by what si unit?,"[""volt"", ""joule"", ""meter"", ""ohm""]",0,sciq
The temperature at which all molecular motion has ceased is called what?,"[""0 degrees kelvin"", ""absolute zero"", ""0 degrees celcius"", ""stopping point""]",1,sciq
What thin whip-like structures help prokaryotes move toward food or away from toxins?,"[""sporangia"", ""cilia"", ""antennae"", ""flagella""]",3,sciq
Which hormones work together to control the level of glucose in the blood?,"[""insulin and estrogen"", ""serotonin and glucagon"", ""testosterone and insulin"", ""insulin and glucagon""]",3,sciq
"Most plants grow continuously, except for what periods?","[""abnormal"", ""mutant"", ""dormant"", ""winter""]",2,sciq
"Students are investigating which type of fruit attracts the most fruit flies. Equally sized pieces of ripe apple, peach, and banana are placed in separate containers. The containers allow fruit flies to enter, but the fruit flies are unable to escape. The containers are placed outside on a picnic table for two days. The most reliable method for collecting data is to count the number of fruit flies","[""on all three types of fruit every two hours"", ""on all three types of fruit after each fruit spoils"", ""on the banana on Day 1, the apple on Day 2, and the peach on Day 3"", ""on the banana after Hour 1, the apple after Hour 2, and the peach after Hour 3""]",0,arc_easy
"In the chest, the trachea divides as it enters the lungs to form the right and left what?","[""alveoli"", ""bronchi"", ""atrium"", ""ventricle""]",1,sciq
There are many different types of living cells on Earth. Which of these characteristics do all living cells have in common?,"[""require water for survival"", ""require silicon for structural support"", ""require oxygen for respiration"", ""require sunlight for photosynthesis""]",0,arc_easy
More sunlight will be absorbed by,"[""a plant with curled leaves"", ""a tree with wide, smooth leaves"", ""a rose with tiny leaves"", ""a berry bush with thin, short leaves""]",1,openbookqa
a carpenter ant requires energy for,"[""studying"", ""yoga"", ""growth"", ""patience""]",2,openbookqa
Cilia and flagella are extensions of what?,"[""plasma membrane"", ""protoplasm"", ""cell wall"", ""cell nucleus""]",0,sciq
Jeff noticed that the big dipper was in a different spot in the sky at 2am than where it was at 10pm. Why?,"[""because of the earth's orbit"", ""the stars had rotated"", ""Jeff had been instantly transported thousands of miles from where he'd been at 10pm."", ""the earth had turned""]",3,openbookqa
What type of bounded nucleus do protists have?,"[""Mitochondrion"", ""Endoplasmic reticulum"", ""membrane"", ""Ribosomes""]",2,sciq
What process enables all living things to maintain a constant internal environment?,"[""peristalsis"", ""consciousness"", ""ketosis"", ""homeostasis""]",3,sciq
What happens when water flows over a rock for a long period of time?,"[""erosion"", ""flooding"", ""breakage"", ""evaporation""]",0,arc_easy
An eagle will use their claws to catch which of the following?,"[""nuts"", ""elephant"", ""bear"", ""mouse""]",3,openbookqa
What system possesses a memory component that allows for an efficient and dramatic response upon reinvasion of the same pathogen?,"[""adaptive immune system"", ""societal immune system"", ""suggestive immune system"", ""incorporate immune system""]",0,sciq
"All animals have specialized types of what basic structures, which can then do different jobs?","[""cells"", ""muscles"", ""atoms"", ""proteins""]",0,sciq
Cells may enter a period of rest known as what?,"[""anaphase"", ""stationary phase"", ""respiration"", ""interkinesis""]",3,sciq
The mantle is a layer of the Earth; what is something other than a layer?,"[""crust"", ""inner core"", ""outer core"", ""lava pit""]",3,openbookqa
The layer of material on the bottom of the Snake River was put there by what?,"[""fish swimming"", ""weather related degradation"", ""global warming"", ""animal movement""]",1,openbookqa
As ipod sale plummet apple reports major,"[""loses"", ""raises"", ""firings"", ""gains""]",0,openbookqa
Which common oxidizing agent can be used to oxidize alcohols?,"[""potassium dichromate"", ""potassium chloride"", ""hydrogen chloride"", ""hydrogen dichromate""]",0,sciq
What is continually released during childbirth through a positive feedback mechanism and prompts uterine contractions to fetal head toward the cervix?,"[""hemoglobin"", ""insulin"", ""vasopressin"", ""oxytocin""]",3,sciq
What is the transfer of thermal energy between objects that have different temperatures?,"[""heat"", ""warm"", ""sweat"", ""humidity""]",0,sciq
Animal rights activists are against people going into forests to live and build things because that will lead to animals homes being,"[""shoes"", ""enabled"", ""TV"", ""taken away""]",3,openbookqa
The bottoms—but not the tops—of the wave slow down because of what?,"[""size"", ""friction"", ""temperature"", ""vibration""]",1,sciq
The fossil record indicates that anthropoids began diverging from other primates about how many million years ago?,"[""70"", ""50"", ""60"", ""40""]",1,sciq
The construction of Hoover Dam on the Colorado River resulted in abundant freshwater and electrical power for the region. Which of these is a disadvantage of the construction of Hoover Dam?,"[""an increase in flooding downstream"", ""an increase in regional humidity"", ""a decrease in the amount of river ecosystems"", ""a decrease in the amount of water for irrigation""]",2,arc_easy
Which human body system attacks viruses and bacteria once they have invaded the body?,"[""circulatory"", ""endocrine"", ""digestive"", ""immune""]",3,arc_easy
"Most autotrophs make their ""food"" through which process, using the energy of the sun?","[""glycolysis"", ""atherosclerosis"", ""photosynthesis"", ""oculitis""]",2,sciq
Isaac Newton is best known for his study of,"[""motion."", ""weather."", ""body systems."", ""the history of Earth.""]",0,arc_easy
The mathematical model for calculating speed is shown below. Speed = distance/time. An airplane traveled 700 kilometers in two hours during a trip. What was the average speed of the plane during the trip?,"[""5.8 kilometers per hour"", ""350 kilometers per hour"", ""1400 kilometers per hour"", ""84,000 kilometers per hour""]",1,arc_easy
Which of the following fasteners are best to use to fasten the sides of a wooden birdhouse?,"[""bolts"", ""hooks"", ""nails"", ""pins""]",2,arc_easy
A scientist observes an unusual activity while studying bacterial cells. Using scientific inquiry to investigate the activity will enable the scientist to,"[""control the behavior."", ""prove that the behavior is beneficial."", ""evaluate different explanations of the behavior."", ""conclude how the behavior will change in the future.""]",2,arc_easy
The ability that an oven has to turn ingredients into a moist cake come from its,"[""higher temps"", ""arid environment"", ""dark heat"", ""spaciousness""]",0,openbookqa
Hydrophobic interactions arise because water molecules engage in what type of bonding with other water molecules?,"[""aquatic bonding"", ""hydrogen bonding"", ""helium bonding"", ""oxygen bonding""]",1,sciq
"In animal cells, what arises from the centrosomes and includes spindle microtubules and asters?","[""Golgi apparatus"", ""ribosomes"", ""DNA helix"", ""the spindle""]",3,sciq
"Exothermic reactions, like all chemical reactions, require what to get started?","[""surface energy"", ""membrane energy"", ""specific energy"", ""activation energy""]",3,sciq
Reactive elements are able to combine more what with other elements?,"[""slowly"", ""quickly"", ""symmetrically"", ""easily""]",3,sciq
A pet with flippers is sometimes kept in a,"[""folding metal crate with door"", ""cushioned pad with round opening"", ""bean-shaped container with fake tree"", ""cage with wheel and tubes""]",2,openbookqa
Temperature and what other environmental factor are important in the activity of an enzyme?,"[""ph level"", ""shape"", ""color"", ""size""]",0,sciq
Which object used in an experiment can safely be recycled?,"[""an aluminum can"", ""a wet paper towel"", ""salt spilled onto a tabletop"", ""a broken graduated cylinder""]",0,arc_easy
What laws regulate radiation doses to which people can be exposed?,"[""medical regulation laws"", ""voltage protection laws"", ""dose regulation laws"", ""radiation protection laws""]",3,sciq
During what time period did poor air quality become a problem?,"[""Chernobyl disaster"", ""coal industry boom"", ""industrial revolution"", ""second world war""]",2,sciq
"If a bucket of water from the sea is left out in the sun for long enough, all that will eventually remain in the bucket is","[""lava"", ""chips"", ""sodium"", ""grapes""]",2,openbookqa
If a tree is separated from it's roots it will,"[""run away"", ""expire"", ""have a party"", ""get stronger""]",1,openbookqa
Competition between members of the same species is known as?,"[""interspecies competition"", ""intraspecific competition"", ""nuchal competition"", ""egregious competition""]",1,sciq
Baroreceptors in the aortic arch and carotid sinuses monitor what level in the body?,"[""hunger"", ""air intake"", ""temperature"", ""blood pressure""]",3,sciq
Why is the life cycle of plants so complex?,"[""metamorphosis"", ""pollination process"", ""asexual reproduction"", ""alternation of generation""]",3,sciq
What date is the amount of daylight minimized,"[""Jul 4th"", ""Feb 29th"", ""May 3rd"", ""Sep 1st""]",1,openbookqa
"A small creek becomes a rushing river after years of heavy rains in a particular location. In addition to the larger water source, there are also greater","[""rock fights"", ""sheep herds"", ""bunny rolls"", ""speaking deer""]",1,openbookqa
"When a balloon is rubbed against hair, why do they attract each other?","[""constantly electron charge"", ""lean electron charge"", ""opposite electron charge"", ""same electron charge""]",2,sciq
What is the weighted average of the masses of all isotopes of an element called?,"[""cell mass"", ""light mass"", ""weight mass"", ""atomic mass""]",3,sciq
Light enters the human eye through the,"[""retina."", ""pupil."", ""iris."", ""lens.""]",1,arc_easy
Herbivores and omnivores have longer alimentary canals compared to what?,"[""carnivores"", ""mammals"", ""centipedes"", ""arthropods""]",0,sciq
What is an alloy of both tin and copper?,"[""Cobalt"", ""silver"", ""bronze"", ""Aluminium""]",2,sciq
"What is the opposite of rarefaction zones, where air molecules in waves are loosely packed?","[""molecules zones"", ""compression zones"", ""measurements zones"", ""pressure wave""]",1,sciq
"Switches can be used to cease electronic energy flow, such as when","[""a button is pushed and a fan stops spinning"", ""a fridge is running loudly"", ""a freezer turns off in a power outage"", ""a light is turned on""]",0,openbookqa
Organelles whose membranes are specialized for aerobic respiration are called what?,"[""vacuoles"", ""mitochondria"", ""chloroplasts"", ""mitosis""]",1,sciq
Heterotrophs get food by eating what?,"[""plants"", ""similar organisms"", ""other organisms"", ""sand""]",2,sciq
What eats other animals for food?,"[""marlins"", ""goats"", ""rabbits"", ""elephants""]",0,openbookqa
The intentional release or spread of agents of disease is known as what?,"[""act of war"", ""pandemic"", ""disaster"", ""bioterrorism""]",3,sciq
"Changes in the color of the statue of liberty owe to oxidation-reduction reactions, or what simpler term?","[""copper"", ""oxygen"", ""immersion"", ""corrosion""]",3,sciq
Genetically modified plants with new characteristics have been produced through genetic engineering methods. What impacts have resulted from the use of genetically modified plants?,"[""decreases in farm production"", ""decreases in corn, soybean, cottonseed, and canola oils"", ""increases in time required to plant, grow, and harvest crops"", ""increases in resistance to herbicides, insects, and viral diseases""]",3,arc_easy
A vapor light produces visible light by what process?,"[""electroluminescence"", ""luminescent"", ""Solar Energy"", ""solutes""]",0,sciq
"If environmental conditions deteriorate, many species can form protective what?","[""fibers"", ""proteins"", ""shells"", ""cysts""]",3,sciq
What aspect of beryllium allows it to absorb x-rays?,"[""low atomic number"", ""relative atomic number"", ""high atomic number"", ""magnetism""]",0,sciq
"In boys, what hormone stimulates the growth of the larynx and thickening and lengthening of the vocal folds, which causes the voice to drop in pitch during puberty?","[""Sexual"", ""Endocrine"", ""testosterone"", ""Petuitary""]",2,sciq
What is defined as a phasic change in muscle tone?,"[""elasticity"", ""gastrointestinal"", ""spasticity"", ""susceptibility""]",2,sciq
What travels 9.5 trillion kilometers a year?,"[""Sound"", ""electricity"", ""air"", ""light""]",3,sciq
What is the largest object in the solar system?,"[""the orbit"", ""the sun"", ""jupiter"", ""the earth""]",1,sciq
Cells have multiple repair mechanisms to fix mutations in what?,"[""amino acid chains"", ""organ systems"", ""dna"", ""RNA""]",2,sciq
"Natural methods of asexual reproduction, such as cuttings or budding, include strategies that plants have developed to perform what?","[""multi-propagation"", ""mono-propagation"", ""self-propagation"", ""iso-propagation""]",2,sciq
A person approaching a dog from across a street can note that the dog,"[""looks tiny when nearer"", ""is minuscule in person"", ""looks more sizable after approaching"", ""looks smaller up close""]",2,openbookqa
What element enters the body when an organism breathes?,"[""oxygen"", ""water"", ""methane"", ""helium""]",0,sciq
"""red-shift"" refers to a shift toward red in the spectrum from what celestial bodies?","[""galaxies"", ""planets"", ""comets"", ""stars""]",3,sciq
Which is the most cooperative relationship between species?,"[""mutualism"", ""predation"", ""parasitism"", ""coexistence""]",0,arc_easy
the number of rings in a tree trunk can be used to estimate what?,"[""oldness"", ""starvation"", ""hydration"", ""location""]",0,openbookqa
Which of the following is true regarding the properties of an air mass?,"[""An air mass is warmer at the leading edge and cooler at the trailing edge."", ""An air mass has similar temperature and moisture properties throughout it."", ""An air mass is cooler near the edges and has greater moisture near the center."", ""An air mass has greater moisture near the edges and is cooler near the center.""]",1,arc_easy
Air flows into the lungs largely due to a difference in what?,"[""gravity"", ""pressure"", ""thrust"", ""resistance""]",1,sciq
Many families survive the winter thanks to,"[""tv"", ""AC unit"", ""furnace"", ""fridge""]",2,openbookqa
The rhino population is smaller than before because,"[""cars crashed into rhinos"", ""lions have become more effective at hunting rhinos"", ""global warming has increased temperatures"", ""people use parts for health remedies""]",3,openbookqa
How many valence electrons does helium have?,"[""Five"", ""two"", ""three"", ""six""]",1,sciq
A person in space will find a lack of something to drink if they land on,"[""Mars"", ""the earth"", ""the moon"", ""third planet""]",2,openbookqa
"What is the term for something that limits the growth or development of an organism, population, or process?","[""limiting factor"", ""stumbling block"", ""variable"", ""controlling factor""]",0,sciq
Yogurt is made from milk fermented with what type of organism?,"[""viruses"", ""bacteria"", ""algae"", ""yeast""]",1,sciq
"Of the four nerve plexuses, two are found at the cervical level, one at the lumbar level, and one at which level ?","[""cranial"", ""vascular"", ""peripheral"", ""sacral""]",3,sciq
What kind of substance will cool when it touches a cold object?,"[""warm"", ""frozen"", ""chilly"", ""cold""]",0,openbookqa
Algae produce food using what process?,"[""glycolysis"", ""cellular respiration"", ""spermatogenesis"", ""photosynthesis""]",3,sciq
Which interaction within an ecosystem is characterized by gradual change from one community of organisms to another?,"[""symbiosis"", ""food webs"", ""energy pyramids"", ""succession""]",3,arc_easy
"Meiosis and what process are both preceded by one round of dna replication; however, they differ in producing haploid or diploid daughter cells?","[""fertilization"", ""mitosis"", ""photosynthesis"", ""cloning""]",1,sciq
"Although they look like big rocks, what structures that serve as habitats for many different types of ocean life are actually alive?","[""new forming reefs"", ""natural reefs"", ""southern reefs"", ""coral reefs""]",3,sciq
"Radiation can be absorbed or shielded by materials, particularly what material used to make protective aprons worn by x-ray administrators?","[""cotton"", ""lead"", ""carbon"", ""steel""]",1,sciq
Proteins include 20 common types of what compounds?,"[""mitochondria"", ""rna acids"", ""dna"", ""amino acids""]",3,sciq
All cells have a jellylike substance in which subcellular components are suspended. what is that substance?,"[""glycerol"", ""cytosol"", ""cortisol"", ""plasma""]",1,sciq
"According to the special theory of relativity, no physical object can equal or exceed the speed of what?","[""air"", ""energy"", ""weight"", ""light""]",3,sciq
Which organisms eat only plants?,"[""producers"", ""omnivores"", ""herbivores"", ""scavengers""]",2,arc_easy
"Rain storms and blizzards can be very dangerous to drive in due to the amount of precipitation they produce, which will do what to the roads visibility?","[""make it worse"", ""Make it tasty"", ""make it better"", ""make it hot""]",0,openbookqa
Long decayed plant life would most likely fuel our,"[""nuclear power plants"", ""dogs"", ""motorcycles"", ""bodies""]",2,openbookqa
"When electrons are shared between two atoms, they make a bond called a what?","[""covalent bond"", ""ionic bond"", ""hydrogen bond"", ""metallic bond""]",0,sciq
What is the medical process of removing wastes and excess water from the blood by diffusion and ultrafiltration called?,"[""tumors"", ""digestion"", ""dialysis"", ""arthritis""]",2,sciq
"During science class, a teacher explains that the samples the students are studying are made of two or more minerals. What are the students studying?","[""gases"", ""rocks"", ""elements"", ""molecules""]",1,arc_easy
What can help you sleep soundly?,"[""torture"", ""anxiety"", ""ear plugs"", ""stress""]",2,openbookqa
"What mammalian structure allows the exchange of gases, nutrients, and other substances between the fetus and mother?","[""uterus"", ""mitochondria"", ""notochord"", ""placenta""]",3,sciq
Polar bears are best suited for,"[""colder places"", ""hotter regions"", ""Jupiter's polar caps"", ""northern desert regions""]",0,openbookqa
What do seeds have that spores do not?,"[""a supply of stored food"", ""pollenators"", ""chlorophyll"", ""DNA""]",0,sciq
"What single-celled organism can be either a predator, decomposer, herbivore, or parasite in the food chain?","[""vertebrates"", ""mites"", ""Diatoms"", ""protozoa""]",3,sciq
"If a lake begins to overflow after swelling from a storm, species within that water source likely","[""propagate"", ""stagnate"", ""crash"", ""stall""]",0,openbookqa
"During the Siberian summer, reindeer graze on young roots, fungi, grass, and other vegetation. In the cold winter months, they migrate south and rely on available, but less nutritious food, such as lichen. Increased snowfall during the entire winter in southern areas would result in reindeer having to","[""return to their summer feeding area."", ""hibernate until the snows have stopped."", ""hunt for organisms such as small rodents."", ""move to other areas to compete for resources.""]",3,arc_easy
"What type of carbons may be gases, liquids, or solids at room temperature?","[""diamonds"", ""hydrocarbons"", ""graphites"", ""amorphous""]",1,sciq
"Because collisions are ______, energy can be transferred between molecules during them.","[""conductive"", ""inelastic"", ""elastic"", ""preservative""]",2,sciq
"When a beam of light passes through a clear, convex lens, the light will mostly","[""diffract and spread out."", ""diffract and come to a focal point."", ""refract and come to a focal point."", ""refract and spread out.""]",2,arc_easy
"What shows that as the amount of food an animal eats decreases , that organism will become thinner?","[""outline of ribs is clearly visible on starving mammals"", ""thin organisms are usually invertebrates"", ""all thin animals lack proper nutrition"", ""animals that have little food are dying""]",0,openbookqa
What type of tissue is made up of cells that have the unique ability to contract?,"[""connective tissue"", ""epithelial tissue"", ""muscle tissue"", ""nervous tissue""]",2,sciq
"Along with other elements, most ores are made of what?","[""coal"", ""crystals"", ""metal"", ""sodium""]",2,sciq
"If a mouse is running in a field with a fence that will provide a shock to those that touch it, and the mouse tries to climb up it, it will most likely","[""keep doing it"", ""try it again"", ""be fatally injured"", ""enjoy the feeling""]",2,openbookqa
What kind of pipettes are suitable for measuring very small amounts of liquids?,"[""clutch pipettes"", ""macropipettes"", ""frozen pipettes"", ""micropipettes""]",3,sciq
"If a day has passed, so has","[""most of a month"", ""most of thirty hours"", ""most of a week"", ""most of a year""]",1,openbookqa
Which resource is more available due to improvements in deep-sea drilling technology?,"[""crude oil"", ""fresh water"", ""thermal energy"", ""salt reserves""]",0,arc_easy
Alkenes can react with what to form alcohols?,"[""air"", ""proteins"", ""water"", ""sugars""]",2,sciq
Who is widely known as the father of genetics?,"[""gregor mendel"", ""james watson"", ""francis crick"", ""walter gehring""]",0,sciq
What are the nonliving aspects of the environment called?,"[""abiotic factors"", ""nucleic factors"", ""antibiotic factors"", ""metastatic factors""]",0,sciq
Which is likely made of molecules?,"[""empty space"", ""an osprey"", ""one's soul"", ""nothingness""]",1,openbookqa
What is the main source of energy that drives all weather patterns?,"[""the Sun"", ""oceans"", ""the Moon"", ""mountains""]",0,arc_easy
Desalinating water from the ocean does what to nearby fish?,"[""manipulates habitat"", ""makes habitat nicer"", ""helps them out"", ""gives them money""]",0,openbookqa
What distinguishing feature predates the branching of mammals from other vertebrates?,"[""adaptation"", ""eggs"", ""teeth"", ""backbone""]",3,sciq
A student sorted mineral samples into two groups: dull and shiny. Which of the following properties did the student use to sort the mineral samples into groups?,"[""cleavage"", ""color"", ""luster"", ""streak""]",2,arc_easy
What is the sun classified as on the main sequence?,"[""shrinking star"", ""yellow dwarf"", ""gas giant"", ""red dwarf""]",1,sciq
"The extracellular matrix of most animal cells contains abundant amounts of what protein, which helps hold things together?","[""actin"", ""elastin"", ""collagen"", ""keratin""]",2,sciq
"After nitrogen becomes part of the lithosphere, what is the next change that nitrogen will undergo?","[""used as a nutrient by plants"", ""fixed by bacteria in the soil"", ""converted into oxygen"", ""absorbed into the atmosphere by lightning""]",1,arc_easy
A drinking water reservoir for a small town develops a blue-green algae bloom. The town hires a company to eliminate the problem. Which of the following should the company investigate first as a likely source of the problem?,"[""a pit where granite is ground up into gravel"", ""a neighborhood where lawn chemicals are used"", ""a junkyard where old cars are salvaged for parts"", ""a grain elevator where corn and soybeans are stored""]",1,arc_easy
A negatively-charged ion has,"[""a heavier nucleus."", ""a greater atomic mass."", ""more electrons than protons."", ""more electrons than neutrons.""]",2,arc_easy
Which would likely cause refraction?,"[""lego bricks"", ""car windshields"", ""paper"", ""lemons""]",1,openbookqa
Virtually every task performed by living organisms requires this?,"[""energy"", ""mineral"", ""metals"", ""solids""]",0,sciq
"Population growth is determined by rates of birth, death, immigration, and what else?","[""emigration"", ""relaxation"", ""exploitation"", ""excitation""]",0,sciq
What does it mean to be a diploid organism?,"[""yolk has two copies of each gene"", ""organism has two copies of each gene"", ""micelles have two copies of each gene"", ""taproot has two copies of each gene""]",1,sciq
The ratio of displacement to time interval is the average what?,"[""acceleration"", ""direction"", ""speed"", ""velocity""]",3,sciq
Who would likely need a compass?,"[""a fish"", ""a taxi driver"", ""a bobcat"", ""a seaman""]",3,openbookqa
"Scientific notation expresses a number as a what, times a power of 10?","[""fraction"", ""coefficient"", ""expression"", ""function""]",1,sciq
Energy that is released when a chemical reaction takes place is known as what?,"[""chemical energy"", ""consequence energy"", ""thermal energy"", ""liquid energy""]",0,sciq
An animal usually weighs the most if it has eaten,"[""a salad plate of food"", ""a truck full of food"", ""a dinner plate of food"", ""a barrel of food""]",1,openbookqa
"Two seismographs are placed 500 km from an active fault line, one on each side of the active fault line. During an earthquake, what most likely accounts for the different readings on the seismographs?","[""the pull of gravity on the waves"", ""the interaction of light with waves"", ""the differences in the strength of the waves' origins"", ""the different media through which the waves travel""]",3,arc_easy
What are the most successful phylum of plants?,"[""spores"", ""gymnosperms"", ""ferns"", ""angiosperms""]",3,sciq
Why do trees like oaks and walnuts depend upon squirrels?,"[""to control population size"", ""to pollinate their flowers"", ""to remove dead wood"", ""to aid in seed distribution""]",3,arc_easy
How many years can dissolved carbon be stored in the deep ocean?,"[""unknown"", ""hundreds"", ""thousands"", ""tens""]",2,sciq
"Use The Periodic Table of the Elements and the information below to answer the question. Magnesium metal (Mg) is grayish-white in color and reacts actively with water. Fluorine (F2) is a greenish-yellow gas at room temperature and is a member of the halogen family. These two elements react to produce magnesium fluoride (MgF2), a chemical commonly used in making windows and lenses. How do the elements magnesium (Mg) and fluorine (F2) produce the compound magnesium fluoride (MgF2)?","[""by nuclear connection"", ""by physically combining"", ""by magnetic connection"", ""by chemically combining""]",3,arc_easy
Shield volcanoes often form along which locations?,"[""convergent boundaries"", ""tectonic plates"", ""fault lines"", ""divergent plate boundaries""]",3,sciq
Fossil records indicate that Earth was first inhabited by bacteria-like organisms. These organisms,"[""were single-celled."", ""had organ systems."", ""were multi-cellular."", ""had small appendages.""]",0,arc_easy
Which types of compounds are more likely to burn easily?,"[""hydroxyl"", ""salty"", ""chlorophyll"", ""covalent""]",3,sciq
a byproduct of an open flame is,"[""cooking"", ""warmth"", ""cold"", ""light""]",1,openbookqa
What is the name given to anything that has mass and takes up space?,"[""matter"", ""molecule"", ""vacuum"", ""organism""]",0,sciq
What is a rigid layer that surrounds the plasma membrane of a plant cell?,"[""the nucleic wall"", ""the cell center"", ""the cell wall"", ""mitochondria""]",2,sciq
"In order to conduct what, electrons must move from the filled valence band to the empty conduction band where they can move throughout the solid?","[""heat"", ""light"", ""electricity"", ""matter""]",2,sciq
Which energy type is common enough in Nevada to make a significant contribution to the renewable energy needs of the state?,"[""coal"", ""geothermal"", ""natural gas"", ""petroleum""]",1,arc_easy
What is the process by which water moves through semi-permeable membranes from one part of the body to another?,"[""diffusion"", ""electrolysis"", ""mitosis"", ""osmosis""]",3,sciq
"If a thing is a producer of pollen and seeds, it may be located in","[""a cabinet"", ""a bag"", ""a microwave"", ""a vase""]",3,openbookqa
"Tropomyosin is a type of what, that winds around the chains of the actin filament and covers the myosin-binding sites to prevent actin from binding to myosin?","[""enzyme"", ""bacteria"", ""amine"", ""protein""]",3,sciq
"Which glands sit atop the kidneys and are composed of an outer cortex and an inner medulla, all surrounded by a connective tissue capsule?","[""gonads"", ""salivary"", ""thyroid glands"", ""adrenal""]",3,sciq
The angle of refraction depends on the index of what?,"[""frequency"", ""vibration"", ""reflection"", ""refraction""]",3,sciq
If an animal is able to reproduce then,"[""that animal has matured"", ""that animal was impregnated"", ""that animal was in heat"", ""that animal was interested""]",0,openbookqa
What do we use to keep track of electric potential energy?,"[""temperature"", ""amperage"", ""voltage"", ""wattage""]",2,sciq
"Humans cannot digest what primary structural material of plants, which is one of the most abundant organic substances on earth?","[""sulfur"", ""cellulose"", ""zinc"", ""carbonate""]",1,sciq
"Whether the organism is a bacterium, plant, or animal, all living things access energy by breaking down these?","[""lipid molecules"", ""protein molecules"", ""carbohydrate molecules"", ""oxygen molecules""]",2,sciq
Magma contains,"[""particles of iron"", ""Loads of leaves"", ""Soda"", ""Silly Putty""]",0,openbookqa
"Unlike prokaryotes, eukaryotes have a what?","[""cell nucleus"", ""cell wall"", ""mitochondria"", ""flagellum""]",0,sciq
Energy is lost as heat between each trophic level due to the second law of what?,"[""reactions"", ""particles"", ""chemistry"", ""thermodynamics""]",3,sciq
Temporal and spatial summation at the axon hillock determines whether a neuron generates what?,"[""action potential"", ""change potential"", ""false potential"", ""hidden potential""]",0,sciq
Which amino acid do organisms incorporate into their proteins?,"[""arginine"", ""peptide"", ""glutamate"", ""histone""]",0,sciq
What is the source of air?,"[""humans"", ""space"", ""chemistry"", ""nature""]",3,openbookqa
An earthworm was placed on top of a thick layer of moist topsoil in a pan. The pan was placed in a room with the lights on. How did the earthworm most likely respond to these conditions?,"[""by burrowing under the soil"", ""by crawling around in the pan"", ""by staying where it was placed"", ""by trying to crawl out of the pan""]",0,arc_easy
Bacteria may divide several what an hour?,"[""times"", ""hosts"", ""days"", ""cells""]",0,sciq
the alps were formed by rock what?,"[""growing"", ""melting"", ""erupting"", ""creasing""]",3,openbookqa
Why is the drift velocity negligible?,"[""shows free charges"", ""many free charges"", ""need free charges"", ""less free charges""]",1,sciq
How many meters deep does the photic zone extend?,"[""400"", ""100"", ""200"", ""900""]",2,sciq
The building of a hotel caused many species to be,"[""acclimated"", ""celebrated"", ""hunted"", ""destroyed""]",3,openbookqa
A student practicing for the outdoor track team begins to sweat. To what stimulus is the body responding?,"[""an increase in heart rate"", ""an increase in body temperature"", ""an increase in oxygen demand"", ""an increase in breathing rate""]",1,arc_easy
"As lava cools, tiny iron-rich crystals line up with earth’s what?","[""gravitational field"", ""magnetic field"", ""molecular field"", ""oceans""]",1,sciq
The energy in sunlight is also known as what kind of energy?,"[""kinetic energy"", ""solar energy"", ""geothermal energy"", ""potential energy""]",1,sciq
Which process results in the formation of a new cell with a full set of chromosomes?,"[""respiration"", ""digestion"", ""fertilization"", ""evolution""]",2,arc_easy
What is the study of the vital statistics of populations and how they change over time?,"[""sociology"", ""demography"", ""anthropology"", ""ethnography""]",1,sciq
A car engine is a source of heat and therefore needs,"[""radiator fluid"", ""water added"", ""wiper fluid"", ""gasoline""]",0,openbookqa
What are two ways cnidarians are able to reproduce?,"[""asexually and sexually"", ""spawning and sexual"", ""internally and externally"", ""mitosis and meiosis""]",0,sciq
Oxygen reaches what veinless part of the eye by diffusing through its tear layer?,"[""retina"", ""pupil"", ""cornea"", ""membranes""]",2,sciq
"What process does not cause a rock to melt completely, instead causing the minerals to change by heat or pressure?","[""sedimentation"", ""oxidation"", ""metamorphism"", ""igneous extrusion""]",2,sciq
What does a pollinator pick up from its body and carry directly to another plant of the same species?,"[""pollen"", ""pathogen"", ""seed"", ""spore""]",0,sciq
What type of logic can lead to important conclusions from the collecting and analyzing of observations?,"[""gravitational reasoning"", ""primitive reasoning"", ""conductive reasoning"", ""inductive reasoning""]",3,sciq
"Chromatin condenses into chromosomes during prophase, the first and longest phase of what process?","[""mitosis"", ""apoptosis"", ""meiosis"", ""reproduction""]",0,sciq
What constitutes a frog's diet?,"[""it eats all plants"", ""it will eat dogs"", ""it only eats burgers"", ""it chomps on insects""]",3,openbookqa
Mercury looks a lot like earth's moon. why do you think it does? both have been struck by a lot of what?,"[""floods"", ""waves"", ""particles"", ""asteroids""]",3,sciq
"Mechanisms for establishing cellular asymmetries include morphogen gradients, localized determinants, and what other type of interactions?","[""reductive"", ""inductive"", ""electromagnetic"", ""conductive""]",1,sciq
"Oscar and Andre used a microscope to observe a sample of pond water and drew an example of each type of organism they saw. Then they compared their drawings. They discovered that their drawings of a euglena and a paramecium were alike, but their amoeba drawings had very different shapes. What are two things that Oscar's amoeba could have been doing that made his drawing look different from Andre's?","[""eating and moving"", ""moving and digesting"", ""digesting and excreting"", ""excreting and eating""]",0,arc_easy
Ethers readily dissolve what type of molecules?,"[""non-polar"", ""lipids"", ""polar"", ""proteins""]",0,sciq
What is the color of the powder of a mineral called?,"[""dye"", ""pigment"", ""streak"", ""hue""]",2,sciq
A thing that is near a running wood stove will discover when touching the stove,"[""that it is cool"", ""that it is safe"", ""that it is chilly"", ""that it will sear""]",3,openbookqa
What has revolutionized human society over the past several decades?,"[""computer technology"", ""food technology"", ""flight technology"", ""travel technology""]",0,sciq
Which of the following best describes the number of chromosomes in a normal human liver cell?,"[""23 pairs of chromosomes"", ""46 different types of chromosomes"", ""46 male chromosomes and 46 female chromosomes"", ""23 original chromosomes and 23 duplicate chromosomes""]",0,arc_easy
Where do cells come from?,"[""sexual reproduction"", ""mutations"", ""nuclear fission"", ""preexisting cells""]",3,sciq
Earthquakes and volcanic eruptions occur both on land and in water. Earthquakes and volcanic eruptions most often occur,"[""near plate boundaries"", ""on large pieces of land"", ""in large bodies of water"", ""in regions near the equator""]",0,arc_easy
What type of vertebrates are birds?,"[""epidermal tetrapod"", ""endothermic tetrapod"", ""exothermic"", ""invertebrates""]",1,sciq
Which veins return oxygen-rich blood from the lungs to the heart?,"[""jugular"", ""varicose"", ""respiratory"", ""pulmonary""]",3,sciq
"A red flowered plant (RR) is crossed with a white flowered plant (WW) and produces plants with pink flowers (RW). If two pink flowered plants are crossed, what color offspring could be produced?","[""red, white, and pink"", ""red and white"", ""pink and red"", ""pink and white""]",0,arc_easy
Earlier in their lives many amphibians ate,"[""meat"", ""flies"", ""beetles"", ""algae""]",3,openbookqa
A bush that has water being moved around inside is doing so due to,"[""pipes"", ""rubber"", ""irrigation"", ""xylem""]",3,openbookqa
What occurs as a result of the discharge of static electricity?,"[""thunder"", ""lightning"", ""drought"", ""clouds""]",1,sciq
What evidence is there that the gravitational pull of the Moon has a direct effect on Earth?,"[""climate variations"", ""change of seasons"", ""number of earthquakes"", ""changes in tidal ranges""]",3,arc_easy
Which would most rely on a coal-fire power station?,"[""a nuclear sub"", ""the space shuttle"", ""a locomotive"", ""a solar panel""]",2,openbookqa
Which cycle tracks the flow of nitrogen through an ecosystem?,"[""nitrogen reaction"", ""nitrogen cycle"", ""life cycle"", ""water cycle""]",1,sciq
What occurs after gametes fuse and form a diploid zygote?,"[""transcription"", ""meiosis"", ""reproduction"", ""electrolysis""]",1,sciq
An area of dirt may have rivets in it depending on,"[""if soil is piled up"", ""if there is more soil"", ""if soil has been altered"", ""if soil has been added""]",2,openbookqa
A teacher asks her students to examine titles of four scientific articles. Which titled article is specifically about a chemical change?,"[""How Baking Soda Reacts With Vinegar"", ""How Rust Can Be Scraped off of Metal"", ""How Metals Respond to Electrical Currents"", ""How Elements Can Change Phase When Heated""]",0,arc_easy
"The Piedmont and Coastal Plains regions in Maryland produce crops such as corn, soybeans, wheat, tobacco, tomatoes, and apples. Which environmental factor most likely influences which crops are grown in these regions?","[""soil quality"", ""wind speeds"", ""bird migration"", ""water temperature""]",0,arc_easy
Which gland is located in the sella turcica of the sphenoid bone within the cranial floor?,"[""mammalian gland"", ""pituitary gland"", ""glucose gland"", ""thyroid gland""]",1,sciq
"If the source of a bean is very far away, and the bean becomes a source for another, separate bean, then the original bean was","[""a bad seed"", ""a dispersed seed"", ""a fresh shell"", ""a meaty liver""]",1,openbookqa
Mammalian sex determination is determined genetically by the presence of chromosomes identified by what letters?,"[""a and b"", ""x and y"", ""y and z"", ""rna and dna""]",1,sciq
Which of these are both supplied to Earth by the Sun?,"[""coal and oil"", ""heat and light"", ""friction and electricity"", ""gravity and magnetism""]",1,arc_easy
Which property of diamond makes it so hard?,"[""non-covalent bonds"", ""metal-metal bonds"", ""carbon bonds"", ""chemical bonds""]",3,sciq
What bonds form when pairs of electrons are shared?,"[""ionized bonds"", ""neutron bonds"", ""dissonance bonds"", ""covalent bonds""]",3,sciq
What is the most common bacterial sti in the u. s.?,"[""chlamydia"", ""tuberculosis"", ""influenza"", ""diarrhea""]",0,sciq
"In your body, what two organs work together to make sure that oxygen gets to all the other organs of your body?","[""Lungs and kidneys"", ""Heart and lungs"", ""Brain and kidneys"", ""Heart and liver""]",1,arc_easy
Yolk is a very fragile substance found in the eggs of reptiles and needs protection.  what serves as protection for the yolk?,"[""yolk sac"", ""dish sac"", ""eye sac"", ""fish sac""]",0,sciq
Several dinosaur bones are discovered buried in volcanic ash. The type of dinosaur can best be identified by,"[""knowing the location where the fossils were found."", ""establishing an inventory of bones collected."", ""comparing to characteristics of known dinosaurs."", ""knowing the absolute age of the fossils.""]",2,arc_easy
Comparisons of amino acid sequences can shed light on the evolutionary divergence of what?,"[""mammals"", ""dinosaurs"", ""related species"", ""birds""]",2,sciq
What may have been formed by a volcano?,"[""Mt. McKinley"", ""Lake Pontchartrain"", ""The great lakes"", ""Niagara Falls""]",0,openbookqa
"Temperature, water, soil, and air are examples of nonliving factors of an ecosystem, also termed what?","[""abiotic factors"", ""conditional factors"", ""diverse factors"", ""nucleic factors""]",0,sciq
Which of the following is powered the same way an electric car is?,"[""a bicycle"", ""a motorcycle"", ""a propane grill"", ""a blender""]",3,openbookqa
Once we use all the aluminum in the world we can get more by,"[""Impossible"", ""Watering the grass"", ""building a dam"", ""Planting soda cans""]",0,openbookqa
"The ovaries produce estradiol and progesterone, which cause secondary sex characteristics and prepare the body for?","[""breathing"", ""adulthood"", ""movement"", ""childbirth""]",3,sciq
Some plants open their leaves during the day to collect what?,"[""moisture"", ""sunlight"", ""energy"", ""precipitation""]",1,sciq
What type of treatment is necessary for anaphylaxis?,"[""outpatient"", ""allergy shot"", ""intensive care"", ""emergency""]",3,sciq
Oxygen is an element in what form of matter?,"[""gas"", ""solid"", ""plasma"", ""liquid""]",0,sciq
The purpose of scientific investigations generally is to test a what?,"[""hypothesis"", ""question"", ""suggestion"", ""theory""]",0,sciq
Which of the following would have best aided a vessel at sea in crossing the sea in the 18th century?,"[""A radar system"", ""An old soothsayer"", ""An experienced navigator"", ""A crow's nest""]",2,openbookqa
What three primary colors of light can be distinguished by the human eye?,"[""blue, red, orange"", ""yellow, green, blue"", ""red, green, blue"", ""red, green, yellow""]",2,sciq
"A student wrote the following claim on a homework assignment: ""Eukaryotic cells need more lipids than prokaryotic cells."" Which statement below provides the BEST support for her claim?","[""Eukaryotic cells have a nucleus."", ""Eukaryotic cells make up multicellular organisms."", ""Eukaryotic cells contain membrane-bound organelles."", ""Eukaryotic cells perform cellular respiration.""]",2,arc_easy
What kind of radiation is observed in honeycreeper birds?,"[""adaptive"", ""symbiotic"", ""destructive"", ""spontaneous""]",0,sciq
tuna swim extremely fast to catch,"[""sharks"", ""kelp"", ""anchovies"", ""starfish""]",2,openbookqa
What happens when man moves into new environments?,"[""native species go wild"", ""native species thrive more"", ""native species grow large"", ""native species loses home""]",3,openbookqa
What are hydrocarbons that contain only single bonds between carbon atoms called?,"[""caloric hydrocarbons"", ""unsaturated hydrocarbons"", ""carcinogenic hydrocarbons"", ""saturated hydrocarbons""]",3,sciq
Which season is it for Australians in July?,"[""Spring"", ""Fall"", ""Winter"", ""Summer""]",2,openbookqa
What type of inheritance controls blood types in humans?,"[""incomplete dominance"", ""polygenic inheritance"", ""multiple alleles"", ""recessive genes""]",2,arc_easy
"While similar to insects, what eight-legged invertebrates lack antennae or wings?","[""spiders"", ""arachnids"", ""crustaceans"", ""reptiles""]",1,sciq
What type of animals breathe with gills as larvae and with lungs as adults?,"[""insects"", ""reptiles"", ""amphibians"", ""mammals""]",2,sciq
What is cytology.,"[""the study of cancers"", ""the study of cell structure"", ""the study of plants"", ""the study of atomic structure""]",1,sciq
"If a tree is being discussed and those talking want to know its age, they will","[""think about it"", ""bury it"", ""look at leaves"", ""look inside it""]",3,openbookqa
Which of these is a place where a human might live?,"[""igloo"", ""cloud"", ""Mars"", ""the Moon""]",0,openbookqa
"If the number of trees significantly decreases, the atmosphere's level of which gas might significantly increase?","[""nitrogen"", ""carbon dioxide"", ""carbon monoxide"", ""hydrogen""]",1,arc_easy
What is the most important source of electromagnetic waves on earth?,"[""clouds"", ""the ocean"", ""the sun"", ""the moon""]",2,sciq
"Cirrus, stratus, and cumulus are the main types of what?","[""weather"", ""storms"", ""clouds"", ""climate""]",2,sciq
Which theory explains how materials can collide and become new materials?,"[""pileup theory"", ""collision theory"", ""rupture theory"", ""disturbance theory""]",1,sciq
Which disease is correctly paired with the cause of the disease?,"[""athlete's foot - fungi"", ""malaria - viruses"", ""influenza - bacteria"", ""pneumonia - protists""]",0,arc_easy
Which likely would be considered in drought conditions?,"[""a tundra without water"", ""a desert without water"", ""a house without water"", ""a lake without water""]",3,openbookqa
Which is the most important reason for scientists to publish their data and findings that result from a scientific investigation?,"[""to become famous"", ""to get paid for their research"", ""to allow other scientists to try to replicate their results"", ""to gain respect from their peers in the scientific community""]",2,arc_easy
A heavy glacier moving across a continent affects what's underneath it by,"[""compaction"", ""salt tectonics"", ""arctic foxes"", ""exfoliation""]",0,openbookqa
What is the most abundant biochemical compound?,"[""soil"", ""methane"", ""tissue"", ""cellulose""]",3,sciq
"Biochemical compounds that include sugars, starches, and cellulose are examples of what?","[""electrolytes"", ""lipids"", ""carbohydrates"", ""proteins""]",2,sciq
Which statement describes the weather when water droplets in clouds become heavy and the temperature is 20°C (68°F)?,"[""It is clear and breezy."", ""It is raining."", ""It is snowing."", ""It is sunny and clear.""]",1,arc_easy
The nervous system is made up of these?,"[""neurons"", ""blood cells"", ""muscles"", ""fibers""]",0,sciq
Electronegativity is a qualitative measure of how much an atom attracts what in a covalent bond?,"[""neutrons"", ""electrons"", ""isotopes"", ""protons""]",1,sciq
The bending of a wave around the edges of an opening or an obstacle is called this?,"[""reflection"", ""sputtering"", ""absorption"", ""diffraction""]",3,sciq
Which of the following laboratory practices should be avoided?,"[""pouring water into an acid"", ""pouring a base into water"", ""pouring water into alcohol"", ""pouring alcohol into a base""]",0,arc_easy
Chemical and solar cells are devices that change chemical or light energy to what?,"[""cellular"", ""occurring energy"", ""electrical energy"", ""temperature energy""]",2,sciq
Which stage is specialized for dispersal & reproduction?,"[""fetal stage"", ""larval stage"", ""cocoon stage"", ""adult stage""]",3,sciq
A leaf absorbs sunlight to perform photosynthesis until,"[""a lounge chair obstructs the solar rays"", ""solar lights line a path"", ""solar panels are placed on the roof"", ""solar tea is served in the garden""]",0,openbookqa
What is the name for birds that live on water like ducks?,"[""gamefowl"", ""guineafowl"", ""waterfowl"", ""landfowl""]",2,sciq
Water plus other substances makes what?,"[""oil"", ""solution"", ""element"", ""mixture""]",1,sciq
In which way do particles of water move in deep water?,"[""currents"", ""parabolas"", ""circles"", ""ellipses""]",2,sciq
Glucose is an example of what simple carboyhydrates with relatively few carbon atoms?,"[""sugars"", ""mixtures"", ""acids"", ""solvents""]",0,sciq
Which body system is directly threatened when bacteria infect the lungs?,"[""muscular"", ""nervous"", ""respiratory"", ""excretory""]",2,arc_easy
the ring of fire is made up of,"[""kelp"", ""immersed lava vents"", ""marshmallows"", ""ice formations""]",1,openbookqa
"Using what the surface of the Earth is made of, you could build","[""a tire"", ""computer"", ""a castle"", ""a telephone""]",2,openbookqa
"During the typical human female ovulation cycles, how many eggs are released?","[""four"", ""two"", ""one"", ""three""]",2,sciq
Where in the world will a person have the smallest shadow at noon?,"[""the arctic circle"", ""the south pole"", ""the north pole"", ""near the equator""]",3,openbookqa
An object can be seen if it reflects light toward what?,"[""visual organ"", ""eye spy"", ""feet"", ""brain""]",0,openbookqa
"The human body is made up of several systems. The mouth, esophagus, and stomach are all parts of which system?","[""circulatory"", ""digestive"", ""nervous"", ""skeletal""]",1,arc_easy
What is the union of the cytoplasms of two parent mycelia known as?,"[""plasmogamy"", ""spirogyra"", ""xerophyte"", ""plasmology""]",0,sciq
Smoking can also effect what besides themselves,"[""wizards"", ""space"", ""Jonny and Susie"", ""unicorns""]",2,openbookqa
What does the stomach produce to help digest food?,"[""acetic acid"", ""lactic acid"", ""hydrochloric acid"", ""amino acid""]",2,sciq
What does the megaspore mother cell produce after meiosis division?,"[""four diploid megaspores"", ""two diploid megapores"", ""two haploid megaspores"", ""four haploid megaspores""]",3,sciq
"A snowball is made the exact size of a golf ball. Both the golf ball and the snowball are dropped from the same height onto a concrete sidewalk. The snowball breaks, but the golf ball bounces. Which of the following best describes a reason for the difference in reaction of the two balls?","[""The snowball is colder than the golf ball."", ""The snowball is less dense then the golf ball."", ""The effects of friction are greater on the golf ball."", ""The effects of Earth's gravity are greater on the snowball.""]",1,arc_easy
Corals build hard exoskeletons that grow to become what?,"[""algae"", ""stability reefs"", ""fungi"", ""coral reefs""]",3,sciq
A crater can usually be found on the top of what kind of volcanoes?,"[""Shield"", ""composite"", ""Compound"", ""Dome""]",1,sciq
During a thunderstorm an animal is most likely going to relocate to a,"[""cave"", ""beach"", ""mountain"", ""pond""]",0,openbookqa
"Machines are often full of moving parts that rub against each other. In machines, a lubricant such as oil is often applied to these moving parts. Why is this oil necessary?","[""to enhance the effectiveness of friction"", ""to increase the efficiency of the machine"", ""to provide an additional source of energy"", ""to produce more thermal energy on the machine""]",1,arc_easy
What system of the body uses amylase and pepsin in its functioning?,"[""respiratory system"", ""digestive system"", ""hormonal system"", ""circulatory system""]",1,sciq
Which muscular organ pumps blood all around your body?,"[""stomach"", ""lungs"", ""heart"", ""pancreas""]",2,sciq
How many dimensions can humans see in?,"[""five"", ""two"", ""three"", ""one""]",2,sciq
What kind of resource is soil?,"[""renewable"", ""finite"", ""viable"", ""nonrenewable""]",0,sciq
Two parent butterflies with normal wings have offspring with altered wing shapes. What most likely caused this change?,"[""speciation"", ""an adaptation"", ""natural selection"", ""a genetic mutation""]",3,arc_easy
Sydney is learning about the sources of energy that can run out. Which energy source will run out the fastest?,"[""flowing water"", ""natural gas"", ""sunlight"", ""wind""]",1,arc_easy
Which of the following is not passed from parents to children?,"[""hair color and freckles"", ""a scar on the knee"", ""the need to breathe air"", ""the ability to roll the tongue""]",1,arc_easy
"An astronomer and a marine biologist were having lunch and discussing their current experiments. They discovered that although they investigate different areas of science, they most likely use the same","[""scientific tools used in experiments."", ""publications for conducting research."", ""scientific method to test hypotheses."", ""locations for conducting their experiments.""]",2,arc_easy
At what time would a person feel the most heat outside?,"[""noon"", ""midnight"", ""morning"", ""evening""]",0,openbookqa
The nail bed is a specialized structure of the epidermis that is found at the tips of our what?,"[""fingers, nails, and scalp"", ""fingers and toes"", ""only fingers"", ""only nails""]",1,sciq
Tar sands are rocky materials mixed with what?,"[""shale"", ""very thick oil"", ""magma"", ""coal""]",1,sciq
What bifurcates into the right and left bronchi in the lungs?,"[""neck"", ""aorta"", ""cornea"", ""trachea""]",3,sciq
The skeletal system protects,"[""pancreas"", ""toenails"", ""eyes"", ""hair""]",0,openbookqa
What is the term for the moles of solute divided by the kilograms of solvent?,"[""molar solvency"", ""molality"", ""kilocalorie"", ""molar weight""]",1,sciq
"By applying salt to an icy road, the melting point of the ice is what?","[""decreased"", ""compounded"", ""increased"", ""concentrated""]",0,sciq
Most air masses form over what two types of regions?,"[""arctic and marine"", ""polar and arctic"", ""marine and tropical"", ""polar and tropical""]",3,sciq
Proteins are organic compounds made up of what type of acids?,"[""nucleic"", ""enzyme"", ""lactic"", ""amino""]",3,sciq
"Friendly bacteria live mostly in the large intestine and part of the small intestine, because what organ is too acidic?","[""skin"", ""stomach"", ""liver"", ""rectum""]",1,sciq
What are the three types of symbiotic relationships?,"[""mutualism, communalism, parasitism"", ""symbiosis , communalism , parasitism"", ""altruism, conservatism, communalism"", ""pledgism, truism, greenism""]",0,sciq
The piping plover is a bird that builds its nest on sand dunes along the Atlantic Ocean. Which of these actions most likely damages the nests of the piping plover?,"[""people fishing from a boat"", ""children playing in the ocean waves"", ""children digging holes along the sand dunes"", ""people walking on a sidewalk along the sand dunes""]",2,arc_easy
Earth can be viewed as an engine and heat exchange is part of the engine system. Which would be an example of a transfer of energy from the atmosphere to the lithosphere?,"[""A volcano erupts in the state of Washington."", ""An earthquake takes place off the coast of Japan."", ""A wild fire scorches a prairie in the upper Midwest."", ""A hurricane moves from the Gulf of Mexico onto land.""]",3,arc_easy
What is calculated by subtracting the smallest value from the largest value?,"[""the sample"", ""the density"", ""the range"", ""the median""]",2,sciq
"In the 20th century, Edwin Hubble deduced from observations that there are galaxies other than the Milky Way. Hubble's observations depended on improvements in a technology first developed by which scientist?","[""Democritus"", ""Isaac Newton"", ""Galileo Galilei"", ""Anton Van Leeuwenhoek""]",2,arc_easy
Processes in the food chain begin with,"[""leafy flora"", ""purple horseshoes"", ""yellow bees"", ""breakfast""]",0,openbookqa
What is a measure of the size of sound waves?,"[""amplitude"", ""wavelength"", ""frequency"", ""voltage""]",0,sciq
Some processes that shape Earth's surface are slow. Other processes are rapid. Which statement describes a rapid change?,"[""Glaciers melt and form rivers."", ""Wind weathers rocks into sand."", ""Earthquakes move land and rocks."", ""Rivers carry sediment and build deltas.""]",2,arc_easy
What is a defining feature of deformed sedimentary rocks?,"[""not horizontal"", ""only horizontal"", ""not magnetic"", ""not solid""]",0,sciq
Which animal is warm blooded?,"[""salamander"", ""toad"", ""parakeet"", ""tadpole""]",2,openbookqa
Many things happen when the seasons change. One example is when plants go from big and bloomed to,"[""space"", ""bigger"", ""dead"", ""gigantic""]",2,openbookqa
What is a type of solid that lacks an ordered internal structure?,"[""ice"", ""an amorphous solid"", ""an elastic solid"", ""a sponge""]",1,sciq
What is the transfer of thermal energy between particles of matter that are touching called?,"[""convection"", ""conduction"", ""radiation"", ""activation""]",1,sciq
What do we call the only light that people can see?,"[""visible light"", ""spectral light"", ""natural light"", ""wave light""]",0,sciq
"Studies of snail fossils in Egypt indicate that areas of Egypt that are now desert were once thriving savannahs approximately 130,000 years ago. What does the presence of these fossils indicate about the area of Egypt that was thriving 130,000 years ago?","[""There was more humidity in the air."", ""There were fewer nutrients in the soil."", ""There was more snowfall in the region."", ""There was less solar radiation in the region.""]",0,arc_easy
"If acorns are moved around a neighborhood, then the most reasonable culprit is","[""snakes"", ""ferrets"", ""sharks"", ""bees""]",1,openbookqa
"Further transformation occurs during organogenesis, the formation of what?","[""organs"", ""muscles"", ""bones"", ""arteries""]",0,sciq
Species distributions are a consequence of both ecological and evolutionary what?,"[""fluctuations"", ""particles"", ""interactions"", ""isolation""]",2,sciq
What two forces tend to keep an animal stationary and thus oppose locomotion?,"[""friction and gravity"", ""thickness and gravity"", ""stength and gravity"", ""workload and gravity""]",0,sciq
What is the source of energy for life on earth?,"[""rivers"", ""planets"", ""astral star"", ""mountains""]",2,openbookqa
"In cellular respiration, glucose is broken down and what is made?","[""chlorophyll"", ""atp"", ""rna"", ""simple sugars""]",1,sciq
The formation of an ionic bond involves the,"[""transfer of electrons."", ""sharing of neutrons."", ""transfer of neutrons."", ""sharing of protons.""]",0,arc_easy
What is the term for many different types of animals within the same species?,"[""pollution"", ""habitat"", ""diversity"", ""differentiation""]",2,sciq
The condition of the air outdoors at a certain time of day is known as,"[""friction"", ""light"", ""force"", ""weather""]",3,arc_easy
"Mitosis and meiosis are two types of what process, with dramatically different products?","[""cell division"", ""cell solution"", ""cell diffusion"", ""cell transition""]",0,sciq
Diamonds are made and dispersed by,"[""volcanoes"", ""gypsies"", ""giants"", ""clouds""]",0,openbookqa
An animal would have its inner parts better protected if it had which of these?,"[""a backpack on its back"", ""a calcium fortified internal structure"", ""none of these"", ""a shell of cotton""]",1,openbookqa
Which of the following likely make up a path for electrical energy to travel to a device?,"[""steel or copper"", ""rice or beans"", ""peaches or cream"", ""cotton and solar""]",0,openbookqa
Owls are likely to hunt at,"[""3pm"", ""2am"", ""6pm"", ""7am""]",1,openbookqa
What tube carries urine out of the body?,"[""urethra"", ""uterus"", ""kidney"", ""fallopian tube""]",0,sciq
What can occur during periods of heavy rain?,"[""volcanoes"", ""floods"", ""earthquakes"", ""glaciers""]",1,sciq
What type of x-linked trait is color blindness?,"[""conscientiousness trait"", ""dominant"", ""predominant"", ""recessive""]",3,sciq
About one-third of the human cerebral cortex is dedicated to analyzing and perceiving information related to what sense?,"[""vision"", ""touch"", ""taste"", ""hearing""]",0,sciq
"Coal, oil, and natural gas are examples of what, which forms when organic matter is under pressure for millions of years?","[""complex carbohydrates"", ""fossil fuels"", ""nuclear fission"", ""solar fuels""]",1,sciq
Most hybrids are sterile because what genetic structures are not homologous and cannot pair during meiosis?,"[""zygotes"", ""chromosomes"", ""phenotypes"", ""ribosomes""]",1,sciq
"Speciation, convergent evolution, and coevolution are types of what process?","[""devolution"", ""macroevolution"", ""microevolution"", ""systemic evolution""]",1,sciq
"When entire communities in an ecosystem change over time, it is known as","[""migration."", ""extinction."", ""overpopulation."", ""ecological succession.""]",3,arc_easy
"Just under their skin, marine mammals have a very thick layer of insulating fat called what?","[""tissue"", ""lipisomes"", ""cellulose"", ""blubber""]",3,sciq
Why will water balloons launched into the air eventually burst?,"[""expansion"", ""momentum"", ""friction"", ""heat""]",0,sciq
The alimentary canal is associated with what organ system?,"[""digestive"", ""nervous"", ""cardiovascular"", ""respiratory""]",0,sciq
A skunk produces a bad what?,"[""job"", ""plastic"", ""energy"", ""nose experience""]",3,openbookqa
"Benjamin Franklin invented many different things. Among his inventions were bifocal glasses, the lightning rod, and a type of iron stove. Which personal quality most likely led to the invention of these things?","[""humor"", ""honesty"", ""curiosity"", ""leadership""]",2,arc_easy
Tree rings can,"[""indicate how often the tree needs pruning"", ""tell you what year a tree was planted"", ""tell you how tall a tree is"", ""indicate the year the tree will die""]",1,openbookqa
In the desert it was harder to find a,"[""stream"", ""cactus"", ""dry bed"", ""canyon""]",0,openbookqa
"This calcification prevents diffusion of nutrients into the matrix, resulting in what dying and the opening up of cavities in the diaphysis cartilage?","[""chondrocytes"", ""phytocytes"", ""keratinocytes"", ""nanoparticles""]",0,sciq
"When pressure is released along a fault line, the energy produced spreads as mechanical waves in the form of an earthquake. The mechanical waves transferred to the air become","[""sound."", ""electricity."", ""light."", ""heat.""]",0,arc_easy
An example of an electrical conductor could be,"[""wood"", ""ice"", ""coin"", ""rubber""]",2,openbookqa
"Dr. Wagner is investigating a newly discovered, disease-causing agent. She determines that one structure in the agent is double-stranded RNA. What kind of agent is Dr. Wagner studying?","[""a virus"", ""a protist"", ""a fungus"", ""a bacterium""]",0,arc_easy
Which resource is considered nonrenewable?,"[""wind power"", ""solar energy"", ""moving water"", ""fossil fuels""]",3,arc_easy
What are the building blocks of life?,"[""muscles"", ""cells"", ""bricks"", ""seeds""]",1,sciq
What is a good example of camouflage?,"[""when a creature adjusts the shape and color of its body to appear as something else"", ""when a rabbit hides in a patch of grass"", ""when a cat presses its body flat to the ground to hide"", ""when a fish swims with a large group of fish to hide itself""]",0,openbookqa
crops need to be switched on a continual basis why?,"[""the animal habitats"", ""for more pests"", ""bees and birds"", ""more wanted vitamins""]",3,openbookqa
"A male bird spots a female of his species and begins a fancy dance, flashing his bright feathers around in the air, showing off. This male is attempting to procure","[""a manager"", ""an agent"", ""a meal"", ""a reproductive companion""]",3,openbookqa
A hermit crab may find good protection from elements in,"[""a mountain lion"", ""a sky color"", ""a stone configuration"", ""a mouse carcass""]",2,openbookqa
The rocks that form most of the Sierra Nevada are granitic rocks. This means that the mountains were most likely formed by,"[""strike-slip faults."", ""transform boundaries."", ""volcanic activity."", ""land subsidence.""]",2,arc_easy
What kind of energy causes evaporation?,"[""hotness"", ""sound"", ""cold"", ""kinetic""]",0,openbookqa
What helps represent age-sex structure of the population?,"[""population pyramid"", ""density graph"", ""biome model"", ""habitat chart""]",0,sciq
The sum of the masses of the atoms in the formula is referred to as what?,"[""nucleus mass"", ""magnetic mass"", ""atomic mass"", ""molecular mass""]",3,sciq
"If a thing is going to be a planet, it must orbit in a certain amount of time, which can exclude","[""mercury"", ""the ninth planet"", ""the third planet"", ""venus""]",1,openbookqa
Rocks and minerals are common materials found on Earth. Which property do most rocks and minerals share?,"[""They are pure."", ""They are solid."", ""They are liquid."", ""They are magnetic.""]",1,arc_easy
Which substance do all living things require to survive?,"[""blood"", ""water"", ""carbon dioxide"", ""organic soil""]",1,arc_easy
What do you get by multiplying volume by the density of water?,"[""velocity of water"", ""temperature of water"", ""weight of water"", ""mass of water""]",3,sciq
What substance do the leaves of plants take in from the environment?,"[""oxygen"", ""hydrogen"", ""acid rain"", ""carbon dioxide""]",3,sciq
They had demonstrated that particles smaller than bacteria cause what?,"[""blood"", ""flight"", ""damage"", ""disease""]",3,sciq
"What term means a reproductive cell, like the human egg in females?","[""embryo"", ""zygote"", ""sperm"", ""gamete""]",3,sciq
Smoothing will occur,"[""if two pebbles rub together over long periods of time"", ""if an abrasive is rubbed against cement"", ""if flint is struck against stone"", ""if bricks are thrown at each other""]",0,openbookqa
What term is used to describe muscle fibers that allows muscles to contract?,"[""organelle"", ""fluorescence"", ""ligaments"", ""organisms""]",0,sciq
"What is the term for protists that produce spores, such as the toxoplasm?","[""protozoans"", ""spermatozoa"", ""sporozoans"", ""newborns""]",2,sciq
What is glucose used for the bacteria?,"[""reproduction"", ""fuel"", ""energy"", ""food""]",3,sciq
"When the old man was much younger, he still had","[""brown eyes"", ""baldness"", ""gray hair"", ""wrinkled skin""]",0,openbookqa
"What arises due to crossing over, independent assortment, and the random union of gametes?","[""genetic variation"", ""recessive variation"", ""alternative variation"", ""susceptible variation""]",0,sciq
What do you call a predator species that affects other species' populations when its own population size changes?,"[""paradox species"", ""symbiotic species"", ""keystone species"", ""complement species""]",2,sciq
"In weather terms, what do you call the boundary between two air masses?","[""cloud"", ""mass"", ""cover"", ""front""]",3,sciq
What is the first phase of mitosis?,"[""metaphase"", ""telophase"", ""meiosis"", ""prophase""]",3,sciq
What anatomical system is made up of neurons and glia?,"[""reproductive system"", ""lymphatic system"", ""nervous system"", ""digestive system""]",2,sciq
"Bones, cartilage, and what other thing make up the skeletal system?","[""ligaments"", ""organs"", ""lungs"", ""muscles""]",0,sciq
"Sponges are part of what phylum, which gets its name from the latin for ""having pores""?","[""mammalia"", ""porifera"", ""annelida"", ""chordata""]",1,sciq
How are the fetuses of eutherian mammals connected to their mothers during gestation?,"[""visual placenta"", ""complex placenta"", ""Movement Placenta"", ""altered placenta""]",1,sciq
"As the amount of fragrance of a flower increases, the better chances it has at","[""growing"", ""dying"", ""reproducing"", ""looking pretty""]",2,openbookqa
The migration of what familiar coastal landform involves saltation and gravity?,"[""sand dunes"", ""lakes"", ""rivers"", ""volcanos""]",0,sciq
Which organism cannot specialize?,"[""mammal"", ""plant"", ""fish"", ""protozoa""]",3,openbookqa
"Adding heat energy to something can cook it, such as heating","[""ice"", ""wood"", ""seashells"", ""cookie dough""]",3,openbookqa
"if a person looked a their head in a mirror, and moved toward it, what would happen?","[""the head would start to grow"", ""the head would disappear"", ""the head would start to shrink"", ""the head would explode""]",0,openbookqa
What causes lightning during a thunderstorm?,"[""difference in charge"", ""difference in elevation"", ""difference in temperature"", ""difference in wind""]",0,sciq
What type of organism was the only able to live in the anoxic atmosphere of the first 2 billion years?,"[""aerobic"", ""anaerobic"", ""mammals"", ""protists""]",1,sciq
the Earth rotating on its axis causes stars to appear to move across the sky when?,"[""sleeping hours"", ""sun time"", ""day"", ""daytime""]",0,openbookqa
A magnet will stick to,"[""a belt buckle"", ""a wooden table"", ""a plastic cup"", ""a paper plate""]",0,openbookqa
"Traveling in opposite directions, buses A and B are passing each other at the relative speed of 25 km/h, while a passenger on bus A walks toward the back of the bus at the speed of 5 km/h. What is the velocity of the passenger on bus A relative to bus B?","[""20 km/h in the direction of bus A"", ""20 km/h in the direction of bus B"", ""30 km/h in the direction of bus A"", ""30 km/h in the direction of bus B""]",0,arc_easy
What is the sac-like organ at the end of the esophagus?,"[""rectum"", ""stomach"", ""appendix"", ""larynx""]",1,sciq
What is in the inside of your mouth and nose instead of skin?,"[""scales"", ""mucous membranes"", ""cuticle layer"", ""gums""]",1,sciq
A frog would most likely eat,"[""a cockroach"", ""another frog"", ""a maple leaf"", ""a mouse""]",0,openbookqa
Microevolution occuring and taking place over many generations results in?,"[""fission"", ""macroevolution"", ""recalibration"", ""microinjection""]",1,sciq
What is it called when the soils of the arctic tundra remain in a perennially frozen state?,"[""concentrated freeze"", ""permafreeze"", ""permafrost"", ""glacial domination""]",2,sciq
How hot is it on the surface of the Sun?,"[""Not quite as hot as boiling water"", ""About as hot as fire"", ""About 100\u00b0F"", ""Much hotter than almost anything on Earth""]",3,arc_easy
A reflective surface fogging up is,"[""reflection"", ""refraction"", ""evaporation"", ""condensation""]",3,openbookqa
"Old, worn-out rubber tires are called scrap tires. Which way of disposing of scrap tires is best for the environment?","[""burning the tires"", ""dumping the tires in a lake"", ""burying the tires in a landfill"", ""taking the tires to a recycling center""]",3,arc_easy
What is the formation of organs from the germ layers called?,"[""organogenesis"", ""synaptogenesis"", ""biosynthesis"", ""photosynthesis""]",0,sciq
"Sympathetic stimulation also triggers the release of epinephrine and norepinephrine, which enhance both cardiac output and what else?","[""vasoconstriction"", ""inhibition"", ""digestion"", ""vasodilation""]",0,sciq
What type of transport occurs when substances cross the plasma membrane without any input of energy from the cell?,"[""passive transport"", ""wave diffusion"", ""active transport"", ""physical transport""]",0,sciq
What piece of technology can you use to see infrared light?,"[""light meters"", ""microscope"", ""night goggles"", ""telescope""]",2,sciq
What kind of variation does a rate measure?,"[""environment to time"", ""value to time"", ""construction to time"", ""property to time""]",3,sciq
"If something breathes, it","[""uses unusable byproduct"", ""lives in trash"", ""scraps unusable byproduct"", ""moves around frequently""]",2,openbookqa
What pathway in a plant do water and nutrients travel through from the roots to the leaves?,"[""bark"", ""stem"", ""skin"", ""flowers""]",1,sciq
The amniotes are distinguished from amphibians by the presence of a terrestrially adapted egg protected by what?,"[""hard shell"", ""yolk"", ""albumen"", ""amniotic membranes""]",3,sciq
What do you call the carbohydrate formed when two monosaccharides bond together?,"[""calcite"", ""glucose"", ""disaccharide"", ""hydroxyl""]",2,sciq
birds use their peckers to catch,"[""dogs"", ""a tan"", ""a ball"", ""bees""]",3,openbookqa
What term describes the number of items in a given area or volume?,"[""concentration"", ""fraction"", ""density"", ""alkalinity""]",0,sciq
What is the ratio of solutes in a solution to a volume of solvent in a solution known as?,"[""equilibrium"", ""osmolality"", ""molality"", ""molarity""]",1,sciq
What occurs when two free radicals come in contact with each other?,"[""assimilation"", ""radiation"", ""termination"", ""cancellation""]",2,sciq
Which method would be best for scientists to use to determine the absolute age of a Precambrian igneous rock?,"[""index fossils"", ""law of superposition"", ""radiometric dating"", ""law of original horizontality""]",2,arc_easy
"What is a small, spherical compartment separated by at least one lipid layer from the cytosol?","[""vesicle"", ""cuticle"", ""cortex"", ""capillary""]",0,sciq
Wavelengths are described by a unit of what?,"[""weight"", ""direction"", ""distance"", ""speed""]",2,sciq
"During photosynthesis, what is energy from the sun converted to after entering a plant?","[""glucose"", ""chloride"", ""Proteins"", ""Carbon""]",0,sciq
Rust consists of oxides of what element?,"[""Copper"", ""Gold"", ""iron"", ""Aluminum""]",2,sciq
Solar and wind are still expensive compared to what?,"[""electricity"", ""coal fuels"", ""batteries"", ""fossil fuels""]",3,sciq
What are plants in the diploid generation called?,"[""keratinocytes"", ""sporophytes"", ""monocots"", ""haplocytes""]",1,sciq
Claw hammers and pulleys are examples of simple machines that do what to the direction of force applied by the user?,"[""reverse it"", ""maintain it"", ""nothing"", ""neutralize it""]",0,sciq
What is necessary for new alleles to be created?,"[""new mutations"", ""new rna"", ""new frequencies"", ""cross-pollination""]",0,sciq
Who stalks dragonflies south?,"[""clouds"", ""electricity"", ""kestrels"", ""polar bears""]",2,openbookqa
The addition of starting materials and the removal of end products prevent metabolism from reaching what state?,"[""equilibrium"", ""inequality"", ""imbalance"", ""constant""]",0,sciq
Most people can survive only a few days without what essential substance?,"[""air"", ""food"", ""carbon"", ""water""]",3,sciq
Amylose and amylopectin are the two most common components of naturally occurring what?,"[""protein"", ""carbon"", ""starch"", ""chromosomes""]",2,sciq
Which of these are inherited instead of acquired?,"[""wealth"", ""height"", ""prison time served"", ""wisdom""]",1,openbookqa
No chemical process on the planet can match the output of what process?,"[""sexual reproduction"", ""photosynthesis"", ""pollination"", ""glycolysis""]",1,sciq
If a head is exceptionally round,"[""that is an unusual feature"", ""most heads are round"", ""a parent probably had a round head"", ""there is fluid on the brain""]",2,openbookqa
"In gas exchange, oxygen flows into the blood, and what flows out?","[""naturally dioxide"", ""carbon monoxide"", ""liquid dioxide"", ""carbon dioxide""]",3,sciq
What term is used to describe the process of removing wastes and excess water from the body?,"[""diffusion"", ""digestion"", ""aeration"", ""excretion""]",3,sciq
What substances function as a long-term energy store in the human body and possess long carbon chains that prevent dissolving in water?,"[""hydrocarbons"", ""steroids"", ""triglycerides"", ""nanoparticles""]",2,sciq
"What is a long, tube-shaped bundle of neurons, protected by the vertebrae?","[""the spinal cord"", ""an axon"", ""a dendrite"", ""a ganglion""]",0,sciq
How many sets of chromosomes does each somatic cell have?,"[""one"", ""four"", ""two"", ""six""]",2,sciq
What do stored fats provide our body with for later use?,"[""energy"", ""hydrogen"", ""water"", ""metals""]",0,sciq
In which of the following taxonomic groups would organisms have the least number of similarities?,"[""kingdom"", ""class"", ""family"", ""genus""]",0,arc_easy
What is the first direct action of growth hormone?,"[""stimulation of triglyceride breakdown"", ""stimulation of monoglyceride production"", ""stimulation of triglyceride production"", ""stimulation of monoglyceride breakdown""]",0,sciq
Plants need a source of energy in order to perform photosynthesis. From which source do plants receive the energy needed to perform photosynthesis?,"[""oxygen"", ""sugar"", ""sunlight"", ""water""]",2,arc_easy
A fox grows thicker fur as a season changes. This adaptation helps the fox to,"[""find food"", ""keep warmer"", ""grow stronger"", ""escape from predators""]",1,arc_easy
when a circle is torn it is,"[""doubled"", ""changed"", ""a smaller circle"", ""a square""]",1,openbookqa
How many chambers does the stomach of a crocodile have?,"[""six"", ""ten"", ""three"", ""two""]",3,sciq
"Prior to binding to a hormone, where are steroid hormone receptors located?","[""cytosol"", ""reticulum"", ""hypothalamus"", ""cortisol""]",0,sciq
Caffeine and alcohol are two examples of what type of drug?,"[""nicotine"", ""psychoactive"", ""psilopsybin"", ""barbiturate""]",1,sciq
What would a Jersey most likely be fed?,"[""hamburger"", ""moles"", ""alfalfa"", ""cow""]",2,openbookqa
What is most likely to happen to a roof as the sun comes into contact with it?,"[""it will fall apart"", ""it will cry out in pain"", ""it will heat up over time"", ""it will cool down over time""]",2,openbookqa
What becomes smoother through weathering?,"[""rainbow"", ""water"", ""cat"", ""pumice""]",3,openbookqa
"When a butterfly emerges from its chrysalis, its wings are crumpled. In order to expand its wings, the butterfly hangs upside down, causing fluid to be pumped into the veins of its wings. This pumping most likely expands the wings by","[""increasing the pressure inside the wings"", ""decreasing the density of the wings"", ""increasing the temperature inside the wings"", ""decreasing the mass of the wings""]",0,arc_easy
What is the term for the green pigment in leaves that captures energy from the sun?,"[""chlorophyll"", ""ammonia"", ""verdye"", ""carbonate""]",0,sciq
Which of the following is produced during the process of cellular respiration?,"[""carbon dioxide"", ""sodium chloride"", ""oxygen"", ""sugar""]",0,arc_easy
Dew is formed when what condenses?,"[""carbon dioxide"", ""warm air"", ""H2O haze"", ""oxygen""]",2,openbookqa
"As a result of human activity, many lakes in Florida have increased levels of nutrients that support algal growth. These algae grow very rapidly, then die and decompose. What impact does this overgrowth of algae most likely have on the lake ecosystem?","[""The number of fish species increases."", ""The volume of lake water increases."", ""The buildup of bottom sediments decreases."", ""The amount of dissolved oxygen decreases.""]",3,arc_easy
The Milky Way Galaxy is visible as a bright region in the night sky. Modern telescopic observation has made it possible to discover that the brightness of the Milky Way Galaxy is due primarily to which structure?,"[""clouds of hot gas"", ""large numbers of stars"", ""high energy compounds"", ""extremely reflective ice particles""]",1,arc_easy
Which statement describes the reason why an ice cube melts when set out in a warm room?,"[""Heat from the room is absorbed by the ice cube."", ""The ice cube molecules move more slowly."", ""One side of the ice cube is colder than the other."", ""Heat from the ice cube moves into the air.""]",0,arc_easy
Sunlight transfers heat energy to,"[""the star from which scorpions get their name"", ""the planet named after the Roman god of sea"", ""the largest star in the galaxy"", ""the hottest star in the galaxy""]",1,openbookqa
Perry studies the ways in which animals are adapted for survival. Which is a behavioral adaptation that helps the organism to survive?,"[""the long neck on a giraffe"", ""the webbed feet on a duck"", ""a bear hibernating in winter"", ""a flower attracting a honeybee""]",2,arc_easy
What kind of reasoning involves formulating generalizations inferred from careful observation and the analysis of a large amount of data?,"[""reflexive"", ""inductive"", ""deductive"", ""skepticism""]",2,sciq
Solids that are combined together and maintain their physical properties are best labeled as a,"[""solute."", ""mixture."", ""solvent."", ""compound.""]",1,arc_easy
What is the separation of compounds on the basis of their solubilities in a given solvent?,"[""fractional crystallization"", ""fractional mass"", ""volatile crystallization"", ""solvent law""]",0,sciq
What is a rock that contains important minerals called?,"[""carbonic"", ""steel"", ""ore"", ""copper""]",2,sciq
Salt-water biomes in the ocean are called what?,"[""marine biomes"", ""marine species"", ""ocean biomes"", ""marine organelles""]",0,sciq
What is it called when feces move along the colon too slowly?,"[""respiratory"", ""diarrhea"", ""relaxation"", ""constipation""]",3,sciq
Kidney stones are considered a disease that affects which system?,"[""urinary system"", ""reproductive system"", ""digestive system"", ""muscular system""]",0,sciq
Aspirin and ibuprofen reduce pain by inhibiting the synthesis of what?,"[""prostaglandins"", ""lipids"", ""hormones"", ""triglycerides""]",0,sciq
Lettuce feeds rabbits by creating food with,"[""hamburgers"", ""help from friends"", ""chloroplasts"", ""ordering out""]",2,openbookqa
What kind of cells are polyribosomes found in?,"[""bacterial and eukaryotic"", ""Prokaryotic and eukaryotic"", ""yeast and prokaryotic"", ""chloroplasts and nuclei""]",0,sciq
What is earth’s geographic north pole also called?,"[""mere north"", ""vertical north"", ""right north"", ""true north""]",3,sciq
Controlled variables are kept what to prevent them from influencing the effects of the independent variable on the dependent variable?,"[""mechanical"", ""constant"", ""fleeting"", ""temporary""]",1,sciq
Each layer of Earth has different properties. Which statement best describes the mantle of Earth?,"[""The mantle lies below the core."", ""The mantle is composed of hot gases."", ""The mantle lies between the core and the crust."", ""The mantle temperature is lower than the crust temperature.""]",2,arc_easy
Which vehicle would make less pollution?,"[""semi truck"", ""Tesla Model S"", ""Ford Explorer"", ""Toyota Tundra""]",1,openbookqa
What type of plate is an island arc found on?,"[""continental"", ""coastal"", ""oceanic"", ""shear""]",2,sciq
"Unlike trees in the forest or a pond full of fish, metal is only available until","[""it is depleted for good"", ""it is found on catfish scales"", ""it becomes necessary to conduct electricity long distances"", ""it is used to make diamond rings""]",0,openbookqa
Where do all plants come from?,"[""phylogenetic ancestors"", ""distant ancestors"", ""terrestrial ancestors"", ""cetacean ancestors""]",2,sciq
"What kind of compound, contained in coffee and alcohol, increases urine volume?","[""anabolic"", ""diuretic"", ""additive"", ""acid""]",1,sciq
Which two theories of Moon formation propose that much or all of the material comprising the Moon came from Earth?,"[""The Fission Theory and The Coaccretion Theory"", ""The Coaccretion Theory and The Capture Theory"", ""The Fission Theory and the Giant Impact Theory"", ""The Capture Theory and the Giant Impact Theory""]",2,arc_easy
Which object best reflects light?,"[""gray door"", ""white floor"", ""black sweater"", ""brown carpet""]",1,arc_easy
"If a thing is tossed and goes uncaught, then it will","[""reproduce"", ""fall"", ""dissolve"", ""burn""]",1,openbookqa
the night sky shows very far away what,"[""clumps of flaming gas"", ""tidal waves washing over beaches"", ""party balloons tied to houses"", ""aircraft falling towards collision""]",0,openbookqa
Proxima Centauri is the closest star to the Sun. Which units do astronomers most often use for the distance between Earth and Proxima Centauri?,"[""miles"", ""meters"", ""light years"", ""astronomical units""]",2,arc_easy
"Many types of organisms live in a meadow. With the introduction of a large, swift-moving predator into the meadow ecosystem, which group of organisms will MOST likely have an advantage of surviving and reproducing?","[""mice that have the thickest fur"", ""foxes that have the largest ears"", ""gophers that dig the deepest holes"", ""rabbits that can run the fastest""]",3,arc_easy
"Reproduction in prokaryotic cells is by what process of growth, enlargement and division?","[""mitosis"", ""binary fission"", ""photosynthesis"", ""budding""]",1,sciq
What is the top 200 meters of water in the ocean called?,"[""over zone"", ""thymic zone"", ""organelle zone"", ""photic zone""]",3,sciq
What fuels are mixtures of hydrocarbons (compounds containing only hydrogen and carbon) that formed over millions of years from the remains of dead organisms?,"[""coal"", ""fossil"", ""trilobites"", ""sediment""]",1,sciq
"If a rock has been exposed to prolonged heat, what might the effect be?","[""Shrinking"", ""Breaking"", ""Erosion"", ""Melting""]",2,openbookqa
What is the accelerating pattern of increasing population size called?,"[""induced growth"", ""reproducing growth"", ""exponential growth"", ""limited growth""]",2,sciq
What are nekton animals able to do in water?,"[""breath"", ""lay eggs"", ""reproduce"", ""move on their own, swim""]",3,sciq
Jamil studied how the position of Earth around the Sun affects the energy available on Earth. Which best explains why a particular place on Earth receives more energy during summer months than winter months?,"[""the tilt of Earth"", ""the rotation of Earth"", ""the distance between Earth and the Sun"", ""the amount of rays produced by the Sun""]",0,arc_easy
What helps by releasing chemicals that control other lymphocytes?,"[""helper t cells"", ""interloper t cells"", ""discharger t cells"", ""controller t cells""]",0,sciq
What is the biggest group of animals on the planet?,"[""herbivores"", ""mammles"", ""arthropods"", ""carnivores""]",2,sciq
What is the term for organisms that live in extremely hot environments?,"[""hydrophylic"", ""thermophobes"", ""exothermic"", ""thermophiles""]",3,sciq
Which type of lava lavas are less viscous and erupt effusively?,"[""mafic"", ""Intermediate lava"", ""Felsic lava"", ""Ultramafic lava""]",0,sciq
Which step of the scientific method will follow after a student graphs collected data during a lab experiment?,"[""observing"", ""hypothesizing"", ""analyzing"", ""researching""]",2,arc_easy
What is the term that refers to stored chemical energy in organic matter or wastes?,"[""nuclear energy"", ""biomass energy"", ""starch energy"", ""potential energy""]",1,sciq
A topographic map is primarily used to determine the,"[""number of continents in the world."", ""location of major cities in the country."", ""elevation of an area."", ""rainfall of desert regions.""]",2,arc_easy
"Converging plates can be oceanic, continental, or one of each. if at least one is oceanic, it will subduct. a subducting plate creates what?","[""volcanoes"", ""fires"", ""wind"", ""earthquakes""]",0,sciq
Where do lightnings build up?,"[""stratosphere"", ""air"", ""clouds"", ""troposphere""]",2,sciq
Which would be a safe practice to exercise during laboratory investigations?,"[""using open flames to heat all materials"", ""keeping your cell phone on the laboratory countertop"", ""knowing where your instructor/laboratory leader is at all times"", ""removing your safety glasses when moving from station to station""]",2,arc_easy
"When the monocilia are defective, what is disrupted?","[""signaling"", ""inhibiting"", ""predicting"", ""triggering""]",0,sciq
Which of these natural events occurs at time intervals that are the most regular?,"[""drought and flooding"", ""high tides and low tides"", ""clear skies and cloudy skies"", ""hot weather and cool weather""]",1,arc_easy
Tropical storms get their fuel from the,"[""super market"", ""ocean"", ""gas station"", ""mexico""]",1,openbookqa
The primary nitrogenous waste material secreted by ureotelic animals is what substance?,"[""ammonia"", ""carbon"", ""urea"", ""nitrate""]",2,sciq
"Along with nerve tissue, what kind of tissue are lecithins and cephalins important constituents of?","[""heart tissue"", ""lung tissue"", ""brain tissue"", ""skin tissue""]",2,sciq
Bones are made up of different types of what?,"[""blood cells"", ""cartilage"", ""fiber"", ""tissue""]",3,sciq
Which of the following items can perform photosynthesis?,"[""a flying wasp"", ""a speedy cheetah"", ""wet dirt"", ""a yellow tulip""]",3,openbookqa
Earth’s magnetic field is called the what?,"[""ionosphere"", ""stratosphere"", ""magnetosphere"", ""thermosphere""]",2,sciq
The protein without the prosthetic group is known as the what?,"[""apoprotein"", ""monoprotein"", ""spicule"", ""xerophyte""]",0,sciq
The entire volume of what is filtered through the kidneys about 300 times per day?,"[""gastric juice"", ""urine"", ""blood"", ""saliva""]",2,sciq
"When both momentum and kinetic energy are conserved in a closed system, the collision is called what?","[""an elastic collision"", ""a spontaneous collision"", ""an accidental collision"", ""a static collision""]",0,sciq
"The core of a nuclear reactor generates a large amount of what type of energy from the decay of fission products, even when the power-producing fission chain reaction is turned off?","[""evaporation"", ""elastic"", ""thermal"", ""erosion""]",2,sciq
"To protect themselves from consumers, which action would an animal most likely take?","[""nesting right beside predators"", ""standing out in the sun"", ""standing out from the environment"", ""appearing the same as surroundings""]",3,openbookqa
Some people have an,"[""tubs for skin"", ""extra rib"", ""snakes for hair"", ""magic""]",1,openbookqa
A gallon of water in a pot is placed over a fire. After an hour there will be,"[""a gallon of water"", ""a solid ice block"", ""two gallons of water"", ""less water than before""]",3,openbookqa
"The brain develops from this early tube structure and gives rise to specific regions of the adult brain. as the neural tube grows and differentiates, it enlarges into three vesicles that correspond to the forebrain, midbrain, and this?","[""anteriorbrain"", ""rearbrain"", ""hindbrain"", ""astrobrain""]",2,sciq
"Which has a higher metabolic rate, a mouse or an elephant?","[""mouse"", ""rabbit"", ""elephant"", ""rat""]",0,sciq
Cans can be taken to a place known as,"[""the ocean"", ""scrap yard"", ""shot with BBs"", ""buried""]",1,openbookqa
The number of possible isomers increases tremendously as carbon skeletons increase in what?,"[""size"", ""mass"", ""weight"", ""variation""]",0,sciq
the central object of our solar system is also,"[""the smallest object in the solar system"", ""the coldest heavenly body"", ""the farthest star from us"", ""the closest star from us""]",3,openbookqa
"When astronomers want to measure the distance between nearby stars, they often use","[""quasars."", ""parallax."", ""visible light."", ""spectrographs.""]",1,arc_easy
What can reproduce,"[""Spoon"", ""Keyboard"", ""Deceased cat"", ""Living dog""]",3,openbookqa
What forms when secondary alcohols oxidize?,"[""ketones"", ""ions"", ""electrons"", ""chromosomes""]",0,sciq
Excess dietary fat is stored as triglycerides in the body. what type of tissue is used to store the triglycerides?,"[""connective"", ""muscle"", ""metabolic"", ""adipose""]",3,sciq
What lets different species of anole lizards live in the same area without competing?,"[""concentration"", ""cooperation"", ""specialization"", ""variation""]",2,sciq
"When a switch to a ceiling fan is turned on, electrical energy is being transformed into","[""atomic energy."", ""potential energy."", ""chemical energy."", ""mechanical energy.""]",3,arc_easy
What process is the opposite of nitrogen fixation?,"[""digestion"", ""denitrification"", ""percolation"", ""respiration""]",1,sciq
The bones of the skull are connected by what type of joints?,"[""semi-mobile"", ""pivoting"", ""adjustable"", ""immovable""]",3,sciq
The main functions of what complex carbohydrates are to store energy and form structural tissues?,"[""polysaccharides"", ""oligosaccharides"", ""monosaccharides"", ""polypeptides""]",0,sciq
Mrs. Garry's class wants to know if their area has more acid rain than other parts of the state. Which would be the best way for them to begin research?,"[""contact other schools within the state"", ""study science textbooks in the library"", ""look for current acid rain studies on the Internet"", ""examine soil samples taken at different locations""]",2,arc_easy
In what season are temperature inversions more common?,"[""spring"", ""autumn"", ""winter"", ""summer""]",2,sciq
Through which part of the body do most animals take in oxygen?,"[""ears"", ""rectum"", ""nose"", ""mouth""]",3,sciq
What is the microtubule-organizing center found near the nuclei of animal cells?,"[""lysosome"", ""spliceosome"", ""centrosome"", ""entrosome""]",2,sciq
The gravitational pull of the sun causes what phenomenon?,"[""planetary revolution"", ""creation of moons"", ""creation of rings"", ""planetary cooling""]",0,openbookqa
Which of these senses lets Dora know when a skunk has been close to her house?,"[""Taste"", ""Touch"", ""Smell"", ""Hearing""]",2,arc_easy
Mars appears red because of large amounts of which element in the soil?,"[""carbon"", ""iron"", ""mercury"", ""coal""]",1,sciq
Evolution happens because of what?,"[""natural resources"", ""natural change"", ""natural process"", ""natural selection""]",3,sciq
The living systems of plants and animals are constantly taking in water to continue the processes of life. What eventually happens to most of that water?,"[""It is converted into hydrogen and oxygen."", ""It is returned to the environment."", ""It is broken down by bacterial decay."", ""It is permanently combined with other compounds.""]",1,arc_easy
Almost all plants make food through what process?,"[""glycolysis"", ""evolution"", ""photosynthesis"", ""hydrolysis""]",2,sciq
What is the relationship between mass and gravitational pull?,"[""Lower gravitational pull creates more mass."", ""Higher gravitational pull creates more mass."", ""Lower mass creates higher gravitational pull."", ""Higher mass creates higher gravitational pull.""]",3,arc_easy
What repeating cycle is responsible for the four seasons that occur on Earth?,"[""rotation of the moon"", ""rotation of the Sun"", ""revolution of the sun in the galaxy"", ""revolution of the earth about the sun""]",3,arc_easy
Which is a learned behavior?,"[""A dog uses its tongue to drink."", ""A robin holds a branch with its feet."", ""A chimpanzee digs for termites with a stick."", ""A worm moves to the top of flooded ground.""]",2,arc_easy
Which important decomposers are known to live just about anywhere on earth?,"[""protazoas"", ""viruses"", ""sporozoans"", ""archeans""]",3,sciq
"What kind of diet is typical for raptors, such as hawks and owls?","[""fishes"", ""carnivorous or herbivorous"", ""carnivorous"", ""herbivorous""]",2,sciq
Portable amplifiers have batteries that store what type of energy?,"[""kinetic energy"", ""mechanical energy"", ""carbon energy"", ""chemical energy""]",3,sciq
What is the term for tough protein fibers that connects bones to each other?,"[""ligaments"", ""cords"", ""muscles"", ""tetons""]",0,sciq
The conversion of food that is consumed to nutrients involves what two major processes:,"[""secrete and absorption"", ""untangling and absorption"", ""digestion and absorption"", ""absorption and excretion""]",2,sciq
"Fungi may form mutualistic relationships with plants, algae, cyanobacteria, and what?","[""plants"", ""farmers"", ""eggs"", ""animals""]",3,sciq
"When an igneous intrusion comes into contact with surrounding rock, the surrounding rock will","[""erode."", ""foliate."", ""precipitate."", ""recrystallize.""]",3,arc_easy
What do scientists believe are the oldest eukaryotes?,"[""prokaryotes"", ""worms"", ""arthropods"", ""protists""]",3,sciq
What is the process in which cells make proteins called?,"[""factor synthesis"", ""protein synthesis"", ""gas synthesis"", ""light synthesis""]",1,sciq
"Liquids that mix with each other in all proportions are said to be miscible, maning they have infinite mutual what?","[""viscosity"", ""solubility"", ""salinity"", ""insolubility""]",1,sciq
What is the transparent outer covering of the eye?,"[""pupil"", ""iris"", ""retina"", ""cornea""]",3,sciq
"What has large crystals because the magma began to cool slowly, then erupted?","[""lava"", ""chalky"", ""crystalline"", ""porphyry""]",3,sciq
Two tectonic plates pushing toward each other cause intense heat and pressure in Earth's crust. Into which will crust material be changed by heat and pressure?,"[""fossils"", ""sediments"", ""igneous rock"", ""metamorphic rock""]",3,arc_easy
What type of eukaryotes are protists normally?,"[""multicellular"", ""photosynthetic"", ""immature"", ""unicellular""]",3,sciq
Silver nitrate on hardened silicon will force light to,"[""refract"", ""scatter"", ""become hot"", ""dissipate""]",0,openbookqa
Which is a statement about climate?,"[""The average temperature yesterday was 15\u00b0C."", ""The temperature range today was 10\u00b0C to 20\u00b0C."", ""The high temperature tomorrow will be 14\u00b0C."", ""The average high temperature in May is 20\u00b0C.""]",3,arc_easy
What is the term for a small organelle where proteins are made?,"[""atom"", ""ribosome"", ""ovary"", ""capsule""]",1,sciq
Displacement is the separation between a beginning position and what other place?,"[""final position"", ""first position"", ""made position"", ""current position""]",0,sciq
Which weather instrument measures air pressure?,"[""thermometer"", ""anemometer"", ""rain gauge"", ""barometer""]",3,arc_easy
You'll know that the sun has set if,"[""a baby is sleeping"", ""all the birds are silent"", ""the temperature has gone down"", ""the brightest thing in the sky is a satellite""]",3,openbookqa
What type of device do scientist use to determine wind speed?,"[""barometer"", ""photometer"", ""dynamometer"", ""anemometer""]",3,sciq
What is used to classify tornadoes?,"[""seismograph"", ""damage, snowfall"", ""humidity, rain"", ""wind speed, damage""]",3,sciq
Using wind in order to power factories is a good idea because,"[""it can be gotten continuously"", ""it is free from dirt"", ""it is electric and powerful"", ""is uses very little gasoline""]",0,openbookqa
The property of matter that resists changes in motion is called,"[""inertia."", ""friction."", ""gravity."", ""weight.""]",0,arc_easy
Chromosomes contain the genetic information of an organism. Fruit flies reproduce by sexual reproduction. Most of the cells of a fruit fly have 8 chromosomes. Which statement best explains the source of the chromosomes in a normal fertilized fruit fly egg?,"[""The egg cell contains all 8 chromosomes."", ""The sperm cell contains all 8 chromosomes."", ""The sperm cell provides 4 chromosomes and the egg cell provides 4 chromosomes."", ""The egg cell provides 4 chromosomes and 4 sperm cells each provide 1 chromosome.""]",2,arc_easy
What domain-level category of cells can contain more than 1000 times the dna found in a typical bacterial cell?,"[""chromosomes"", ""eukaryotic"", ""genetic"", ""mutations""]",1,sciq
"When bacteria enter the bloodstream, the result is what condition?","[""septicemia"", ""hypertension"", ""diarrhea"", ""hypoxia""]",0,sciq
People commonly have bad reactions to what they get from a,"[""discount store"", ""lawyer"", ""catalog"", ""pharmacy""]",3,openbookqa
What kind of mutations are produced by nucleotide-pair insertions or deletions?,"[""shifty"", ""frameshift"", ""cloned"", ""framing""]",1,sciq
Why can't fungi make their own food like plants do?,"[""no organelles"", ""no hydrogen"", ""no chloroplasts"", ""no cells""]",2,sciq
What type of organisms have internal clocks that regulate cyclic processes?,"[""endogenous"", ""eukaryotic"", ""fungi"", ""protozoa""]",1,sciq
Astronomers have found low-energy background radiation in every part of the sky that they have studied. This radiation is taken as evidence of energy remaining from which event?,"[""supernovas"", ""the big bang"", ""collisions of galaxies"", ""modern decay of unstable atoms""]",1,arc_easy
Which plant is grown for food?,"[""Rice"", ""Tobacco"", ""Orchid"", ""Cotton""]",0,arc_easy
"Gas particles are constantly colliding with each other and the walls of a container, and these collisions are elastic, so there is no net loss of what?","[""velocity"", ""heat"", ""temperature"", ""energy""]",3,sciq
"When light passes from one medium to another, it changes what?","[""speed"", ""temperature"", ""density"", ""color""]",0,sciq
Phospholipids are unable to mix with what?,"[""nitrogen"", ""solids"", ""water"", ""air""]",2,sciq
A sample of the element copper is divided into the smallest particles possible such that each particle is still copper. Each particle can best be described as,"[""an atom."", ""a molecule."", ""a nucleus."", ""an electron.""]",0,arc_easy
How do hydrogen bonds help ions and other polar molecules?,"[""solidify in water"", ""activate in water"", ""change in water"", ""dissolve in water""]",3,sciq
Which of the following is an example of an acidic solution?,"[""bleach"", ""vinegar"", ""sugar water"", ""salt water""]",1,arc_easy
What 3 things do animals need to live and survive?,"[""air, water, and socialization"", ""air, water, and food"", ""water, food, and an ecosystem"", ""sex, water, and sleep""]",1,sciq
Deer are most likely to give a wide berth to a,"[""personal garden"", ""field of alfalfa"", ""cool mountain stream"", ""decomposing body""]",3,openbookqa
What nervous tissue cells play a supporting role to neurons?,"[""reissner cells"", ""mammalian cells"", ""axial cells"", ""glial cells""]",3,sciq
What creates a valley?,"[""feet"", ""rock"", ""water"", ""sand""]",2,openbookqa
A dragonfly develops through incomplete metamorphosis. Which stages does the dragonfly's life cycle include?,"[""egg and larva"", ""egg and nymph"", ""larva and pupa"", ""larva and nymph""]",1,arc_easy
What functional units of chromosomes determine specific characteristics by coding for specific proteins?,"[""chromosomes"", ""DNA"", ""genes"", ""cells""]",2,sciq
Where does air go when a person breathes in?,"[""Into the heart"", ""Into the stomach"", ""Into the lungs"", ""Into the liver""]",2,arc_easy
Which object conducts electricity?,"[""Window"", ""Rubik's Cube"", ""Ship Anchor"", ""Boulder""]",2,openbookqa
"Students run laps around the track in physical education class. After a few laps, the students' breathing gets heavier, and their pace begins to slow. The students are most likely slowing down because","[""they are exhaling carbon dioxide."", ""their lung cells are multiplying."", ""their respiratory system stops functioning."", ""they are getting less oxygen to their cells.""]",3,arc_easy
"The nervous system is composed of cells, tissues, and organs. Which is a cell of the nervous system?","[""brain"", ""spinal cord"", ""ganglion"", ""neuron""]",3,arc_easy
Deserts are generally,"[""sweltering"", ""cold"", ""tepid"", ""frigid""]",0,openbookqa
The highest point of a wave is called?,"[""surge"", ""threshold"", ""crest"", ""frequency""]",2,sciq
What two substances do plants give off when they make food?,"[""oxygen and water"", ""carbon dioxide and oxygen"", ""chlorophyll and nitrogen"", ""water and oil""]",0,sciq
Which energy source might involve burning wood or producing gasohol?,"[""biomass"", ""wind turbine"", ""nuclear fission"", ""hydroelectric power""]",0,arc_easy
Which of these could only be found inside a plant cell?,"[""nucleus"", ""chloroplasts"", ""mitochondria"", ""cytoplasm""]",1,arc_easy
What are the  high points of a transverse wave called?,"[""crests"", ""troughs"", ""ridges"", ""peaks""]",0,sciq
Which eats dead organisms?,"[""Canadian nightcrawlers"", ""clouds"", ""satellites"", ""robots""]",0,openbookqa
What is a more comfortable color to have for your automobile upholstery if living in a desert?,"[""ecru"", ""red"", ""black"", ""navy""]",0,openbookqa
What are all of the digits that can be known with certainty in a measurement plus an estimatied last digit called?,"[""determined figures"", ""important figures"", ""significant figures"", ""miniature figures""]",2,sciq
What group of elements cannot conduct electricity?,"[""carbonates"", ""nonmetals"", ""metals"", ""phosphates""]",1,sciq
What type of plants were the first to evolve?,"[""vascular"", ""kilocalorie"", ""cocklebur"", ""nonvascular""]",3,sciq
Which statement describes how the umbilical cord supports a developing fetus?,"[""It provides a protective barrier between the mother and the fetus."", ""It keeps the fetus inside the mother until birth."", ""It provides a navel when the baby is born."", ""It supplies oxygen and nutrients to the fetus.""]",3,arc_easy
"The element cesium, Cs, is an alkali metal. Which chemical formula represents a cesium compound that is likely to exist?","[""CsCl"", ""CsCl_{2}"", ""CsO"", ""CsO_{2}""]",0,arc_easy
"When an electron transitions from an excited state to a less excited state, or ground state, the difference in energy is emitted as a what?","[""neutron"", ""photon"", ""quark"", ""nucleus""]",1,sciq
Convection in which part of the earth drives the movement of the plates of lithosphere over the earth’s surface?,"[""mantle"", ""ocean"", ""upper crust"", ""atmosphere""]",0,sciq
If I am out in the sun all day I should,"[""go naked"", ""drink wine"", ""avoid it occasionally"", ""wear a coat""]",2,openbookqa
"After a star runs out of most of its hydrogen fuel, it becomes hotter and more luminous. What stage does this represent in the life cycle of a star?","[""quasar"", ""protostar"", ""red giant"", ""white dwarf""]",2,arc_easy
What form when water vapor condenses in the air around specs of matter?,"[""clouds"", ""storms"", ""condensation"", ""humidity""]",0,sciq
What type of cell contains a nucleus?,"[""candid cell"", ""endogenous cell"", ""chloroplasts cell"", ""eukaryotic cell""]",3,sciq
every four seasons a cedar expands it's,"[""lung capacity"", ""sight"", ""vocal range"", ""outer covering""]",3,openbookqa
What is the main element in organic compounds?,"[""hydrogen"", ""carbon"", ""nitrogen"", ""oxygen""]",1,sciq
The earth is tilted on its what?,"[""top"", ""axis"", ""radius"", ""compass""]",1,sciq
The attractive force between water molecules is what kind of reaction?,"[""symmetrical reaction"", ""aquatic reaction"", ""dipole reaction"", ""diffusion reaction""]",2,sciq
Atoms of which of these elements are part of many organic molecules?,"[""calcium"", ""magnesium"", ""oxygen"", ""silicon""]",2,arc_easy
The speed of an electromagnetic wave is the product of its wavelength and what else?,"[""height"", ""resonance"", ""frequency"", ""density""]",2,sciq
"I chipped away at a toy doll and the surface became really rough, when I rub it against a piece of wood that will create an increase in","[""animals"", ""resistance"", ""water"", ""sunshine""]",1,openbookqa
"Drinking too much water too fast can lead to what potentially fatal condition, which causes dangerous changes to salt levels?","[""inebriation"", ""osmosis"", ""drowning"", ""water intoxication""]",3,sciq
What does a fire take away from a forest that squirrels need to survive?,"[""food and soil"", ""food and shelter"", ""water and soil"", ""water and shelter""]",1,arc_easy
When standing miles away from Mount Rushmore,"[""the mountains seem very close"", ""the mountains are boring"", ""the mountains look the same as from up close"", ""the mountains seem smaller than in photographs""]",3,openbookqa
What are lipopolysaccharide components of the outer membrane of gram-negative bacteria?,"[""hormones"", ""endotoxins"", ""reactants"", ""pathogens""]",1,sciq
What are the key cells in the immune response?,"[""lymphocytes"", ""erythrocytes"", ""leukocytes"", ""keratinocytes""]",0,sciq
"Stomata are the main avenues of transpiration, the evaporative loss of water from what?","[""fruits"", ""leaves"", ""stalks"", ""roots""]",1,sciq
What is the term for evolution over geologic time above the level of the species?,"[""mutation"", ""speciation"", ""macroevolution"", ""microevolution""]",2,sciq
What is the hormone produced in high-stress situations?,"[""testosterone"", ""thyroxine"", ""adrenalin"", ""somatostatin""]",2,sciq
The moon's gravity,"[""pulls stars into it's orbit"", ""determines when neap and ebb are on Earth"", ""keeps objects on Earth grounded"", ""forces the sun to orbit around it""]",1,openbookqa
What is the separation of ions that occurs when a solid ionic compound dissolves?,"[""dissociation"", ""decomposition"", ""inflammation"", ""combustion""]",0,sciq
Increasing the pressure on a gas has what effect on its solubility?,"[""decrease"", ""increase"", ""slow"", ""halt""]",1,sciq
Why is the particular sequence of bases in a segment of DNA important to cells?,"[""Some base sequences code for protein production."", ""Some base sequences cause the release of lipids from the nucleus."", ""Some base sequences contain the order of sugars in polysaccharides."", ""Some base sequences produce electrical signals sent to the cytoplasm.""]",0,arc_easy
"Helicopter pilots can recover from piloting errors by decreasing altitude, turning some of their potential energy into what kind of energy?","[""kinetic"", ""free"", ""active"", ""electrical""]",0,sciq
Recycling happens,"[""when coal is turned into heat energy"", ""when fossil fuels are used by cars"", ""when Styrofoam plates are turned into trash"", ""when old Pepsi bottles are turned into t-shirts""]",3,openbookqa
"What is responsible for many properties of covalent compounds, which have relatively low boiling points, cannot conduct electricity, and may not dissolve in water?","[""ionic charge"", ""accretion bonds"", ""covalent bonds"", ""atomic weight""]",2,sciq
What structures located on chromosomes control characteristics of life and are passed from parents to offspring?,"[""genes"", ""axons"", ""cells"", ""eggs""]",0,sciq
The organ most made of muscle is the,"[""one pumping blood"", ""brain"", ""liver"", ""kidney""]",0,openbookqa
What is the term for a disease that is not contagious?,"[""uncultured disease"", ""noninfectious disease"", ""benign"", ""common cold""]",1,sciq
Coral get their ____ from algae,"[""vibrance"", ""love"", ""apples"", ""candles""]",0,openbookqa
What is a cluster of neuron cell bodies in the pns called?,"[""ganglion"", ""gangnem"", ""crystals"", ""groupilion""]",0,sciq
A flashlight will need this in order to radiate photons:,"[""radiation"", ""acoustic energy"", ""vibrations"", ""electron flow""]",3,openbookqa
"Cells infected with viruses secrete what example of early induced proteins, which travel to adjacent cells and induce them to make antiviral proteins, a sacrifice that protects the surrounding cells?","[""hormones"", ""prokaryotes"", ""interferons"", ""metabolites""]",2,sciq
What devices do astronomers use to see objects at wavelengths all across the electromagnetic spectrum?,"[""telescopes"", ""spectrographs"", ""levels"", ""microscopes""]",0,sciq
A dog outside could be shuddering uncontrollably. Which of these could be related?,"[""they were scared by their own shadow"", ""they ate too much food"", ""white precipitation is falling and it's windy"", ""they are very tired""]",2,openbookqa
A boy is playing with his toy boat in his wading pool. His mother comes along and sprays more water into the pool.,"[""the boat flies"", ""the boat swims"", ""the boat drowns"", ""the boat rises""]",3,openbookqa
"Often determining the strength or intensity of a wave, this term is the distance from the equilibrium point of motion to either its lowest or highest point?","[""frequency"", ""density"", ""peak"", ""amplitude""]",3,sciq
A rabbit receives his essential elements from his,"[""boat"", ""stock brokers"", ""subway"", ""circulation system""]",3,openbookqa
"Rocks are classified as igneous, metamorphic, or sedimentary according to","[""their color"", ""their shape"", ""how they formed"", ""the minerals they contain""]",2,arc_easy
"In an atom, what is determined by electron distribution in shells?","[""covalence"", ""ionic bonds"", ""electromagnetism"", ""chemical behavior""]",3,sciq
Mutation of beneficial proto-oncogenes is a prime culprit in what disease?,"[""heart disease"", ""diabetes"", ""cancer"", ""obesity""]",2,sciq
Which tool is best to use when comparing an animal cell to a plant cell?,"[""balance"", ""compass"", ""microscope"", ""thermometer""]",2,arc_easy
"When gasoline is burned, what pollutant is produced?","[""methane"", ""carbon dioxide"", ""oxygen"", ""fluorocarbons""]",1,sciq
The skin disease impetigo is caused by spread of what type of microorganism?,"[""viruses"", ""bacteria"", ""algae"", ""tumors""]",1,sciq
Cardiomyocytes are striated muscle cells found where?,"[""in the diaphram"", ""in lung tissue"", ""in cardiac tissue"", ""in the intestines""]",2,sciq
Which acid releases nitrates into soil?,"[""uric"", ""lactic"", ""sulfuric"", ""citric""]",0,sciq
Organisms tend to be larger in size at higher what levels?,"[""proteolytic"", ""trophic"", ""Secondary Layer"", ""benthic""]",1,sciq
Animals breath in air in order to obtain what element?,"[""oxygen"", ""nitrogen"", ""carbon"", ""water""]",0,sciq
Where are some of the greatest concentrations of species found?,"[""at high altitudes"", ""in the arctic"", ""in mould colonies"", ""in the tropics""]",3,sciq
Ground tissue forms the interior of the stem. the large central vacuoles of ground tissue cells fill with water to support the plant. the cells may also store what?,"[""Water"", ""food"", ""energy"", ""fuel""]",1,sciq
"What is the name of the system that consists of a hierarchy of taxa, from the kingdom to the species?","[""Bohr's law"", ""Mendelian system"", ""zoology"", ""linnaean system""]",3,sciq
What type of weathering causes the minerals in a rock to change?,"[""chemical"", ""natural"", ""artificial"", ""toxic""]",0,sciq
Someone stops living when,"[""They cut their hair"", ""They stick their head in a trash can"", ""They are without air"", ""They eat disgusting food""]",2,openbookqa
"At any specific time, the rate at which a reaction is proceeding is known as its what?","[""spontaneous rate"", ""instantaneous rate"", ""emitted rate"", ""immediate rate""]",1,sciq
What is the term for water that contains one or more dissolved substances?,"[""dilute solution"", ""sediment solution"", ""evaporation solution"", ""aqueous solution""]",3,sciq
Which part of a plant is used to absorb sunlight during photosynthesis?,"[""leaf"", ""root"", ""seed"", ""flower""]",0,arc_easy
What occurs between long warm climate periods?,"[""hurricanes"", ""mass extinction"", ""ice ages"", ""drought""]",2,sciq
What helps sound travel in waves?,"[""molecules"", ""speaker placements"", ""gases"", ""temperatures""]",2,sciq
"A man is trying to describe a single vat of juice he has. He needs the best way to tell his friend about the object, so he says","[""20 meters of juice"", ""20 vats of juice"", ""20 ounces of juice"", ""20 feet of juice""]",2,openbookqa
You can work longer when,"[""Autumn changes to Winter"", ""spring changes to summer"", ""tree leaves start falling"", ""the first snow starts falling""]",1,openbookqa
What part of a person with myopia is longer than normal?,"[""eye"", ""leg"", ""neck"", ""arm""]",0,sciq
What is the term for when organisms need other organisms to survive?,"[""intradependence"", ""interdependence"", ""coexistence"", ""realization""]",1,sciq
Campers shouted toward a canyon wall. What characteristic of sound best explains why the campers heard an echo?,"[""Sound waves traveled slowly down the canyon."", ""Sound waves were absorbed by the canyon wall."", ""Sound waves reflected off the canyon wall."", ""Sound waves were refracted around the canyon.""]",2,arc_easy
What is the main difference between planets and moons in our solar system?,"[""All planets can support life; moons cannot."", ""All planets have atmospheres; moons do not."", ""All planets orbit the Sun; all moons orbit planets."", ""All planets are larger than all moons.""]",2,arc_easy
Which might need warm asphalt to help regulate its body temperature?,"[""whales"", ""dolphins"", ""rattlesnakes"", ""squid""]",2,openbookqa
"Deer, rabbits and mice are an example of what link between producers and other consumers?","[""carnivores"", ""mammals"", ""herbivores"", ""amphibians""]",2,sciq
What are the primary producers in the ocean?,"[""phytoplankton"", ""zooplankton"", ""algea"", ""fish""]",0,sciq
"Fungi cause three different types of human illness: poisonings, parasitic infections, and what?","[""diarrhea"", ""allergies"", ""heart disease"", ""diabetes""]",1,sciq
What is the range of all possible frequencies of radiation called?,"[""Difused Spectrum"", ""vibrations spectrum"", ""particles spectrum"", ""electromagnetic spectrum""]",3,sciq
How can we see how wind effects sand?,"[""sand is always moving"", ""sandstorms create ripples in sand"", ""sand is easy to move through"", ""beaches often have waves in the sand""]",1,openbookqa
What are proteins made up of?,"[""lewis acids"", ""amino acids"", ""atoms acids"", ""detected acids""]",1,sciq
Greater reflection off what atmospheric layer allows am radio waves to travel even farther at night than they can during the day?,"[""ionosphere"", ""exosphere"", ""troposphere"", ""stratosphere""]",0,sciq
What is a symbiotic relationship in which both species benefit?,"[""detrimental"", ""parasitism"", ""mutualism"", ""inorganic""]",2,sciq
"Which division of the autonomic nervous system controls processes like digestion, heartbeat, and breathing?","[""endocrine"", ""synaptic"", ""dopaminergic"", ""parasympathetic""]",3,sciq
What is the name of the author who proposed natural selection as the mechanism of evolution?,"[""Mendel"", ""Darwin"", ""Lamarck"", ""Hardy-Weinberg""]",1,arc_easy
What keeps Mars in orbit around the Sun?,"[""friction"", ""gravity"", ""magnetism"", ""solar power""]",1,arc_easy
What form of energy is stored in a battery?,"[""chemical"", ""sound"", ""light"", ""heat""]",0,arc_easy
Binding of acetylcholine to receptors on the muscle fiber leads to a?,"[""repolarization"", ""depolarization"", ""excitation"", ""conduction""]",1,sciq
"Over time, deposited sediments may harden into what?","[""coral"", ""fossils"", ""rocks"", ""deltas""]",2,sciq
what causes deposition,"[""electricity conduction"", ""earth displacement"", ""atomic explosions"", ""condensation""]",1,openbookqa
What is the process in which a liquid changes to a solid?,"[""condensation"", ""boiling"", ""freezing"", ""melting""]",2,sciq
Which of these is the most common result of greenhouse gases altering the atmosphere of Earth?,"[""an increase in the air temperature"", ""a decrease in the air density"", ""an increase in the intensity of visible light"", ""a decrease in the thickness of the ozone layer""]",0,arc_easy
Structures that have lost their use through evolution are called _______,"[""primordial structures"", ""residual structures"", ""vestigial structures"", ""symbiotic structures""]",2,sciq
Why would a lightbulb be dark?,"[""the bulb needs to be charged"", ""the room is too bright"", ""the circuit is incomplete"", ""it ran out of electricity""]",2,openbookqa
Which set of elements has similar bonding properties?,"[""Cl, Br, and F"", ""K, Ca, and Sc"", ""Kr, Cl, and O"", ""Be, C, and O""]",0,arc_easy
"At night, the Moon is the brightest object in the sky. Where does the Moon's light come from?","[""The Moon reflects light from Earth."", ""The Moon reflects light from the Sun."", ""The Moon makes light beneath its surface."", ""The Moon has rocks on its surface that glow.""]",1,arc_easy
The enzyme pepsin plays an important role in the digestion of proteins by breaking down intact protein to what short-chain amino acids?,"[""protons"", ""proteins"", ""peptides"", ""lipids""]",2,sciq
What should be added to soil to increase its water retention?,"[""pebbles"", ""sand"", ""rocks"", ""clay""]",3,arc_easy
What three parts is the earth divided into?,"[""crust, core, magma"", ""oceans, land, air"", ""crust, mantle, core"", ""troposphere, atomosphere, xerosphere""]",2,sciq
Insect's antennae are useful for sensing what?,"[""contaminants"", ""microorganisms"", ""chemicals"", ""sunlight""]",2,sciq
What term is used to describe a cancer that has spread?,"[""metastasized"", ""galvanized"", ""ostracized"", ""destabilized""]",0,sciq
Some jet airplanes fly in a layer of the atmosphere where temperature generally increases with altitude. What is this layer of the atmosphere?,"[""mesosphere"", ""stratosphere"", ""thermosphere"", ""troposphere""]",1,arc_easy
Which is the most likely way a scientist collects data during an experiment?,"[""calculator"", ""graphs"", ""observations"", ""computer""]",2,arc_easy
"The complex, three-dimensional structure of a protein is sensitive to heat because the structure is maintained by","[""hydrogen bonds."", ""covalent bonds."", ""Brownian motion."", ""magnetic fields.""]",0,arc_easy
Which glands produce milk after the birth of offspring?,"[""mammary"", ""Pituitary gland"", ""adrenal glands"", ""Thyroid gland""]",0,sciq
Which force produces energy as heat?,"[""pull"", ""gravity"", ""friction"", ""magnetic""]",2,arc_easy
Water moving up the plane and evaporating from the leaves is a process known as what?,"[""transpiration"", ""sublimation"", ""evaporation"", ""propagation""]",0,sciq
Which two major innovations allowed seed plants to reproduce in the absence of water?,"[""seed and pollen"", ""root and pollen"", ""salt and pollen"", ""bee and pollen""]",0,sciq
What type of organism is a bacteria?,"[""multicellular organism"", ""single-celled prokaryotic"", ""paramecium"", ""fungi""]",1,sciq
What does a desert environment receive less of than a forest?,"[""visitors"", ""H2O fall"", ""wind"", ""recognition""]",1,openbookqa
Which of the following energy conversions takes place in a battery-operated flashlight?,"[""electrical -> mechanical -> light"", ""chemical -> mechanical -> light"", ""chemical -> electrical -> light"", ""nuclear -> electrical -> light""]",2,arc_easy
Protein chains containing 10 or fewer amino acids are usually referred to as what?,"[""peptides"", ""protons"", ""carboxyl"", ""polypeptides""]",0,sciq
"If a person blows on another person's arm, then nerves will","[""curl up and die"", ""signal to the sky"", ""make more nerves in that area"", ""alert the brain of this""]",3,openbookqa
Which of the following parts of the human body is most complex?,"[""heart"", ""kidney"", ""white blood cell"", ""central nervous system""]",3,arc_easy
"In order to record the passing of a distant comet, which instruments would be the most useful?","[""camera, tripod, and telescope"", ""telescope, binoculars, and camera"", ""camera with flash attachment, and tripod"", ""telescope with camera attachment and camera""]",3,arc_easy
Which animal is hiding from a predator?,"[""a tadpole losing its tail as it grows"", ""an angler fish using its Esca to lure another fish"", ""an octopus mimicking the color and texture of a rocky outcrop"", ""a great white shark breaching the water's surface""]",2,openbookqa
Chloroplasts in shrubs scrub carbon from the air and return,"[""breathable air"", ""tears"", ""sweat"", ""water""]",0,openbookqa
A student measured how quickly a car rolled down a hill. Which tool should the student have used to measure how quickly the car rolled down the hill?,"[""a hand lens"", ""a stopwatch"", ""a thermometer"", ""a centimeter ruler""]",1,arc_easy
What is the term for the energy of movement?,"[""potential energy"", ""mechanical energy"", ""molecular energy"", ""intrinsic energy""]",1,sciq
Bats find their prey at night using one of their senses to detect echoes. What does the bat send out to find prey?,"[""odors"", ""light"", ""sound"", ""electricity""]",2,arc_easy
An endocrine disease usually involves the secretion of too much or not enough of what?,"[""hormone"", ""protein"", ""metabolism"", ""neurotransmitter""]",0,sciq
Why are some rocks smoother and rounder than others?,"[""They have the shapes of the minerals from which they are made."", ""They were smoothed by the action of wind and water."", ""They were squeezed up through the soil."", ""They hardened in rounded pockets of soil.""]",1,arc_easy
Herbivores who live in climates that get cold must find other sources of food in the winter because plants,"[""fly"", ""cry"", ""Eat candy canes"", ""will be gone""]",3,openbookqa
What phase of a human life does not have a definite starting point?,"[""adolescence"", ""death"", ""adulthood"", ""childhood""]",2,sciq
What is the amide bond that occurs between the amino nitrogen of one amino acid and the carboxyl carbon of another amino acid?,"[""a peptide bond"", ""a magnetite bond"", ""a amino bond"", ""a covalent bond""]",0,sciq
What type of isotope can be used to treat diseases like cancer?,"[""negative isotope"", ""positive isotope"", ""radiodecaying isotope"", ""radioactive isotopes""]",3,sciq
Duracell's convert chemicals to,"[""ocean current"", ""sunlight"", ""magic"", ""voltage""]",3,openbookqa
What term in biotechnology means a genetically exact copy of an organism?,"[""adult"", ""male"", ""clone"", ""phenotype""]",2,sciq
"Some birds have scooped beaks, but others have sharp beaks such as","[""peregrine falcons"", ""pelicans"", ""toucans"", ""snakes""]",0,openbookqa
What are the ice crystals that form on the ground called?,"[""snow"", ""granules"", ""sleet"", ""frost""]",3,sciq
Kinetic theory is the atomistic description of what as well as liquids and solids?,"[""gases"", ""molecules"", ""fluids"", ""plasmas""]",0,sciq
friction acts to counter the motion of two objects when their surfaces are what?,"[""converging"", ""separated"", ""in vision"", ""apart""]",0,openbookqa
What is the term for the amount of internal energy that the substance can store?,"[""mass capacity"", ""temperature capacity"", ""humidity capacity"", ""heat capacity""]",3,sciq
Vibrating objects such as drumheads produce what?,"[""sound energy"", ""light"", ""heat"", ""negative ions""]",0,sciq
"If everything in a system stays the same but the pressure deceases, gas bubbles will change in what way?","[""they multiply"", ""they get bigger"", ""they get smaller"", ""they pop""]",1,sciq
What is the region known as the myelencephalon in the embryonic brain?,"[""Telencephalon"", ""Mesencephalon"", ""Diencephalon"", ""medulla""]",3,sciq
As vehicles become more efficient petro consumption,"[""increases"", ""stops"", ""decreases"", ""stay the same""]",2,openbookqa
A person may inherit their mom's,"[""boat"", ""stooped shoulders"", ""cat"", ""building""]",1,openbookqa
"The vitamins and minerals contained in all of the food we consume are important for all of our organ systems. however, there are certain nutrients that affect this?","[""bone health"", ""abnormal health"", ""chain health"", ""mental health""]",0,sciq
What are non-steroid hormones made of?,"[""proteins"", ""Molecules"", ""fats"", ""amino acids""]",3,sciq
What distinctive configuration of dna demonstrates the base-pairing nature of the bases?,"[""double helix"", ""double loop"", ""triple helix"", ""single helix""]",0,sciq
"A woman visits the same beach year after year, and begins to notice a change to a large wall of stone. Where the water touches the rock, she notices that the rock shows signs of being dissolved. After two year, there is an indent in the rock. After fifty years, the woman discovers that the rock","[""is now an underground chamber"", ""is now solid gold"", ""is now about to explode"", ""is now much bigger""]",0,openbookqa
Which plant trait is inherited?,"[""the shape of its leaves"", ""the amount of water it receives"", ""the number of minerals it absorbs from soil"", ""the level of sunlight to which it is exposed""]",0,arc_easy
"If a mother mammal wants to give her offspring proper nutrients, she would utilize her","[""whiskers"", ""toes"", ""tail"", ""areola""]",3,openbookqa
Cows are farm animals that eat only plants. Which of these kinds of living things is a cow?,"[""Decomposer"", ""Herbivore"", ""Carnivore"", ""Producer""]",1,arc_easy
"Something supplied by nature that helps support life, including ecosystems as well as minerals and fossil fuels, is called a what?","[""natural resource"", ""fluid resource"", ""visible resource"", ""artificial resource""]",0,sciq
"Birds flying thousands of miles south in the winter, then returning to their homes in spring, is a familiar example of what?","[""hibernation"", ""evacuation"", ""migration"", ""emigration""]",2,sciq
What type of traits are features that are passed from one generation to the next called?,"[""generational traits"", ""genetic traits"", ""inherited traits"", ""familial traits""]",2,sciq
"While conducting an investigation on refraction, a teacher uses a red laser pointer to show how a beam of light is affected as it passes through several glass objects. The teacher should make sure that the","[""room is totally dark."", ""light source is ultraviolet."", ""beam of light does not travel toward the students."", ""room walls are shielded with insulating material.""]",2,arc_easy
What are used to balance chemical equations?,"[""isotopes"", ""densities"", ""coefficients"", ""outputs""]",2,sciq
Which gas is the most abundant in Earth's atmosphere?,"[""oxygen"", ""nitrogen"", ""water vapor"", ""carbon dioxide""]",1,arc_easy
Which is the best explanation of the term ecology?,"[""the study of the nonliving parts of the environment"", ""the study of the living parts of the environment"", ""the study of the protection and renewal of natural resources"", ""the study of organisms and their interactions with the environment""]",3,arc_easy
"During the scientific revolution, who proposed that the sun, not earth, is the center of the solar system?","[""Newton"", ""copernicus"", ""janus"", ""Galileo""]",1,sciq
A being which has migrated may have,"[""sought warmth"", ""preferred snow"", ""enjoyed the cold"", ""wanted to freeze""]",0,openbookqa
"A person finishes drinking a bottle of water and notices that at the bottom of the bottle is a small symbol, consisting of three arrows in a triangular shape. This symbol tells the person that they should","[""have it reprocessed"", ""burn the bottle"", ""reuse the bottle"", ""remake the bottle""]",0,openbookqa
What bodily function do the triceps help perform?,"[""extend the arm"", ""make a fist"", ""lift the leg"", ""perform crunches""]",0,sciq
"If you find dna floating in a cell's cytoplasm, what kind of organism is it?","[""prokaryotic"", ""xerophytic"", ""eurocratic"", ""unicellular""]",0,sciq
What phylum has the highest number of species on earth?,"[""lophotrochozoa"", ""cephalopods"", ""arthropods"", ""lichens""]",2,sciq
"At some places in Florida, sand on the beaches is being reduced. New sand is brought from other areas and spread on the beaches. What process causes this reduction to the beach sand?","[""earthquakes"", ""erosion"", ""landslides"", ""weathering""]",1,arc_easy
Splitting and fusing billions of atoms at the same location in space produces,"[""darkness"", ""frigged rain"", ""illumination"", ""groceries""]",2,openbookqa
which of these would more likely survive?,"[""a lost dog by the river, with small rodents"", ""a cat left in the desert"", ""a man drifting a raft at sea without supplies"", ""none of these""]",0,openbookqa
A mountain range has hills around its edges. How are the mountains and hills alike?,"[""Both have grass at the top."", ""Both are at least 1000 meters tall."", ""Both have liquid rock at their centers."", ""Both are taller than the land around them.""]",3,arc_easy
A seismometer can note how earthquakes are,"[""small"", ""fast"", ""strong"", ""long""]",2,openbookqa
All of the following can become fossils except,"[""bones."", ""shells."", ""teeth."", ""rocks.""]",3,arc_easy
Which of these is required to support the theory of star formation?,"[""laws passed by the government"", ""Internet sites discussing star formation"", ""pictures of stars of different ages"", ""evaluation of data by many scientists""]",3,arc_easy
Melting points are temperatures that are high enough to separate liquids from which substances?,"[""gases"", ""seeds"", ""solids"", ""oils""]",2,sciq
Photosynthesis is initiated by what hitting plants?,"[""dirt"", ""sunlight"", ""moisture"", ""air""]",1,sciq
"The bacterium Brucella abortus causes fever in humans. Biologists studying this bacterium found that when exposed to light, the bacterium becomes more virulent. How can this change in virulence most likely be described?","[""as a behavioral adaptation"", ""as a survival disadvantage"", ""as a response to a stimulus"", ""as an acquired characteristic""]",2,arc_easy
What is the diffusion of water known as?,"[""evaporation"", ""electrolysis"", ""osmosis"", ""hemostasis""]",2,sciq
Chemical digestion couldn't take place without the help of what?,"[""melatonin"", ""neurotransmitters"", ""digestive enzymes"", ""pigments""]",2,sciq
Where are pressure receptors mainly found?,"[""the nerves"", ""the tissue"", ""the muscles"", ""the skin""]",3,sciq
"Insects use what structures, located on the head, to smell and taste chemicals, and in some cases to hear sounds?","[""appendages"", ""antennae"", ""caripace"", ""legs""]",1,sciq
What is a molecule with two fatty acids and a modified phosphate group attached to a glycerol backbone?,"[""carbohydrate"", ""polymer"", ""phospholipid"", ""amino acid""]",2,sciq
What do voltmeters measure?,"[""temperature"", ""amplitude"", ""voltage"", ""frequency""]",2,sciq
What crust is thinner and denser than continental crust?,"[""land"", ""coastal"", ""asteroid"", ""oceanic""]",3,sciq
Which two objects would electricity best flow through?,"[""a tin can and a plastic fork"", ""a steel beam and a soda can"", ""an eraser and a wooden pencil"", ""human skin and rubber gloves""]",1,openbookqa
Are cnidarians typically found in ocean or fresh water habitats?,"[""lakes"", ""ocean"", ""freshwater"", ""rivers""]",1,sciq
Dogs,"[""are born with teeth"", ""leave their young to fend for themselves like turtle babies"", ""provide direct sustenance to their newborn puppies"", ""lay eggs to sit on""]",2,openbookqa
Plate shifting likely directly created,"[""oxygen"", ""the Alps"", ""human life"", ""ocean spray""]",1,openbookqa
Water vapor is an example of what?,"[""moistness"", ""warmth"", ""heat"", ""coldness""]",0,openbookqa
What planet in our solar system has a moon with volcanic activity?,"[""Mars"", ""jupiter"", ""Saturn"", ""Venus""]",1,sciq
"A bird in an arid place can find water, despite a lack of puddles, lakes or rainfall if it","[""pokes a tough plant"", ""eats a small stone"", ""takes out a loan"", ""cries for a minute""]",0,openbookqa
"In some species, what has led to the evolution of alternative male mating behavior and morphology?","[""sexual selection"", ""similar selection"", ""sexual process"", ""distributive selection""]",0,sciq
"Heat and light are forms of what, which refers to the ability to do work?","[""energy"", ""food"", ""waves"", ""fuel""]",0,sciq
The plasma membrane pulls away from the cell wall as it shrivels. what is this process called?,"[""sporozoans"", ""fluctuations"", ""osmosis"", ""plasmolysis""]",3,sciq
The comet Shoemaker-Levy struck the planet Jupiter in July of 1994. The process of a comet striking a planet is an example of a net decrease in kinetic energy. Kinetic energy was ultimately converted into,"[""light."", ""radiation."", ""thermal energy."", ""electromagnetic energy.""]",2,arc_easy
Which adaptation allows a fish to get oxygen underwater?,"[""fins"", ""lungs"", ""gills"", ""heart""]",2,arc_easy
What are the simplest types of carbon-based compounds?,"[""hydrocarbons"", ""Microbes"", ""Cells"", ""particles""]",0,sciq
How long can a large star be on the main sequence stage?,"[""3 million years"", ""10 million years"", ""60.11 million years"", ""200.4 million years""]",1,sciq
Which two are functions of flowers?,"[""attract pollinators and make seeds"", ""make seeds and store food"", ""store food and take in water"", ""take in water and attract pollinators""]",0,arc_easy
What kinds of winds can be found in belts that span the entire circumference of the earth?,"[""Trade winds"", ""global winds"", ""Periodic winds"", ""Local Winds""]",1,sciq
Deposition of sediment will most likely form a,"[""cave."", ""delta."", ""river."", ""mountain.""]",1,arc_easy
Sickle cell diseas is caused by what?,"[""receccisve allele"", ""posterior allele"", ""bronchiole allele"", ""anterior allele""]",0,sciq
The conducting zone of the respiratory system includes the organs and structures not directly involved in what?,"[""copper exchange"", ""gas exchange"", ""gold exchange"", ""helium exchange""]",1,sciq
Solar radiation has a part in the water cycle by,"[""affecting ocean tides."", ""helping in the absorption of groundwater."", ""determining the type of clouds formed."", ""changing water to a vapor.""]",3,arc_easy
"After a long, hard workout, many professionals will help their body to heal by consuming","[""electrolytes"", ""protein"", ""sugar"", ""carbohydrates""]",1,openbookqa
Name the most famous satellite of the earth?,"[""demos"", ""the moon"", ""sputnik"", ""skylab""]",1,sciq
What are the organs work together to allow us to see?,"[""lungs"", ""heart"", ""nose"", ""brain and eyes""]",3,sciq
"In a container, a mixture of water and salt is stirred so that the salt dissolves completely. Sand is added to this solution and allowed to settle to the bottom of the container. If the container is placed on a heat source and the liquid evaporates completely, what will be left in the container?","[""Nothing will remain in the container."", ""Only salt will remain in the container."", ""Only sand will remain in the container."", ""Salt and sand will both remain in the container.""]",3,arc_easy
Biochemical reactions are optimal at physiological temperatures because many what lose function at lower and higher temperatures?,"[""hormones"", ""carbohydrates"", ""neurons"", ""enzymes""]",3,sciq
What is the name for the study of the plants and animals that live in fresh water bodies ?,"[""nematology"", ""oceanography"", ""hydrology"", ""limnology""]",3,sciq
The elements sulfur (S) and oxygen combine to form a substance called sulfur dioxide (SO2). Sulfur dioxide is also formed when coal and oil are burned. Sulfur dioxide can best be described as,"[""a metal"", ""an atom"", ""a compound"", ""a nonreactive gas""]",2,arc_easy
Which disease is a result of abnormal cell division?,"[""AIDS"", ""cancer"", ""chicken pox"", ""common cold""]",1,arc_easy
What are fast moving rivers of air that are going in opposite directions called?,"[""air streams"", ""cause streams"", ""burst streams"", ""jet streams""]",3,sciq
The energy for an ecosystem can come from sunlight or _________?,"[""radiation compounds"", ""fossil fuels"", ""chemical compounds"", ""rain""]",2,sciq
Ned learned that light is a source of energy. Which can only result from light energy?,"[""an ice cube melting"", ""a rainbow forming"", ""water evaporating"", ""thunder booming""]",1,arc_easy
The brain and spinal cord are parts of which body system?,"[""nervous"", ""excretory"", ""endocrine"", ""respiratory""]",0,arc_easy
What force causes a compass in Illinois to point towards Wisconsin?,"[""natural magnetism"", ""wind direction"", ""weight"", ""gravity""]",0,openbookqa
"Compared to a straight wire, a coiled wire has a stronger what?","[""magnetic field"", ""proximate field"", ""gravitational field"", ""horizontal field""]",0,sciq
What characteristic of particles determines how they are carried by flowing water?,"[""density"", ""color"", ""size"", ""texture""]",2,sciq
"If you hold the compass sideways while at the south pole, where do the needles point?","[""to the side"", ""both down"", ""both up"", ""up and down""]",3,openbookqa
What is required between cytoskeleton and motor proteins for cell motility?,"[""absorption"", ""interaction"", ""inhibition"", ""translation""]",1,sciq
Which parts of an atom are reactive during a chemical process?,"[""electrons"", ""protons"", ""neutrons"", ""molecules""]",0,arc_easy
"Scientists study the reaction of some bacteria to antibiotics, hoping to learn about a new strain of resistant bacteria. This method of gaining scientific knowledge is best described as","[""observing changes in a single trial."", ""testing for a desired trait."", ""repeating steps in a procedure."", ""controlling changes in conditions.""]",1,arc_easy
"For many decades, scientists have known that atoms consist of electrons and other particles called protons and?","[""rods"", ""waves"", ""nanoparticles"", ""neutrons""]",3,sciq
What type of organism does not need oxygen for growth and dies in its presence?,"[""acidic"", ""anaerobic"", ""symbiotic"", ""aerobic""]",1,sciq
An example of a seasonal change that a furry animal might adopt could be similar to:,"[""A pumpkin growing seeds internally"", ""A store setting up their Christmas displays"", ""A man looking for breakfast after many hours without food"", ""humans pulling out their heavy outerwear""]",3,openbookqa
"If a load of deer are moved to a small park, and they are repeatedly sprayed with pesticides, the","[""deer thrive in that environment"", ""deer are healthy and happy"", ""deer are given happy lives"", ""park will eventually be deerless""]",3,openbookqa
What is the name for a substance that can be used to follow the pathway of that substance through some structure?,"[""gel"", ""tracker"", ""solution"", ""tracer""]",3,sciq
How is the mass of an atom calculated?,"[""add the number of protons to the number of electrons"", ""add the number of protons to the number of neutrons"", ""subtract the number of protons from the number of neutrons"", ""subtract the number of electrons from the sum of protons and neutrons""]",1,arc_easy
What can you find in a forest,"[""A car"", ""Hogwarts"", ""A unicorn"", ""remedies""]",3,openbookqa
Ice melting erodes,"[""clouds"", ""plants"", ""granite"", ""rivers""]",2,openbookqa
What process forms an image in a mirror?,"[""absorbing light"", ""reflecting light"", ""refracting light"", ""transmitting light""]",1,arc_easy
Andre learned that plants survive through a process called photosynthesis. Which substance do plants produce during photosynthesis?,"[""minerals"", ""nitrogen"", ""soil"", ""sugar""]",3,arc_easy
Heat energy has been added to,"[""red velvet cupcakes"", ""Greek yogurt"", ""ceviche"", ""Caesar salad""]",0,openbookqa
Huge calderas form when the mountain above an empty chamber of what collapses?,"[""gas"", ""mercury"", ""coal"", ""magma""]",3,sciq
What is a disease that can be spread from animals to humans called?,"[""proteolysis"", ""zoonosis"", ""parasite"", ""Anthroponosis""]",1,sciq
Reproduction that doesn't involve a male gamete is also known as what?,"[""agamogenesis"", ""mitosis"", ""asexual reproduction"", ""meiosis""]",0,sciq
Freezing point refers to:,"[""the temperature below which gas turns to liquid"", ""the temperature above which liquid stops being liquid"", ""the temperature below which solid turns to liquid"", ""the temperature below which liquid stops being liquid""]",3,openbookqa
Volcanoes are considered constructive because they,"[""deposit lava."", ""cause erosion."", ""trigger earthquakes."", ""release gases.""]",0,arc_easy
In what area of the body are sutural bones found?,"[""skull"", ""tooth"", ""skin"", ""legs""]",0,sciq
A place without a sand bar is indicative of which of these characteristics?,"[""a flow of sedimentation to settle"", ""a stacking of silty sediments"", ""a downstream movement without sediments"", ""a rapid movement of sediments for downward deposit""]",2,openbookqa
Kilauea in hawaii is the world’s most continuously active volcano. very active volcanoes characteristically eject red-hot rocks and lava rather than this?,"[""smoke and ash"", ""carbon and smog"", ""magma"", ""greenhouse gases""]",0,sciq
When does the nucleus divide?,"[""meiosis"", ""mitosis"", ""epistasis"", ""photosynthesis""]",1,sciq
"Students are preparing to determine the boiling points of several aqueous solutions. In addition to proper lab attire, what devices or instruments will the students need to conduct this experiment?","[""hot plate, beaker, masking tape"", ""thermometer, hot plate, beaker"", ""matches, beaker, thermometer"", ""balance, hot plate, thermometer""]",1,arc_easy
The temperature at which a substance melts is called its what point?,"[""melting"", ""change"", ""freezing"", ""boiling""]",0,sciq
"When scientists work in natural settings rather than a lab, it is called what?","[""outside work"", ""extracurricular activity"", ""fieldwork"", ""exploratory""]",2,sciq
"In the natural world, camouflage is used by animals to","[""stand out among their piers"", ""avoid being a meal"", ""look stylish for others"", ""stay warm in the winter""]",1,openbookqa
Eutherian mammals possess a specialized structure called the corpus callosum that links what hemispheres?,"[""cerebral"", ""appendages"", ""spatial"", ""cortical""]",0,sciq
What does the ground tissue consist mostly of in the stems of both monocots and eudicots?,"[""hinterrhein cells"", ""parenchyma cells"", ""epenthesis cells"", ""eudiocotic cells""]",1,sciq
A plant root growing into rock cracks is an example of what?,"[""boiling"", ""warm weather"", ""evaporation"", ""abrasion""]",3,openbookqa
Lighting a candle causes that candle to what?,"[""cool"", ""freeze"", ""regenerate"", ""scorch""]",3,openbookqa
What might damage a hard walkway that runs alongside a street?,"[""a child walking"", ""snow"", ""a tree nearby"", ""a running dog""]",2,openbookqa
How do sprouting plants exhibit positive gravitropism?,"[""The roots turn downward."", ""The roots move horizontally."", ""The leaves face toward the Sun."", ""The stems curl around supports.""]",0,arc_easy
Solar pumps move liquids continuously from the,"[""space"", ""glaciers"", ""sky"", ""ground""]",3,openbookqa
Which material is the best conductor of electricity?,"[""metal"", ""glass"", ""wood"", ""plastic""]",0,arc_easy
"Although surface waves are slowest, they do most of the damage of what event?","[""tsunami"", ""earthquake"", ""hurricane"", ""volcano""]",1,sciq
What is required to partially overcome the attractive forces between molecules in a solid to form a liquid?,"[""energy"", ""hydrogen"", ""oxygen"", ""fuel""]",0,sciq
Warm water from the equator mixes with cold water from where?,"[""the poles"", ""the oceans"", ""the continents"", ""the tropics""]",0,sciq
"Dialysis is a medical process of removing wastes and excess water from the blood by diffusion and ultrafiltration. when kidney function fails, dialysis must be done to artificially rid the body of this?","[""waste and fluids"", ""mucus and phloem"", ""calories"", ""bile juices""]",0,sciq
"Dutch elm trees used to be common, beautiful trees in the united states. now most of them have been killed by what?","[""carbon dioxide"", ""dutch elm disease"", ""cancer"", ""beetles""]",1,sciq
To prevent illness,"[""properly heat hamburgers and steaks"", ""thaw chicken on uncovered counter tops"", ""eat raw cookie dough"", ""hamburger meat should stay pink""]",0,openbookqa
Hunting any kind of animal will eventually cause that species population numbers to,"[""go down"", ""phone number"", ""atomic number"", ""egg shell number""]",0,openbookqa
What is defined as maintaining a stable internal environment?,"[""peristalsis"", ""homeostasis"", ""consciousness"", ""ketosis""]",1,sciq
What are the insects that suck up the sap from plants?,"[""aphids and leafhoppers"", ""butterflies and leafhoppers"", ""roaches and leafhoppers"", ""plagues and leafhoppers""]",0,sciq
What color and shape are cumulus clouds?,"[""white and wispy"", ""dark and tall"", ""white and puffy"", ""dark and wispy""]",2,sciq
Nerves are used in order to sense which things?,"[""the sound and sadness of a baby's cry"", ""the smell of dirty trash"", ""the warmth and touch of a kiss on the cheek"", ""the warming feeling of being told you are loved""]",2,openbookqa
Particles of matter have the most definite shape in what material state?,"[""plasma"", ""solid"", ""gas"", ""liquid""]",1,sciq
The sum of the pressures of the hydrogen and the water vapor is equal to what?,"[""moon pressure"", ""adjacent pressure"", ""atmospheric pressure"", ""precipitation pressure""]",2,sciq
"if a student locates their pen on the table across the room, which of these happened?","[""there was light from pen to cornea"", ""the pen failed to reflect any light"", ""none of these"", ""the person has psychic powers""]",0,openbookqa
Hydrogen peroxide will decompose over time to produce _______ gas.,"[""methane"", ""hydrogen and helium"", ""water and carbon dioxide"", ""water and oxygen""]",3,sciq
"Amphibians have permeable skin which allows for the exchange of oxygen and carbon dioxide, what is this ""breathing called?""","[""variant respiration"", ""cutaneous respiration"", ""aquatic respiration"", ""benign respiration""]",1,sciq
The sum of all chemical reactions that take place within an organism is known as,"[""evolution"", ""metabolism"", ""circulation"", ""reproduction""]",1,arc_easy
What is the term for sediment deposited by a glacier?,"[""moraine"", ""crater"", ""plateau"", ""holocene""]",0,sciq
What vessels supply blood to the myocardium and other components of the heart?,"[""specialized arteries"", ""coronary arteries"", ""surface arteries"", ""rapid arteries""]",1,sciq
Where are electrons in an atom located?,"[""models"", ""orbitals"", ""energy levels"", ""electron clouds""]",1,arc_easy
Where do grass snakes live?,"[""icebergs"", ""a field"", ""grass fed cattle"", ""amphibians on Uranus""]",1,openbookqa
"A dark colored wall becomes warm when the Sun is shining on it. After the Sun sets, a person standing a meter away can feel warmth from the wall. How does heat transfer from the wall to the person?","[""radiation"", ""conduction"", ""convection"", ""insulation""]",0,arc_easy
"A herd of cattle is slowly making its way through a large field. The shepherd realizes that he forgot to bring grain for the cattle, yet the cattle will survive just fine in the field, because","[""they eat roughage"", ""they hunt meat"", ""they eat insects"", ""they eat prey""]",0,openbookqa
What is the term for the last stage of life before adulthood?,"[""old age"", ""adolescence"", ""childhood"", ""pre-pubescence""]",1,sciq
Why is a spacesuit inflated like a balloon?,"[""to simulate the air pressure of Earth"", ""to help astronauts float in outer space"", ""to protect astronauts from solar radiation"", ""to provide an oxygen supply for breathing""]",0,arc_easy
Catabolic reactions involve breaking what?,"[""molecules"", ""levels"", ""metals"", ""bonds""]",3,sciq
What is the study of how and why plants and animals live where they do?,"[""geomorphology"", ""heredity"", ""lithography"", ""biogeography""]",3,sciq
What compound gives tarnished copper it's green color?,"[""copper carbonate"", ""zinc"", ""brass"", ""bronze""]",0,sciq
What occurs when the bronchioles swell and the muscles around the bronchioles contract?,"[""bronchitis"", ""asthma"", ""allergies"", ""nausea""]",1,sciq
A prairie dog living in a community barks loudly. Other prairie dogs nearby know that danger is near and quickly go underground to hide. Which sense are these prairie dogs using to communicate?,"[""hearing"", ""smelling"", ""tasting"", ""touching""]",0,arc_easy
The first period of the paleozoic era was called what?,"[""carboniferous"", ""permian"", ""cambrian"", ""ordovician""]",2,sciq
What part of the plant has a root end and a shoot end?,"[""radius"", ""axis"", ""pistol"", ""leaves""]",1,sciq
"Glasses are mixtures of oxides, the main component of which is silica (sio2). silica is called the glass former, while additives are referred to as this?","[""natural modifiers"", ""glass modifiers"", ""glass actors"", ""addition modifiers""]",1,sciq
A thin beak is most useful to,"[""allow a bird to fly faster"", ""allow a bird to forage in trashcans for food"", ""allow a bird to hunt for food in wide spaces"", ""allow a bird to hunt for food in tight spaces""]",3,openbookqa
Which animal gives birth to live young?,"[""Shark"", ""Turtle"", ""Giraffe"", ""Spider""]",2,openbookqa
A beam of sunlight strikes a stained glass window and,"[""colors all start disappearing"", ""hues multiply through it"", ""there are broken panes"", ""fires are put out""]",1,openbookqa
Where is most of Earth's water located?,"[""glaciers"", ""lakes"", ""oceans"", ""rivers""]",2,arc_easy
"Where would you find three tiny bones called the hammer, anvil, and stirrup?","[""middle ear"", ""neck"", ""tail bone"", ""foot""]",0,sciq
What are living echinoderms divided into five of?,"[""classifications"", ""species"", ""sexes"", ""clades""]",3,sciq
"In New York State, an observer will usually see the Sun rise in the","[""north"", ""south"", ""east"", ""west""]",2,arc_easy
What type of climate do most agaves grow in?,"[""arid"", ""rainforest"", ""tropical"", ""arctic""]",0,sciq
Most modern seed plants are angiosperms that produce seeds in the what of flowers?,"[""lungs"", ""kidneys"", ""ovaries"", ""stems""]",2,sciq
Which is an example of melting?,"[""Flowing water making a rock smooth"", ""A carrot becoming soft when cooked"", ""Sugar mixed into tea making the tea sweet"", ""Butter changing into liquid in a warm pan""]",3,arc_easy
What should a student do when a glass beaker shatters during a laboratory experiment?,"[""Notify the teacher."", ""Sweep the pieces into a pile."", ""Pick up the pieces and throw them away."", ""Leave it until the experiment is complete.""]",0,arc_easy
"What fluid becomes less viscous, allowing for better joint function after stretching?","[""proximal"", ""vertebral"", ""synovial"", ""cranial""]",2,sciq
Systemic communication through the phloem helps integrate the functions of the whole what?,"[""plant"", ""animal"", ""insect"", ""bird""]",0,sciq
What might happen in an Earthquake?,"[""It is the start of the Olympics"", ""Cats come out of the crack"", ""Jimmy may need to move"", ""A magical god comes out""]",2,openbookqa
What is the germ for a group of atoms within a molecule that reacts similarly anywhere it appears in different compounds?,"[""atomic group"", ""thermal group"", ""molecular group"", ""functional group""]",3,sciq
The cell walls of fungi are made of what?,"[""lectin"", ""mucous"", ""cartilage"", ""chitin""]",3,sciq
which of these people would have the worst air quality at their residence?,"[""a man who lives next to a landfill"", ""a man who lives in a city with the best air quality"", ""none of these"", ""a man who lives in a great suburb""]",0,openbookqa
Deep sea animals like giant squid live,"[""black inky ocean"", ""in water sources"", ""in liquid places"", ""bottom of rivers""]",0,openbookqa
Branching food chains and complex trophic interactions form what?,"[""food fields"", ""food webs"", ""food trees"", ""food maps""]",1,sciq
What doesn't eliminate waste?,"[""plants"", ""mushrooms"", ""bacteria"", ""robots""]",3,openbookqa
"Over geologic time, global mean sea level has varied significantly. Which change is most likely responsible for an increase in global mean sea level?","[""erosion of sediment from a mountain range"", ""mass extinction of marine organisms"", ""formation of an ocean trench"", ""melting of polar ice caps""]",3,arc_easy
What is the pattern of spacing among individuals within the boundaries of the population?,"[""frequency"", ""diffusion"", ""equilibrium"", ""dispersion""]",3,sciq
"One arctic animal, the polar bear may spend their time doing what","[""racing"", ""swimming"", ""creating"", ""reading""]",1,openbookqa
A cow will gain energy from eating,"[""dandelions"", ""eggs"", ""frogs"", ""birds""]",0,openbookqa
What type of hydrocarbons contain at least one double or triple bond between carbon atoms?,"[""ionic"", ""catalytic"", ""unsaturated"", ""saturated""]",2,sciq
Some frogs may do what for their young,"[""use magic"", ""space travel"", ""urinate on them"", ""eat candle wax""]",2,openbookqa
What type of engine burns fuel to heat water and produce steam?,"[""combustion"", ""condensation"", ""conduction"", ""convection""]",0,sciq
Which likely best models an earthquake?,"[""cutting paper"", ""crumpling foil"", ""folding paper"", ""eating foil""]",1,openbookqa
Chewing insects such as dragonflies and grasshoppers have how many sets of jaws?,"[""one"", ""two"", ""three"", ""four""]",1,sciq
Seasonal changes are made in response to changes in what?,"[""mentality"", ""buildings"", ""environment safety"", ""locales""]",3,openbookqa
Which gland is controlled by a negative feedback loop that includes the hypothalamus and pituitary gland?,"[""thyroid"", ""adrenal"", ""pituitary"", ""stomach""]",0,sciq
What is one way people are helping the environment?,"[""They are planting trees to replace the ones that are cut."", ""They are building more roads so more people can see natural areas."", ""They are building more dumps to hold the trash we create."", ""They are using their cars more to get to places faster.""]",0,arc_easy
One of the fundamental laws of chemistry deals with the fact that we cannot create or destroy what?,"[""time"", ""protein"", ""stars"", ""matter""]",3,sciq
The nitrogen that enters living systems by nitrogen fixation is successively converted from organic nitrogen back into nitrogen gas by what?,"[""algae"", ""bacteria"", ""viruses"", ""pollen""]",1,sciq
"A person thinks they see a UFO. They look closely, but the object becomes hard to see in the night sky as","[""gets closer to the person"", ""buys a new house"", ""builds a large park"", ""it puts distance between them""]",3,openbookqa
The sun and all objects held by it's gravity make up the?,"[""milky way"", ""planet"", ""atmosphere"", ""solar system""]",3,sciq
Electrons are always added to which energy level first?,"[""the highest"", ""the lowest"", ""the major"", ""the second""]",1,sciq
"Digestive enzymes are released, or secreted, by the organs of which body system?","[""nervous system"", ""urinary system"", ""digestive system"", ""endocrine system""]",2,sciq
What disease is unpreventable in the type one form but may be prevented by diet if it is of the second type?,"[""diabetes"", ""TB"", ""Cancer"", ""Obesity""]",0,sciq
"When gametes unite during fertilization, the resulting zygote inherits two of what for each gene, one from each parent?","[""chromosomes"", ""genomes"", ""molecules"", ""alleles""]",3,sciq
"When plants undergo photosynthesis, a reaction produces sugar, oxygen, and water. During respiration, stored energy from the products of photosynthesis is converted to usable energy. In what form is the energy stored prior to use in respiration?","[""chemical energy"", ""kinetic energy"", ""light energy"", ""heat energy""]",0,arc_easy
"A girl wants to help to protect the environment, so she decides to","[""drive to work"", ""quit her job"", ""walk to work"", ""visit a friend""]",2,openbookqa
"What are the cells that break down inorganic molecules to supply energy for the cell, and use carbon dioxide as a carbon source?","[""staurikosaurus"", ""chemoautotrophs"", ""Sediments"", ""fluctuations""]",1,sciq
What prevents soil erosion on a hillside that is being farmed?,"[""slash-and-burn"", ""irrigation"", ""no-till farming"", ""terracing""]",3,sciq
In which phase do the sister chromatids separate?,"[""prophase"", ""anaphase"", ""latent phase"", ""passivation""]",1,sciq
What type of molecules do hydrogen bonds hold together?,"[""gas"", ""water"", ""carbon"", ""air""]",1,sciq
Another measure of the effectiveness of a machine is its what?,"[""aesthetic effect"", ""cost benefit"", ""mechanical advantage"", ""chemical advantage""]",2,sciq
join a negative and a positive charge through a rare metal in a gas filled globe is known as,"[""led"", ""High Pressure Sodium"", ""incandescence"", ""compact florescence""]",2,openbookqa
Which of the following climates has cold winters and hot summers?,"[""polar"", ""subtropical"", ""temperate"", ""tropical""]",2,arc_easy
What is the alkaline hydrolysis reaction of an ester called?,"[""instantiation"", ""fermentation"", ""saponification"", ""resorption""]",2,sciq
Why is it fall one month and spring another month?,"[""the moon has different phases"", ""the earth is revolving"", ""solar flares appear in cycles"", ""the earth is in a different place in its orbit""]",3,openbookqa
What kind of rock is gypsum?,"[""basalt"", ""igneous"", ""sedimentary"", ""metamorphic""]",2,sciq
What type of bacteria change nitrogen gas from the atmosphere to nitrates in soil?,"[""hydrophylic bacteria"", ""multicellular bacteria"", ""spiral bacteria"", ""nitrogen fixing bacteria""]",3,sciq
What happened to earth's species during the permian period?,"[""evolution"", ""mass extinction"", ""division"", ""duplication""]",1,sciq
Oil platforms originating from a number of oceanic placements can be related to an unintentional release of what?,"[""oil pumps"", ""nuclear fission"", ""biological created fuel"", ""solar energy""]",2,openbookqa
"Use the information to answer the question. Over the last 150 years, the use of fossil fuels has increased, resulting in more carbon dioxide and other greenhouse gases in the atmosphere. Some scientists think that these atmospheric gases will result in global warming. Scientists have recorded data on global temperature changes and have predicted possible changes in sea level that may affect Maryland residents. Using fossil fuels in the United States will most likely contribute to rising sea levels globally by","[""increasing oxygen levels"", ""decreasing oxygen levels"", ""increasing carbon dioxide levels"", ""decreasing carbon dioxide levels""]",2,arc_easy
"Rabbits are herbivores, meaning they only","[""eat metal"", ""eat people"", ""consume vegetation"", ""eat dinosaurs""]",2,openbookqa
"If your were to sit still and stare at the sky for one of the earth's rotations, you will have wasted","[""half your existence"", ""1,440 minutes"", ""your family's week"", ""2 days""]",1,openbookqa
What is the amount actually produced in a reaction called?,"[""actual yield"", ""maximum yield"", ""minimum yield"", ""individual yield""]",0,sciq
Which stage of life is typically easier for learning multiple languages?,"[""adolescenc"", ""childhood"", ""adulthood"", ""infancy""]",1,sciq
A camera can take an image and,"[""preserve it"", ""edit it"", ""lock it in"", ""produce it""]",0,openbookqa
"In some cases, the nervous system directly stimulates endocrine glands to release hormones, which is referred to as what?","[""brain stimuli"", ""active stimuli"", ""neural stimuli"", ""functional stimuli""]",2,sciq
The pollen grain absorbs water and does what after it adheres to the stigma of a carpel?,"[""reproduces"", ""dissolves"", ""blooms"", ""germinates""]",3,sciq
What can happen spontaneously or as a result of mutagens in the environment?,"[""lesions"", ""mutations"", ""traits"", ""combustion""]",1,sciq
Gaseous sulfur dioxide is a compound that combines with water in the atmosphere to form acid rain. What is the primary source of sulfur dioxide?,"[""volcanic emissions"", ""combustion of fossil fuels"", ""destruction of tropical forests"", ""mining and mineral extraction""]",1,arc_easy
Students planned an investigation that included adding a quantity of vinegar to a small amount of baking soda. Which is the best tool to measure the volume of the liquid vinegar used in the investigation?,"[""pan balance"", ""spring scale"", ""meter stick"", ""graduated cylinder""]",3,arc_easy
Which statement best describes the energy transformations that occur when a candle burns?,"[""Heat energy from the wax is converted into chemical and light energy."", ""Heat energy from the air is converted into mechanical and light energy."", ""Chemical energy from the wax is converted into light and heat energy."", ""Chemical energy from the air is converted into mechanical and light energy.""]",2,arc_easy
What happens to the physical state of water when it freezes?,"[""expands"", ""contracts"", ""changes color"", ""becomes warm""]",0,arc_easy
A polyatomic ion is an ion composed of more than one what?,"[""atom"", ""neutron"", ""nucleus"", ""pair bond""]",0,sciq
Two cats in different rooms may share information by,"[""vocalizing"", ""sleeping"", ""thinking"", ""waiting""]",0,openbookqa
Hurricanes that form in the tropics are called what?,"[""rain cyclones"", ""tornados"", ""caribbean cyclones"", ""tropical cyclones""]",3,sciq
"A student ties a string around a weight and swings the weight in a circle around her body. If the student represents the Sun and the weight represents Earth, what does the string represent?","[""gravity"", ""radiation"", ""electricity"", ""magnetism""]",0,arc_easy
What can cause a process that has a negative effect on the environment?,"[""pulleys"", ""sharks"", ""tillage"", ""ice""]",2,openbookqa
"In response to a cut, mast cells secrete histamines that cause nearby capillaries to do what?","[""harden"", ""narrow"", ""dilate"", ""constrict""]",2,sciq
Someone stranded in the Sahara can potentially save their life with a,"[""dried plant"", ""prickly plant's trunk"", ""water buffalo"", ""dead cactus""]",1,openbookqa
"A guy wants to make dinner for his family, so he puts a pan on the stove, adds some meat, and turns on the stove so that heat is being added to the pan. As the meat is warmed through, beginning to sizzle, it is","[""being juiced"", ""being seared"", ""being frozen"", ""being smoked""]",1,openbookqa
What sort of digestion do animals engage in?,"[""internal"", ""essential"", ""poison"", ""external""]",0,sciq
What are the two most common silicates?,"[""Olivine and quartz"", ""feldspar and quartz"", ""Micas\t and quartz"", ""Micas\t and feldspar""]",1,sciq
Food digestion in humans can be aided by,"[""microorganisms that have cell walls but lack organelles"", ""hundreds of white blood cells"", ""amoebas in the blood supply"", ""carbon dioxide from the respiration process""]",0,openbookqa
Plants store energy in what form?,"[""heat"", ""light"", ""chemical"", ""mechanical""]",2,arc_easy
"Unless the animal is native to a cold climate like Antarctica, it is going to need to stay warm enough in winter so it","[""Stays alive"", ""stays dead"", ""in cream"", ""in juice""]",0,openbookqa
A scientist observes that both birds and snakes in the same ecosystem depend on the same mouse species as a food source. The relationship between the birds and the snakes is an example of,"[""predation."", ""mutualism."", ""competition."", ""commensalism.""]",2,arc_easy
What theory proposes that microorganisms are the cause of many diseases?,"[""germ theory"", ""evolution theory"", ""mutated theory"", ""malignant theory""]",0,sciq
What relationship is most likely?,"[""birds eat giraffes"", ""dandelions eat worms"", ""petunias devour mice"", ""wolves eat voles""]",3,openbookqa
The topography of our only natural satellite's surface is,"[""smooth"", ""made of cheese"", ""full of gold"", ""mountainous""]",3,openbookqa
"In combination or synthesis reactions, two chemical species combine to produce a what?","[""fusion"", ""new compound"", ""alloy"", ""mixture""]",1,sciq
Camouflage MOST helps an animal with which of these life needs?,"[""Finding shelter"", ""Hiding from predators"", ""Gathering enough food"", ""Raising young""]",1,arc_easy
What structure is a larger assembly of several polypeptide chains that are now referred to as subunits of the protein?,"[""digital structure"", ""geological structure"", ""quaternary structure"", ""pyramid structure""]",2,sciq
A goat in a lush field of dense vegetation will be bestowed,"[""four lucky hooves"", ""poor growth"", ""a tin can"", ""a shiny coat""]",3,openbookqa
What is the study of rock strata called?,"[""biochemistry"", ""chemistry"", ""biology"", ""stratigraphy""]",3,sciq
"A farmer harvests seeds from some plants, such as tomatoes, in order to plant them later on. These seeds, once planted","[""have their own dirt"", ""have their own sunlight"", ""have a lot of sand"", ""contain their necessary nutrition""]",3,openbookqa
What is considered the smallest unit of life?,"[""proteins"", ""particle"", ""molecule"", ""cell""]",3,sciq
An atom is the smallest unit of what that maintains the identity of the latter?,"[""mixture"", ""organism"", ""element"", ""cell""]",2,sciq
which one of these items might have been a flower at some point?,"[""a quartz stone in a ring"", ""a bowl of chicken soup"", ""an apple in the fridge"", ""a piece of cake""]",2,openbookqa
If one is hitting ebony and ivory and making sound,"[""that is a kitchen utensil"", ""that is an instrument of pain"", ""that is a scientific instrument"", ""that is playing Chop sticks""]",3,openbookqa
Deer provide food for wolves. How does this relationship also benefit the deer herd?,"[""by protecting deer from other predators"", ""by controlling the deer population"", ""by decreasing diversity within the herd"", ""by protecting the deer from disease""]",1,arc_easy
Which would create the most pollution,"[""animals"", ""rivers"", ""smoke stacks"", ""toxicity""]",2,openbookqa
"A student hypothesizes that the amount of water a plant receives will affect how long it grows before reaching maturity. To test this hypothesis, the student will need","[""several digital scales."", ""a wet paper towel."", ""several identical plant seeds."", ""different sizes of containers.""]",2,arc_easy
Which three things do animals need from their environment in order to survive?,"[""soil, water, and food"", ""soil, light, and water"", ""air, food, and water"", ""air, water, and light""]",2,arc_easy
A beach ball goes from flat to round once you put what inside of it?,"[""food"", ""sunlight"", ""gas"", ""salt""]",2,openbookqa
"In the solar system, moons orbit planets. Which of these do planets orbit?","[""the Sun"", ""Halley's comet"", ""the asteroid belt"", ""a black hole""]",0,arc_easy
In addition to a nucleus what do eukaryotic cells have?,"[""organelles"", ""electrons"", ""protons"", ""nutrons""]",0,sciq
The energy required to remove an electron from a gaseous atom is called?,"[""ionization energy"", ""potential energy"", ""fission energy"", ""vapor energy""]",0,sciq
What kind of charges do protons give the nucleus?,"[""negative"", ""positive"", ""neutral"", ""dynamic""]",1,sciq
A student has recorded rainfall amounts for 28 days and uses a calculator to determine the total rainfall. What does the student calculate when she divides the total rainfall by 28?,"[""mean rainfall"", ""rainfall mode"", ""median rainfall"", ""percentage of rainfall""]",0,arc_easy
Michelle is interested in improving the quality of the soil in her yard. She wants more water and air to penetrate the soil. What should she add to the soil to help her achieve this goal?,"[""bacteria"", ""fertilizers"", ""pesticides"", ""earthworms""]",3,arc_easy
Sex-linked traits are located on genes on what chromosomes?,"[""reactive"", ""neural"", ""dna"", ""sex""]",3,sciq
Damages and deaths are directly affected by what in an earthquake?,"[""structures"", ""shaking"", ""natural"", ""construction""]",3,sciq
What happens to the level of relative humidity in the evening as air temperature declines?,"[""it goes up and down"", ""it falls"", ""it rises"", ""nothing""]",2,sciq
What takes place as a light wave enters a denser medium?,"[""it is reflected"", ""it is absorbed"", ""it is refracted"", ""it is compressed""]",2,arc_easy
"Do most humans feed at one trophic level, or more than one?","[""less than one"", ""one"", ""more than one"", ""none""]",2,sciq
What are chromosomes made of?,"[""amino acids"", ""dna and proteins"", ""muscle tissue"", ""sperm and proteins""]",1,sciq
Which construction material previously used in factories and in homes caused cancer?,"[""asbestos"", ""Alkylphenols"", ""Paints contains lead"", ""Silica""]",0,sciq
Where water be located in its gas form?,"[""inside a disc golf driver"", ""inside of a brass pipe"", ""a mile up in the sky"", ""inside a leather baseball""]",2,openbookqa
"A student is studying different aspects of science, and today's area is magnetic properties. The student has a magnet, and is testing which sort of objects the magnet will have an attraction to. The student is surprised that the magnet tugs itself towards","[""a plastic cup"", ""a plaster wall"", ""a grey stone"", ""a paper plate""]",2,openbookqa
Which sustains life yet stopped growing?,"[""air"", ""a bush"", ""a rock"", ""a felled tree""]",3,openbookqa
The population of plants will go down if,"[""nobody cuts them down"", ""the people leave them alone"", ""the rabbits avoid them"", ""there's less liquid around""]",3,openbookqa
How does the distance between galaxies change as the universe expands?,"[""it decreases"", ""it increases"", ""it becomes irrelevant"", ""it is unchanged""]",1,sciq
The shape of the path of an object undergoing projectile motion in two dimensions is a what?,"[""parabola"", ""circle"", ""radius"", ""orbit""]",0,sciq
Tom and Bill were both pushing on a large plastic ball but it stayed in one place. Why?,"[""the ball was being stubborn"", ""the ball was large and made of iron"", ""they were pushing from opposite sides using the same muscle power"", ""the ball was 2 miles across""]",2,openbookqa
"In a genetics investigation, students used two red straws to represent male parent DNA. They used two green straws to represent female parent DNA. The offspring in this activity are best represented by","[""either one red straw or one green straw."", ""two green straws."", ""two red straws."", ""one red straw and one green straw.""]",3,arc_easy
Which is competition?,"[""a giraffe eats the highest leaves"", ""a bear takes a salmon from the stream"", ""a shark eats a tuna that an orca was hunting"", ""a slug eats a blade of grass""]",2,openbookqa
What are sores in the lining of the stomach or duodenum that are usually caused by bacterial infections or acidity?,"[""lesions"", ""clots"", ""ulcers"", ""hernia""]",2,sciq
Which two solar system objects have the least amount of distance between them?,"[""the Sun and Mars"", ""Earth and Jupiter"", ""the Sun and Earth"", ""Earth and the Moon""]",3,arc_easy
Seals have an instinct to give birth in the same area every year. Where do seals give birth normally?,"[""Jupiter"", ""space"", ""waterfronts"", ""houses""]",2,openbookqa
Which of the following properties of a substance is conserved during thermal expansion?,"[""mass"", ""volume"", ""shape"", ""distance between particles""]",0,arc_easy
Covalent compounds form individual molecules rather than what?,"[""carbon"", ""crystals"", ""atoms"", ""chemicals""]",1,sciq
What is the science of classifying the many organisms on earth called?,"[""taxonomy"", ""terminology"", ""methodology"", ""general classification""]",0,sciq
When a wolf is buried what will happen to other wolves?,"[""small change"", ""learn to fly"", ""less of them"", ""more of them""]",2,openbookqa
Pairs of nitrogenous bases are attached to each other by?,"[""potassium bonds"", ""ionic bonds"", ""hydrogen bonds"", ""magnetism""]",2,sciq
A thermal insulator slows the transfer of what?,"[""warmness"", ""light"", ""energy"", ""liquid""]",0,openbookqa
The strength of a hurricane increases as moisture and what increase?,"[""hotness"", ""animals"", ""water"", ""anger""]",0,openbookqa
Which number is closest to the estimated number of stars in the Milky Way galaxy?,"[""200 thousand"", ""200 million"", ""200 billion"", ""200 trillion""]",2,arc_easy
Miletinae in the air above will have gone through a transmutation and would have already gone through what pre imago but post egg stage ?,"[""egg stage"", ""old stage"", ""stage after larva"", ""moth stage""]",2,openbookqa
"Just like with humans, if another organism consumes more calories than it burns off, it will inevitably","[""get fatter"", ""run"", ""fly"", ""die""]",0,openbookqa
At 10 A.M. the Sun is shining on a puddle of water on the road. At 2 P.M. the Sun is still shining and the puddle has disappeared. What happened to the water?,"[""It rained."", ""It condensed."", ""It evaporated."", ""It froze.""]",2,arc_easy
In what year was the hardy-weinberg theorem formulated?,"[""1938"", ""1901"", ""1928"", ""1908""]",3,sciq
how can one alter plants without interacting directly with it?,"[""do a rain dance"", ""all of these"", ""leave it as it is"", ""change its current habitat""]",3,openbookqa
What is the name of the relatively large gland in the neck that secretes thyroxin?,"[""Pancreas"", ""thyroid"", ""Pituitary"", ""Thyroid""]",1,sciq
Which is an example of sound reaching the ear?,"[""a cello"", ""taste testing"", ""a silent movie"", ""a comic book""]",0,openbookqa
Which most likely requires the aid of specialized tissues at the ends of stems?,"[""human assisted space travel"", ""the quick growth of bamboo"", ""cats digging with their claws"", ""the slow growth of mammals""]",1,openbookqa
Overpopulation can cause,"[""More fresh water for people to drink"", ""Lower Life Expectancy in Countries"", ""More food for more people"", ""More space for places to people to live""]",1,openbookqa
Frogs and toads have long back legs which are specialized for what action?,"[""flying"", ""jumping"", ""sprinting"", ""swimming""]",1,sciq
On what lobe of the liver is the gallbladder near?,"[""left lobe"", ""central lobe"", ""right lobe"", ""internal lobe""]",2,sciq
"When the population of an organism decreases to the point that it is considered very likely it will soon reach zero, the organism is considered","[""Extinct"", ""Near-threatened"", ""Vulnerable"", ""Endangered""]",3,openbookqa
A level area near a steady flow of water is,"[""large salt-water ocean"", ""a mountain peak"", ""a fjord"", ""a flood plain""]",3,openbookqa
"The most important characteristic of extant amphibians is a moist, permeable skin used for this?","[""cutaneous respiration"", ""simple respiration"", ""avian respiration"", ""benign respiration""]",0,sciq
What do jellyfish use to startle predators?,"[""black light"", ""bicellular light"", ""visible light"", ""harsh light""]",2,sciq
migration is when what move to different locations in an annual cycle?,"[""animal figurines"", ""sedentary animals"", ""habitual creatures"", ""currents""]",2,openbookqa
Why do homonuclear diatomic molecules have zero dipole moment?,"[""no electrical attraction"", ""no activation energy"", ""at homeostasis"", ""no difference in electronegativity""]",3,sciq
Acids turn blue litmus paper which color?,"[""grey"", ""red"", ""purple"", ""white""]",1,sciq
Which ability is the most useful for making observations?,"[""senses"", ""memory"", ""creativity"", ""imagination""]",0,arc_easy
What type of bonds contain atoms that possess either a partial positive or a partial negative charge?,"[""polar bonds"", ""ionic bonds"", ""geologic bonds"", ""hot bonds""]",0,sciq
Where does fertilization usually take place?,"[""uterus"", ""ovary"", ""vagina"", ""fallopian tubes""]",3,sciq
Ozone loss increases the amount of what high-energy radiation that strikes earth?,"[""ultraviolet"", ""microwaves"", ""gamma rays"", ""infrared""]",0,sciq
What do we call the temperature at which a substance melts?,"[""boiling point"", ""melting point"", ""evaporation point"", ""precipitation point""]",1,sciq
Which condition is most likely to cause the formation of a temperature inversion?,"[""rapid cooling of the ground at night"", ""high wind on a sunny morning"", ""saturation of soil with warm rain"", ""rapid collision of warm and cold fronts""]",0,arc_easy
What travels through the stem of a plant?,"[""water and food"", ""food and nectar"", ""nectar and soil"", ""soil and water""]",0,arc_easy
Carlos was playing on a slide on a sunny summer day. Which property of the slide tells Carlos how much energy the slide absorbed from the Sun?,"[""the mass"", ""the color"", ""the height"", ""the temperature""]",3,arc_easy
Which of the following would be excluded from a list of ecosystems?,"[""desert"", ""snow"", ""rain forest"", ""tundra""]",1,openbookqa
What basic plant structure facilitates dispersal of pollen and fruit by raising reproductive structures?,"[""stem"", ""leaf"", ""flower"", ""root""]",0,sciq
"Prokaryotic cells do not have a nucleus but instead generally have a single chromosome, a piece of double-stranded dna located in an area of the cell called the what?","[""lysosome"", ""nucleoid"", ""spicule"", ""cytoplasm""]",1,sciq
Louis Pasteur's work in the nineteenth century on pasteurization greatly improved,"[""the quality of food."", ""the prediction of weather."", ""the availability of medication."", ""the effectiveness of vaccinations.""]",0,arc_easy
Which of the following crops was the first staple in the human diet?,"[""wheat"", ""barley"", ""corn"", ""rice""]",0,openbookqa
"The digestive, excretory, and reproductive systems of amphibians share a body cavity called what?","[""stoma"", ""cloaca"", ""urethra"", ""anus""]",1,sciq
The release of calcium ions initiates what?,"[""exhalation"", ""cramps"", ""spasms"", ""muscle contractions""]",3,sciq
A plant would prefer,"[""orange juice"", ""Dasani"", ""apple juice"", ""fire""]",1,openbookqa
"Nerves of the hands, arms, feet, legs, and trunk are part of what system?","[""urinary system"", ""circulatory system"", ""cardiovascular system"", ""peripheral nervous system""]",3,sciq
"in the presence heat, which of these comes about?","[""a melted snocone at the cafeteria"", ""an ice cream cone"", ""a piece of gum"", ""a large metamorphic rock""]",0,openbookqa
What are the two possible reduction products for brf3?,"[""brf and br2"", ""brf2 and brf4"", ""brf and brf4"", ""brg and brf""]",0,sciq
"In scientific investigations, descriptive statistics are useful for summarizing the characteristics of large what?","[""organisms"", ""samples"", ""tissues"", ""questions""]",1,sciq
An example of electrical energy is,"[""air"", ""audio speakers"", ""candles"", ""grass""]",1,openbookqa
"The voltages generated at a power plant are stepped up by what passive devices, which then reduce voltage to a safe level at the point of use?","[""transistors"", ""batteries"", ""transformers"", ""capacitors""]",2,sciq
In mammals what does the zona pellucida protect?,"[""egg"", ""sperm"", ""fetus"", ""testes""]",0,sciq
Some students have gathered a collection of rock samples from the school yard to study. They scraped the rocks against a piece of quartz from the school lab. Which property of minerals are the students investigating?,"[""texture"", ""hardness"", ""color"", ""streak""]",1,arc_easy
What is the fan-like superior region that forms the largest part of the hip bone and is united to the sacrum at the largely immobile sacroiliac joint?,"[""spine"", ""ilium"", ""septum"", ""pica""]",1,sciq
What is a common age-related bone disease in which bone density and strength is decreased?,"[""osteoporosis"", ""lupus"", ""arthritis"", ""fibrosis""]",0,sciq
Amorphous selenium is a photosensitive what?,"[""electromagnet"", ""semiconductor"", ""diffusion"", ""insulator""]",1,sciq
"Sal is looking at a map of Massachusetts. He has measured the distance, in inches, from Boston to Salem on the map. He wants to know how many actual miles the inches represent. What feature of the map should he look for?","[""key"", ""scale"", ""legend"", ""compass""]",1,arc_easy
A caterpillar is a part one of the mundane four stage life cycle of,"[""a machine"", ""a company"", ""an engine"", ""a colorful invertebrate""]",3,openbookqa
When do alkane reactions usually occur?,"[""underwater"", ""under extreme conditions"", ""in cold climates"", ""at high altitudes""]",1,sciq
An extremely rapid surge of rising flood water that moves across usually dry land at about 30 feet or more each second is powerful enough to,"[""keep the land dry"", ""lift and carry a tall mountain"", ""lift a 250-ton object off the ground"", ""reach high in the sky""]",2,openbookqa
"Aerobic exercise helps improve the cardiovascular system, while what exercise causes muscles to get bigger and stronger?","[""endurance"", ""anaerobic"", ""enzymatic"", ""skeletal""]",1,sciq
A scientist needs to take a picture of the well-ordered arrangements of the atoms and molecules within a substance. Which of the following instruments would be best for the scientist to use?,"[""a laser light with holograph."", ""a seismograph."", ""an electron microscope."", ""a stereoscope.""]",2,arc_easy
What is the process in which a liquid boils and changes to a gas?,"[""sublimation"", ""freezing"", ""melting"", ""vaporization""]",3,sciq
"Over the course of a calendar month, the moon may","[""resolve"", ""burn"", ""float"", ""spin""]",3,openbookqa
Which is a carnivore?,"[""a cow"", ""a caterpillar"", ""a vegan"", ""a shark""]",3,openbookqa
the contents of which of these will attract a natural honey producer to it?,"[""a tree bark"", ""a tree trunk"", ""a colorful hibiscus"", ""a green leaf""]",2,openbookqa
When would a nocturnal predator most likely hunt?,"[""5 p.m."", ""12 p.m."", ""3 a.m."", ""10 a.m.""]",2,openbookqa
A paper bag is ripped into pieces. Which of these BEST describes the pieces of the bag?,"[""Stronger than the whole bag"", ""Thicker than the whole bag"", ""Smaller than the whole bag"", ""Darker than the whole bag""]",2,arc_easy
What natural process is associated with the death of cells?,"[""reducing"", ""dissolving"", ""aging"", ""cooling""]",2,sciq
Where in the cell does transcription occur?,"[""protoplasm"", ""epidermis"", ""cell wall"", ""nucleus""]",3,sciq
What system includes the brain and the spinal cord?,"[""digestive"", ""lymbic"", ""central nervous"", ""muscular""]",2,sciq
"In the nematic phase, only the long axes of the molecules are parallel, and the ends are staggered at random intervals. in the smectic phase, the long axes of the molecules are parallel, and the molecules are also arranged in planes. finally, in thecholesteric phase, the molecules are arranged in layers; each layer is rotated with respect to the ones above and below it to give it this?","[""layer structure"", ""kinetic energy"", ""spiral structure"", ""symmetry""]",2,sciq
When matter recycles and changes state what does it gain or lose by doing so?,"[""energy"", ""volume"", ""fuel"", ""density""]",0,sciq
What explains the characteristic lunar formations?,"[""remains of ancient ponds"", ""many collisions that have occured"", ""volcanic explosions over millions of years"", ""sink holes due to the moons porous nature""]",1,openbookqa
What can be used more than one time?,"[""coal"", ""soda bottle"", ""gas"", ""oil""]",1,openbookqa
The appendicular skeleton is made up of all bones of the upper and lower what?,"[""organs"", ""limbs"", ""digestive tract"", ""hemispheres""]",1,sciq
"In 1933, a hurricane came ashore at Ocean City, Maryland. A hurricane negatively affects a coastline by","[""causing erosion"", ""causing earthquakes"", ""increasing food production"", ""increasing the growth of grasses""]",0,arc_easy
A student writes in a laboratory notebook: I placed a piece of iron in a beaker of water and the iron sank to the bottom of the beaker. What the student wrote in the laboratory notebook is an example of a(n),"[""observation"", ""prediction"", ""inference"", ""hypothesis""]",0,arc_easy
Where are about 75% of the tar sands in the world located?,"[""venezuela and alberta, canada"", ""alberta, canada and peru"", ""venezuela and onatrio,canada"", ""china and onatrio, canada""]",0,sciq
"Because it can be controlled intentionally, skeletal muscle is also called what type of muscle?","[""automatic"", ""necessary"", ""voluntary"", ""involuntary""]",2,sciq
Vascular tissue allowed these plants to do what?,"[""grow smaller"", ""have more flowers"", ""grow taller"", ""live shorter""]",2,sciq
Which of these elements is found in the greatest amount in organisms?,"[""carbon"", ""iron"", ""lead"", ""neon""]",0,arc_easy
A pulley is used to do what with objects?,"[""crush"", ""cool"", ""increase altitude"", ""elevate significance""]",2,openbookqa
"While robins refuse to eat much aside from insects, worms and fruit, most birds can make a nice meal out of","[""potato boxes"", ""small beds"", ""wildflower kernels"", ""grass stains""]",2,openbookqa
What is a large molecule with many repeating units?,"[""cells"", ""supermolecule"", ""plasma"", ""polymer""]",3,sciq
Thermometers,"[""can help you monitor a fever"", ""indicate levels of mercury in the blood"", ""read exactly at 98.6 degrees"", ""are used only for babies""]",0,openbookqa
Examples of what process are evident in many biological systems because cells are surrounded by semipermeable membranes?,"[""reproduction"", ""osmosis"", ""apoptosis"", ""photosynthesis""]",1,sciq
"When acellular slime molds swarm, they fuse together to form a single cell with many what?","[""digestive tracts"", ""cytoplasm"", ""nuclei"", ""lungs""]",2,sciq
Mineral crystals that form when magma cools are usually _______ than crystals that form when lava cools.,"[""older"", ""denser"", ""larger"", ""smaller""]",2,sciq
An organism eats grass and is preyed upon by a carnivore. Which categories describe this organism?,"[""producer and consumer"", ""consumer and herbivore"", ""decomposer and producer"", ""herbivore and decomposer""]",1,arc_easy
Acid can be used to make a new,"[""light"", ""substance"", ""electricity"", ""sound""]",1,openbookqa
The function of your lungs be impaired on,"[""a small sailboat"", ""Saturn's rings"", ""a windswept beach"", ""a pleasant meadow""]",1,openbookqa
What type of plants do not typically require deep roots or woody stems?,"[""surface plants"", ""aquatic plants"", ""bacterial plants"", ""dry plants""]",1,sciq
Teeth in the back of the mouth are used for what?,"[""swallowing food"", ""tearing food"", ""cutting food"", ""grinding food""]",3,sciq
The magnitude of the wave function at a particular point in space is proportional to what property of the wave at that point?,"[""voltage"", ""amplitude"", ""Sounding"", ""frequency""]",1,sciq
Bacterial contamination of foods can lead to digestive problems called what?,"[""cancer"", ""food poisoning"", ""butterflies in your stomach"", ""the flu""]",1,sciq
What leads to multiple copies of a chromosomal region?,"[""minimilizations"", ""duplications (or amplifications )"", ""subtractions"", ""gene modification""]",1,sciq
"The cytoplasm is all the contents of the cell inside the cell membrane, with the exception of what?","[""nucleus"", ""lysosome"", ""molecules"", ""vacuole""]",0,sciq
Partial albinism results from a mutation in an enzyme that is involved in the production of what?,"[""cytoplasm"", ""melanin"", ""cancer"", ""hair""]",1,sciq
Puerto Rico experienced many landslides due to Hurricane Maria in,"[""2017"", ""2015"", ""2012"", ""2009""]",0,openbookqa
I can use a microscope to,"[""Look at an elephant"", ""Look at the sun shine"", ""Watch a mouse eat food"", ""see the pores in a plant""]",3,openbookqa
A galaxy is best described as a cluster of,"[""hundreds of stars."", ""thousands of stars."", ""millions of stars."", ""billions of stars.""]",3,arc_easy
What makes it difficult to hear on the moon?,"[""lack of air"", ""stiff breezes"", ""wind"", ""sea monsters""]",0,openbookqa
"if a spoon was placed outside under our closest star, what could happen to it?","[""it would shrink smaller"", ""it would feel warmer to touch"", ""it would freeze over"", ""it would become a gas""]",1,openbookqa
People shiver when they are cold and animals:,"[""sleep"", ""do the same"", ""pant"", ""pace""]",1,openbookqa
What is the three-dimensional structure of a single polypeptide called?,"[""immature Structure"", ""Cysteine structure"", ""tertiary structure"", ""immature structure""]",2,sciq
When would a habitat be considered destroyed?,"[""all trees have been razed"", ""the lake is overflooded"", ""the desert experiences high winds"", ""the tundra's average temperature increases slightly""]",0,openbookqa
What directs the amino acids to be introduced into the growing protein chain in the proper sequence?,"[""organism template"", ""gene template"", ""organelle template"", ""rna template""]",3,sciq
What might be harder to digest?,"[""corn"", ""spinach"", ""water"", ""eggs""]",0,openbookqa
What atoms make up a water molecule?,"[""alumhg and oxygen"", ""hydrogen and oxygen"", ""Sodium and Oxygen"", ""One Hydrogen""]",1,sciq
Last year Steve was shorter than his brother. This year Steve is taller than his brother. What cell process is directly responsible for Steve's growth?,"[""diffusion"", ""mitosis"", ""osmosis"", ""respiration""]",1,arc_easy
Which material is the best natural resource to use for making water-resistant shoes?,"[""cotton"", ""leather"", ""plastic"", ""wool""]",1,arc_easy
"Mitosis occurs in living things when a cell divides to produce two cells. Compared to the original cell, how many chromosomes are in each of the resulting cells?","[""half as many"", ""the same number"", ""twice as many"", ""an unpredictable number""]",1,arc_easy
Some types of trees are able to survive the heat of a forest fire. Which of the following characteristics would best help a tree survive a fire?,"[""large leaves"", ""shallow roots"", ""thick bark"", ""thin trunks""]",2,arc_easy
Which statement best describes the development of a human embryo?,"[""A single cell becomes many cells."", ""Each cell has a different function."", ""Many cells combine to form one cell."", ""All the cells have the same function.""]",0,arc_easy
How does a student best avoid becoming dehydrated during a field investigation on a hot day?,"[""drink water from a bottle"", ""wear a wide-brimmed hat"", ""drink a lot before leaving school"", ""drink from a clear running stream""]",0,arc_easy
In the food chain process fungi have the role of what?,"[""putrefiers"", ""builders"", ""creators"", ""consumers""]",0,openbookqa
What flows like taffy or hot wax?,"[""gas"", ""molten rock"", ""sand dunes"", ""water""]",1,sciq
What is the purpose of water molds in fresh water environments?,"[""fish food"", ""oxygen production"", ""wave production"", ""decomposition""]",3,sciq
Which characteristic of a cell membrane allows it to control materials entering and leaving a cell?,"[""A cell membrane is surrounded by fluid."", ""A cell membrane is semipermeable."", ""A cell membrane holds organelles in place."", ""A cell membrane is found in plant and animal cells.""]",1,arc_easy
What is the raw material for evolution by natural selection called?,"[""genetic variation"", ""mutation"", ""comparable variation"", ""pattern variation""]",0,sciq
Where would more water fall from the sky yearly?,"[""inside of a mansion"", ""a place where wild camels roam"", ""a place where a lot of grass grows"", ""on dark side of the moon""]",2,openbookqa
What is another word for thermal energy?,"[""solar"", ""heat"", ""temperature"", ""humidity""]",1,sciq
"What falls roughly in the middle of the electromagnetic spectrum, having shorter wavelengths and higher frequencies than microwaves, but not as short and high as x rays?","[""radio waves"", ""ultraviolet light"", ""gamma rays"", ""light""]",3,sciq
What is the measure of change in velocity of a moving object?,"[""transmission"", ""vibration"", ""acceleration"", ""kinetic energy""]",2,sciq
"If a lump of clay is dropped into water, what will occur?","[""Will float"", ""Will dissolve"", ""it will sink"", ""Will break up""]",2,sciq
What is the tough tissue that contains collagen?,"[""membrane"", ""muscle"", ""cartilage"", ""fiber""]",2,sciq
What do decomposers release back to the environment after they break down the remains and other wastes?,"[""simple inorganic molecules"", ""unrefined waste"", ""nematodes"", ""carbon monoxide""]",0,sciq
Which is the final step of cell division?,"[""cytokinesis"", ""Mitosis"", ""electrolysis"", ""genesys""]",0,sciq
"In the case of a light bulb, electricity is converted to light and what kind of energy?","[""nuclear"", ""abstract"", ""thermal"", ""chemical""]",2,sciq
"When a stream or river slows down, it starts dropping its what?","[""fragments"", ""organisms"", ""pollutants"", ""sediments""]",3,sciq
Tides on Earth are mostly caused by the gravitational pull of,"[""the Sun."", ""stars."", ""the Moon."", ""asteroids.""]",2,arc_easy
A bee depends on certain flowers for food. The flowers depend on the bee to,"[""carry pollen for reproduction."", ""make sugars for photosynthesis."", ""remove wastes for healthy growth."", ""sting herbivores for protection.""]",0,arc_easy
"What governs motions of stars, galaxies and other celestial objects orbiting one another?","[""electrical force"", ""frictional force"", ""magnetic force"", ""gravitational force""]",3,sciq
What is the name of the part that connects the vagina with the uterus?,"[""urethra"", ""ovary"", ""vulva"", ""cervix""]",3,sciq
Electricity sent through a conductor,"[""halts the functioning of the conductor"", ""moves like traffic through a green light"", ""causes fire to flow through the conductor"", ""flows heat back to the conductor""]",1,openbookqa
"If you wanted to be able to look at the stars, the planets, and the Moon more closely, what should you use?","[""Telescope"", ""Periscope"", ""Microscope"", ""Magnifying glass""]",0,arc_easy
Quartz may produce rainbows when light is shined,"[""around the crystal's area"", ""through any of its sides"", ""in the room its in"", ""in to a mirror at it""]",1,openbookqa
"Where are the terrestrial planets located, in relation to the sun?","[""farthest"", ""To the left"", ""closest"", ""To the right""]",2,sciq
What happens when a sodium atom loses an electron?,"[""becomes sodium ion"", ""gains a proton"", ""combines with hydrogen"", ""becomes calcium""]",0,sciq
Which energy transformation takes place in a gasoline lawn mower?,"[""potential energy to electrical energy"", ""electrical energy to potential energy"", ""kinetic energy to chemical energy"", ""chemical energy to mechanical energy""]",3,arc_easy
Where does most geological activity take place?,"[""plate buildings"", ""plate boundaries"", ""plate medians"", ""plate waves""]",1,sciq
What is the permanent prevention of gamete production or release called?,"[""restoration"", ""sterilization"", ""fertilization"", ""insemination""]",1,sciq
What type of bacteria are sometimes used as weapons of bioterrorism?,"[""avian"", ""carcinogenic"", ""pathogenic"", ""hypothermic""]",2,sciq
"Volcanoes can be active, dormant, or what else?","[""remnant"", ""extinct"", ""burgeoning"", ""still""]",1,sciq
"When washing laundry, dishes, or taking a bath, it is vital to have","[""seven pails for water"", ""a hot water heater in the city"", ""a large brush for scrubbing"", ""water which is warmed to acceptable temperatures""]",3,openbookqa
When light enters the eye through the pupil the light falls on the what?,"[""brain"", ""optic disk"", ""retina diagram"", ""nose""]",1,openbookqa
What type of minerals are often found where seas once covered the land?,"[""magnesium"", ""crystals"", ""sea salt"", ""carbonate""]",3,sciq
What type of species have a large effect on the balance of organisms in an ecosystem?,"[""decomposers"", ""producers"", ""keystone"", ""secondary consumers""]",2,sciq
Weathering is,"[""wheat growing in a field"", ""peat moss growing on river rocks"", ""air plants growing in a shell"", ""a dandelion growing thru a line in asphalt""]",3,openbookqa
What forms the changing shapes of sand dunes?,"[""wind"", ""humidity"", ""magnetism"", ""temperature""]",0,sciq
Fertilization occurs if a sperm enters the egg while it is passing through what tube?,"[""ovarian"", ""anterior"", ""vaginal"", ""fallopian""]",3,sciq
animals are unable to stay in good health without enough,"[""sustenance"", ""video games"", ""socks"", ""doors""]",0,openbookqa
"When a rock is placed in a graduated cylinder containing water, the height of the water will","[""decrease"", ""increase"", ""remain the same""]",1,arc_easy
What is the most common type of cancer in adult females?,"[""skin"", ""bone"", ""breast"", ""lung""]",2,sciq
Which disease occurs when there is not enough hemoglobin in the blood?,"[""Pulmonary"", ""Respiratory"", ""Diabetes"", ""anemia""]",3,sciq
The energy of a wave depends on time as well as what other property of the wave?,"[""force"", ""power"", ""frequency"", ""amplitude""]",3,sciq
"When chlorine gas reacts with sodium metal, what type of substance is formed?","[""A mixture"", ""A compound"", ""An element"", ""An alloy"", ""A solution""]",1,arc_easy
"The outer planets are made of hydrogen and helium, so they are termed what?","[""hydrogen giants"", ""gas giants"", ""helium giants"", ""light giants""]",1,sciq
"Unlike bird eggs, reptile's eggs are","[""symmetrical"", ""Neon green"", ""magical"", ""watermelons""]",0,openbookqa
What type of molecules help the plasma membrane keep its shape?,"[""proteins"", ""magnesium"", ""cholesterol"", ""metabolic""]",2,sciq
Which statement is a description of weather?,"[""Summers in Tucson are hot and dry."", ""Winters in Flagstaff are cold and snowy."", ""The temperature is 55\u00b0 F in Winslow today."", ""The Sun will set in Yuma today at 6:45 p.m.""]",2,arc_easy
The ionic end of a detergent can either be a sulfate or what?,"[""molecule"", ""calcite"", ""phosphate"", ""sulfonate""]",3,sciq
Support cables in a suspension bridge are most stressed by which of the following forces?,"[""shear"", ""torsion"", ""tension"", ""compression""]",2,arc_easy
What do you call a substance that cannot be broken down to other substances by chemical reactions.?,"[""a participate"", ""a molecule"", ""an element"", ""a compound""]",2,sciq
What do some animals use to adapt to hot temperatures?,"[""perspiration"", ""eating"", ""fire"", ""blankets""]",0,openbookqa
What determines which codon in the mrna the trna will bind to?,"[""gene"", ""anticodon"", ""exon"", ""amnion""]",1,sciq
What particles ancient greeks propose that matter consists of ?,"[""ions"", ""atoms"", ""ether"", ""molecules""]",1,sciq
Ann makes hats for people. She has each person select the fabric and a hat style before she makes the hat to fit the person's head size. Which type of manufacturing system is Ann most likely using to make hats?,"[""mass production"", ""custom production"", ""automated production"", ""assembly line production""]",1,arc_easy
"Depending on the surrounding conditions, normal matter usually exists as one of three phases: solid, liquid, or this?","[""fluid"", ""gas"", ""ice"", ""crystal""]",1,sciq
Tiny droplets of water seen floating in the air can give scientists a clue about the weather. What are groups of these droplets called?,"[""hail"", ""rain"", ""a front"", ""a cloud""]",3,arc_easy
Which of these animals could keep itself warmest?,"[""a squirrel"", ""a whale"", ""a chihuahua"", ""a cat""]",1,openbookqa
The water treatment plant boiled all the water that came to them for what reason?,"[""add oxygen"", ""add health benefits"", ""to eliminate substances"", ""mix the water""]",2,openbookqa
What is the term for genes that control the expression of other genes within specific regions of cells in the developing organism?,"[""gap genes"", ""age genes"", ""data genes"", ""expression genes""]",0,sciq
The carbon cycle can be thought of in terms of two interdependent cycles - cellular respiration and what else?,"[""glycolysis"", ""spermatogenesis"", ""pollination"", ""photosynthesis""]",3,sciq
"if a place has experienced fog, what could be responsible?","[""there has been excess condensed vapor"", ""animals are reproducing currently"", ""the local deities are angry"", ""the water lacks oxygen""]",0,openbookqa
an earthquake causes the ground to,"[""recite poetry"", ""bounce and jump"", ""grow fruit"", ""run marathons""]",1,openbookqa
Moving water in a river is considered a renewable resource because it,"[""carries dissolved oxygen"", ""easily erodes sediments"", ""is made of natural gas"", ""can be recycled by nature over time""]",3,arc_easy
Zinc reacting with hydrochloric acid produces bubbles of which gas?,"[""carbon"", ""hydrogen"", ""mustard"", ""helium""]",1,sciq
How many large eggs are generated during oogenesis?,"[""3"", ""2"", ""one"", ""4""]",2,sciq
The more active an animal is,"[""their water level will stay steady"", ""the less H2O they need to stay hydrated"", ""the more H20 they should take in"", ""the less likely they are to sweat or pant""]",2,openbookqa
What is the primary job of red blood cells?,"[""transport oxygen"", ""remove waste"", ""fight disease"", ""allow reproduction""]",0,arc_easy
The pollen tube discharges two sperm into the female gametophyte after what occurs?,"[""excrement"", ""evolution"", ""hibernation"", ""pollination""]",3,sciq
What general property of an earthquake is used to describe its relative strength?,"[""resonance"", ""latitude"", ""amplitude"", ""magnitude""]",3,sciq
Why would something appear blue?,"[""it reflects the same wavelength as fire"", ""it reflects the same wavelength as coal"", ""it reflects the same wavelength as the sun"", ""it reflects the same wavelength as the sea""]",3,openbookqa
Nectar is used to attract pollinators to what?,"[""flora"", ""animals"", ""soil"", ""hives""]",0,openbookqa
The heart is a muscular organ that pumps blood through which system?,"[""endocrine"", ""pulmonary"", ""circulatory"", ""nervous""]",2,sciq
The inventor of pasteurization also worked on,"[""vaccinations"", ""telephones"", ""automobiles"", ""electricity""]",0,openbookqa
Monoecious flowers are also known as “perfect” flowers because they contain both types of what organ?,"[""sex organ"", ""respiratory organ"", ""phloem"", ""vascular organ""]",0,sciq
"A tortoise died many years ago, but it is easy to tell that what was left behind was from a tortoise because in the rock there are","[""muscles"", ""skeletal system"", ""organs"", ""candy pieces""]",1,openbookqa
The arctic is white in coloring,"[""because it's overpopulated with polar bears"", ""because it's covered in white lilies"", ""because it's blanketed in crystalline ice water"", ""because it's gets so little sunlight""]",2,openbookqa
"If a classroom experiment involves the use of several unidentified chemical solutions, which factor would be most important in maintaining safety during the experiment?","[""The classroom would be fairly cold."", ""The classroom would have poor lighting."", ""The classroom would have good ventilation."", ""The classroom would have carpet on the floors.""]",2,arc_easy
"A boy is lost in a heavily forested area, and the only help he has is a small compass. He knows that his house is to the south of him, but in the direction he is facing, the arrow on the compass is showing that he is currently walking due north. Therefore, the boy","[""turns right"", ""turns left"", ""turns around"", ""keeps straight""]",2,openbookqa
"a soil in a village seems to be nutrient deficient, what might have happened?","[""the soil is angry"", ""the soil has been taken over by dogs"", ""the gods are angry"", ""there has been too much cultivation""]",3,openbookqa
The skeletal system protects which of these?,"[""liver"", ""eyelashes"", ""finger nails"", ""blood vessels""]",0,openbookqa
"Only a small percent of earth's water is what type, as opposed to saltwater?","[""runoff"", ""groundwater"", ""rainwater"", ""fresh""]",3,sciq
"As distance from the source increases, the area covered by the sound waves increases, lessening what?","[""velocity"", ""density"", ""duration"", ""intensity""]",3,sciq
Which of these is MOST likely made from only one material?,"[""A pencil"", ""A bicycle"", ""A paper clip"", ""A pair of shoes""]",2,arc_easy
What type of protein fibers in the cytoskeleton are the narrowest?,"[""macrophages"", ""microfilaments"", ""capillaries"", ""mitosis""]",1,sciq
Which is a unit of measure for length?,"[""meters"", ""degrees"", ""milliliters"", ""atmospheres""]",0,arc_easy
What needs measurements taken in the morning and evening?,"[""coastal range"", ""tidal range"", ""wave length"", ""apex""]",1,openbookqa
"if a person eats a fruit, it is possible it was once which of these?","[""none of these"", ""it was a reproduction structure"", ""it was a stone"", ""it was a root""]",1,openbookqa
"If two organisms are classified in different orders but are in the same class, which of these statements is true?","[""The organisms have the same genus."", ""The organisms are in the same phylum."", ""The organisms are in different kingdoms."", ""The organisms are members of the same species.""]",1,arc_easy
"Some plants are easy for hummingbirds to sip nectar from. While the hummingbirds are taking nectar, the plants also gain something, which is","[""bird friends"", ""more nectar"", ""extra food"", ""a pollinator""]",3,openbookqa
A cell's chromosomes contain,"[""genes"", ""chlorophyll"", ""sperm"", ""eggs""]",0,arc_easy
What is the disease where some alveoli of the lungs fill with fluid?,"[""pneumonia"", ""lung cancer"", ""lyme disease"", ""leukemia""]",0,sciq
"If John wants to save a little every month, what can he do to help with his water bill?","[""dripping the sink at night"", ""taking a bath twice a day"", ""flushing the toilet more"", ""repairing all his pipes""]",3,openbookqa
"Traditionally, mammals were divided into groups based on what?","[""their sizes"", ""their characteristics"", ""their behaviors"", ""their colors""]",1,sciq
"When buried sediments are subjected to pressure, the mineral grains are squeezed together. What is the result of this action?","[""volcanoes"", ""earthquakes"", ""new rock is formed"", ""layers rise to the surface""]",2,arc_easy
What is the movement of fluid out of the capillaries called?,"[""diffusion"", ""absorption"", ""filtration"", ""osmosis""]",2,sciq
Clearing forests of trees and vegetation for human development can have major impacts on the ecosystem. Which would most likely occur after a forested area is cleared?,"[""an increase in habitat for wildlife"", ""a decrease in food competition"", ""an increase in soil erosion"", ""a decrease in water runoff""]",2,arc_easy
"Not surprisingly, what is the function of the most developed part of a bird's brain?","[""controlling digestion"", ""controlling breeding"", ""controlling flight"", ""controlling thought""]",2,sciq
One way new land can be formed is by,"[""growing it in transplanting it"", ""having molten rock cool above sea level"", ""creating a dam around a body of water"", ""cooling burned plants with water""]",1,openbookqa
A person wanting to signal with light could redirect sunlight with,"[""a shoe"", ""a steel dish"", ""a teabag"", ""a cat""]",1,openbookqa
Around what percentage of the earth's surface water is contained in the ocean?,"[""92 %"", ""99%"", ""97%"", ""86 %""]",2,sciq
"If something has a membrane within another thing, it is likely","[""a marker"", ""a dark hole"", ""a house"", ""able to cry""]",3,openbookqa
When a dog adjusts its temperature,"[""it pants"", ""it finds water"", ""it sweats"", ""it shirts""]",0,openbookqa
Synovial and ball-and-socket are both types of what?,"[""joints"", ""cells"", ""muscles"", ""bonds""]",0,sciq
A source of heat could be,"[""an ice cube"", ""a fan"", ""holding hands"", ""a snowflake""]",2,openbookqa
Biochemistry is the study of the chemistry of?,"[""the Earth"", ""inorganic matter"", ""abiotic factors"", ""living systems""]",3,sciq
"If the Earth rotated in the opposite direction, what would most likely occur?","[""The Sun would rise in the west."", ""The seasons would be reversed."", ""There would be more days in each year."", ""The phases of the Moon would last longer.""]",0,arc_easy
How does sedimentary rock form?,"[""sediments cool"", ""sediments melt"", ""sediments separate"", ""sediments compress""]",3,arc_easy
The joints of the carpal bones in the wrist are examples of what type of joints?,"[""planar joints"", ""filter joints"", ""digit joints"", ""isojoints""]",0,sciq
Caribbean natives have a dark skin tone do to,"[""unicorns"", ""solar radiation"", ""lack of nutrients"", ""camouflage""]",1,openbookqa
What type of prokaryotes live in habitats without oxygen?,"[""anaerobic"", ""aerobic"", ""enzymatic"", ""phosphoric""]",0,sciq
They studied the soil by using,"[""plants"", ""a telescope"", ""roots"", ""a microscope""]",3,openbookqa
The planets orbit around what celestial body?,"[""moon"", ""earth"", ""sun"", ""horizon""]",2,sciq
"To undo the tarnish on copper pennies, you can place them in what liquid?","[""distilled water"", ""vinegar"", ""seawater"", ""honey""]",1,sciq
Which is activity is least likely to be inherited?,"[""how to taste food"", ""how to hear sound"", ""how to breathe oxygen"", ""how to cook pasta""]",3,openbookqa
Which musical instrument is the same type as a guitar?,"[""flute"", ""cello"", ""drum"", ""trumpet""]",1,openbookqa
Nearly all of what are constructed from a set of just 20 common amino acids?,"[""artifical proteins"", ""biological proteins"", ""complex proteins"", ""mammal proteins""]",1,sciq
What is the term for a disturbance in matter that causes the transfer of energy from place to place?,"[""nucleation"", ""flooding wave"", ""mechanical wave"", ""temperature wave""]",2,sciq
What are atoms with unstable nuclei are considered to be?,"[""radioactive"", ""unstable"", ""destructive"", ""ions""]",0,sciq
An offspring that inherits a mutation in a gamete will have the mutation in all of its?,"[""seeds"", ""proteins"", ""cells"", ""eggs""]",2,sciq
"What ""color"" (that is actually not a color at all) is associated with the absence of light?","[""opaque"", ""grey"", ""clear"", ""black""]",3,sciq
What is a controlled scientific test that often takes place in a lab?,"[""a testing"", ""a viewing"", ""an experiment"", ""an observeration""]",2,sciq
"Cells that undergo cell division continue to have their telomeres shortened, thus telomere shortening is associated with what life process?","[""metabolism"", ""reducing"", ""reproduction"", ""aging""]",3,sciq
What kind of radiation is greatest at the equator and lessens toward the poles?,"[""lunar raditation"", ""solar radiation"", ""large radiation"", ""small radiation""]",1,sciq
What must be present on a plant where ladybugs will lay their eggs?,"[""dew drops"", ""mites"", ""butterflies"", ""aphids""]",3,sciq
"Foliation, which forms layers in rocks during metamorphism, is caused by what?","[""Pulling"", ""power"", ""pressure"", ""push""]",2,sciq
The molten rock under the surface is called magma and once is appears on what area is it called lava?,"[""geyser"", ""volcano"", ""below ground"", ""above ground""]",3,openbookqa
What phenotype do gain-of-function mutations usually result in?,"[""submissive"", ""dominant"", ""external"", ""internal""]",1,sciq
Attaching strips of neutral metals that are higher in the activity series can protect a structure from what?,"[""diffusion"", ""deoxidation"", ""weathering"", ""corrosion""]",3,sciq
Friction increases as what increases on a surface?,"[""smooth"", ""shiny"", ""rutted"", ""clean""]",2,openbookqa
An echo is a sound wave that has been,"[""absorbed."", ""refracted."", ""scattered."", ""reflected.""]",3,arc_easy
A phase diagram plots pressure and what else?,"[""oxygen"", ""temperature"", ""precipitation"", ""volume""]",1,sciq
Where can composite volcanoes most frequently be found?,"[""divergent boundaries"", ""transform boundaries"", ""astatine boundaries"", ""convergent boundaries""]",3,sciq
"If force is applied further away from a pivot point, than what kind of acceleration will be greater?","[""circular"", ""angular"", ""parameters"", ""rectangular""]",1,sciq
"Sutures, gomphoses, and syndesmoses are types of what, which are found where adjacent bones are strongly united by connective tissue?","[""cartilage"", ""metallic joints"", ""ligaments"", ""fibrous joints""]",3,sciq
Planets remain in orbit around the Sun because of,"[""gravity."", ""friction."", ""solar energy."", ""centrifugal force.""]",0,arc_easy
Winter in the northern hemisphere is occurring on,"[""the day after July 4th"", ""two days before April 23rd"", ""the day after November 30th"", ""the day before Halloween""]",2,openbookqa
What is the thick fluid in the space between bones that cushions the joint?,"[""interstitial fluid"", ""amniotic fluid"", ""synovial fluid"", ""collagen""]",2,sciq
What is the term for a mixture of two or more substances that has the same composition throughout?,"[""fluid"", ""solution"", ""structure"", ""simple liquid""]",1,sciq
Where does the energy produced by plants come from?,"[""sunlight"", ""animals"", ""evaporation"", ""groundwater""]",0,sciq
A kitten is born and a person who is petting it can know that it,"[""broke through shell"", ""was hatched"", ""was an egg"", ""came out breathing""]",3,openbookqa
Which is an advantage of sexual reproduction in the survival of a population?,"[""prevents mutation"", ""maintains genetic diversity"", ""reduces the number of genes"", ""creates competition between siblings""]",1,arc_easy
Shedding of dead cells ensures constant renewal of what outer layer of the skin?,"[""scale"", ""cuticle"", ""dermis"", ""epidermis""]",3,sciq
How do prokaryotes reproduce?,"[""inorganically"", ""sexually"", ""asexually"", ""unusually""]",2,sciq
A pencil falls off of a desk. What moves the pencil toward the floor?,"[""mass"", ""friction"", ""gravity"", ""speed""]",2,arc_easy
Enzymes in cellular reactions work to do what to the reaction?,"[""increase yield"", ""decrease heat"", ""slow it down"", ""speed it up""]",3,sciq
"When the weather changes as it does from Christmas to Easter,","[""the air may chill"", ""the ground may freeze"", ""the plants may die"", ""the ground may warm""]",3,openbookqa
What are sugars broken down into in your digestive system?,"[""starch"", ""insulin"", ""nicotine"", ""glucose""]",3,sciq
Which particle of an atom has a positive electric charge?,"[""proton"", ""nutron"", ""nucleus"", ""electron""]",0,sciq
After a storm,"[""drinking water will be in short supply"", ""ponds may dry out"", ""creek beds may be spilling over"", ""flowers will wilt and wither""]",2,openbookqa
Some meteorites are made of iron and nickel and are thought to be very similar to what part of the earth?,"[""crust"", ""shelf"", ""mantel"", ""core""]",3,sciq
Some birds find locations with,"[""landmarks"", ""road signs"", ""eggs"", ""magnetic patterns""]",3,openbookqa
Which relationship involves inheritance?,"[""teacher-student"", ""mother-daughter"", ""grandmother-grandfather"", ""friends""]",1,openbookqa
Pure constructive interference and pure destructive interference are distinguished by whether or not identical waves are what?,"[""before phase"", ""in equilibrium"", ""after phase"", ""in phase""]",3,sciq
What harmful substance must not be drained into s storm sewer?,"[""alcohol"", ""debris"", ""water runoff"", ""motor oil""]",3,sciq
What is the opposite of nuclear fusion?,"[""Solar Power"", ""nuclear fission"", ""might fission"", ""energy fission""]",1,sciq
The Arctic hare's brown fur turns white in winter. This adaptation helps the Arctic hare,"[""look for food after dark."", ""hide from enemies in snow."", ""live in cold temperatures."", ""get along with other animals.""]",1,arc_easy
The electromagnetic spectrum represents the full range of frequency of what type of wave?,"[""transverse wave"", ""mechanical"", ""electromagnetic"", ""seismic""]",2,sciq
What is the name of the process for delivering water to crops?,"[""drainage"", ""reclamation"", ""irrigation"", ""bilge""]",2,sciq
"Unlike amphibians, reptiles do not have what stage?","[""egg"", ""reproductive"", ""larval"", ""adult""]",2,sciq
What makes metals shiny?,"[""light characterization"", ""light energy"", ""light expansion"", ""light reflection""]",3,sciq
Which sequence lists the levels of organization in the human body from simplest to most complex?,"[""organ system -> tissue -> cell -> organ"", ""tissue -> cell -> organ -> organ system"", ""organ -> organ system -> tissue -> cell"", ""cell -> tissue -> organ -> organ system""]",3,arc_easy
Viewing stars is made easier by,"[""technology that uses electromagnetic induction"", ""technology that collects electromagnetic radiation"", ""technology that picks up sound in space"", ""technology that transforms kinetic energy""]",1,openbookqa
About what percentage of the earth's water is fresh water?,"[""three percent"", ""nine percent"", ""thirty percent"", ""two percent""]",0,sciq
"A solid has a fixed shape. When liquid is boiled and turns into gas, its shape is","[""impermanent"", ""talk"", ""play games"", ""smile""]",0,openbookqa
A student is conducting an investigation on static electricity. The student has three balloons and rubs two of them on a piece of wool. The student then touches each balloon to a wall to observe if static electricity would cause the balloon to stick. What is the independent variable in this investigation?,"[""the height of the wall"", ""the number of balloons"", ""the attraction to the wall"", ""the rubbing action on the wool""]",3,arc_easy
What are the two types of fermentation?,"[""lactic acid and alcoholic"", ""alcoholic and alchemical"", ""lactic acid and fermaldehyde"", ""acetic and anhydrous""]",0,sciq
"Sea-lilies, sea cucumbers and sea stars fall into what class of organism?","[""snakes"", ""echinoderms"", ""crabs"", ""mollusks""]",1,sciq
"If an area is experiencing a drought, how can they overcome the lack of water?","[""a downpour"", ""nothing"", ""more drought"", ""go to space""]",0,openbookqa
"What do we call any way that animals act, either alone or with other animals.","[""typical behavior"", ""animal habits"", ""animal communication"", ""animal behavior""]",3,sciq
What is the organ that senses sound?,"[""nose"", ""ear"", ""skin"", ""eye""]",1,sciq
a force acting on an object in the opposite direction that the object is moving can cause that object 's speed to decrease in what motion?,"[""frontward"", ""backward"", ""downward"", ""upward""]",0,openbookqa
Which of these objects would attract a magnet?,"[""a door handle"", ""a light bulb"", ""a pillow"", ""a baseball""]",0,openbookqa
Many insects go through metamorphosis. Which series shows the stages of complete metamorphosis correctly?,"[""egg, nymph, pupa, adult"", ""egg, larva, nymph, adult"", ""egg, nymph 1, nymph 2, adult"", ""egg, larva, pupa, adult""]",3,arc_easy
What type of light sensing organs do scaophopoda have?,"[""cilia"", ""antennae"", ""radula"", ""setae""]",2,sciq
The human respiratory system is responsible for removing,"[""fat from cells"", ""carbon dioxide from blood"", ""hormones from glands"", ""nutrients from food""]",1,arc_easy
What is a vector quantity with the same direction as the force called?,"[""accelerated"", ""impulse"", ""simple"", ""inverted""]",1,sciq
Which event occurs only twice each year?,"[""lunar eclipse"", ""full moon"", ""equinox"", ""low tide""]",2,arc_easy
Which area of the human heart pumps the blood to the right ventricle?,"[""right atrium"", ""true atrium"", ""left ventricle"", ""left atrium""]",0,sciq
Which process is taking place when water freezes between cracks in rocks?,"[""deposition"", ""weathering"", ""sedimentation"", ""crystallization""]",1,arc_easy
"If a tree burns down, it can be made right by","[""buying a plastic tree"", ""visiting a rain forest"", ""reading about it in the paper"", ""placing seed in dirt""]",3,openbookqa
Calculating a short distance can be accomplished with a,"[""yard stick"", ""thought"", ""touch"", ""a penny""]",0,openbookqa
What product eventually will become human waste?,"[""stars"", ""unicorns"", ""black holes"", ""corn""]",3,openbookqa
Which of the following has the greatest effect on the ability of soil to hold water?,"[""the age of the soil particles"", ""the size of the soil particles"", ""the color of the soil particles"", ""the luster of the soil particles""]",1,arc_easy
What must two nuclei do for fusion to occur?,"[""collide"", ""melt"", ""repel each other"", ""explode""]",0,sciq
An example of camouflage could be,"[""Baking a cake for a birthday"", ""A sting ray covering itself in sand"", ""Cleaning make up off my face"", ""Going naked outside on a rainy day""]",1,openbookqa
What are gemstones known as when light cannot pass through them?,"[""inorganic"", ""blocking"", ""protective"", ""opaque""]",3,sciq
Ectotherms undergo a variety of changes at the cellular level to acclimatize to shifts in what?,"[""precipitation"", ""oxygen"", ""temperature"", ""air pressure""]",2,sciq
An example of breaking down is,"[""cutting an apple into slices"", ""putting a jigsaw puzzle together"", ""mixing cake ingredients together"", ""applying coats of paint onto a wall""]",0,openbookqa
Chimpanzees dig for insects with sticks; what is another example of using tools?,"[""birds using twigs to build nests"", ""otters using rocks to open clams"", ""anteaters using their tongue to catch ants"", ""koalas using their pouch to hold infants""]",1,openbookqa
The north end of a compass needle points toward which of earth's magnetic poles?,"[""west"", ""north"", ""west"", ""south""]",1,sciq
"What leaves behind crescent-shaped scars on a hillside and  may be caused by a layer of slippery, wet clay underneath the rock and soil on a hillside?","[""creep"", ""slide"", ""shearing"", ""slump""]",3,sciq
How do leaves export sugar to roots and other nonphotosynthetic parts of the plant?,"[""stems"", ""chloroplasts"", ""veins"", ""glands""]",2,sciq
The different types of what systems work together to carry out all the life functions of the individual?,"[""maturation systems"", ""organ systems"", ""heartbeat systems"", ""digestive systems""]",1,sciq
What type of taste do bases normally have?,"[""sour"", ""bitter"", ""sweet"", ""salty""]",1,sciq
A dog's ears may be as thin as its,"[""friend's"", ""neighbor's"", ""father's"", ""owner's""]",2,openbookqa
The three-dimensional spaces with specific shapes that are components of electrons shells are known as what?,"[""orbitals"", ""isotopes"", ""ventricals"", ""arrays""]",0,sciq
What do you call a pure substance that cannot be broken down into different types of substances?,"[""molecule"", ""element"", ""compound"", ""sample""]",1,sciq
What is the term for the process in which water vapor changes to tiny droplets of liquid water?,"[""dispersion"", ""vaporization"", ""condensation"", ""diffusion""]",2,sciq
"A beaver is building a home in a river, and that eventually blocks up the river, giving the beaver a nice home. A side effect of the beaver's new home is","[""a pool"", ""freshwater body"", ""a mountain"", ""an ocean""]",1,openbookqa
What chambers are responsible for pumping blood out of the heart?,"[""ventricles"", ""cells"", ""valves"", ""vacuoles""]",0,sciq
The ability for a plasma membrane to only allow certain molecules in or out of the cell is referred to as what?,"[""periodic permeability"", ""selective permeability"", ""moderate permeability"", ""total permeability""]",1,sciq
What do humans do to poison the air?,"[""tailoring old clothing items"", ""using a plastic bottle to create a self water for a plant"", ""placing plastic into big lakes"", ""using old T-shirts to make a blanket""]",2,openbookqa
Difference in electric potential energy are measured in what basic unit?,"[""moles"", ""watts"", ""knots"", ""volts""]",3,sciq
"Students conducted an investigation with green bananas. They hypothesized that an onion placed near a banana could increase the rate at which the banana ripened. They placed one onion and one banana in each of three containers. In a fourth container they placed a banana, but no onion. Which statement best explains why the onion was left out of the fourth container?","[""The onion would contaminate the fourth trial."", ""The container without the onion is the control."", ""Three containers with onions are enough to conduct the test."", ""The container without the onion is the independent variable.""]",1,arc_easy
Algae are similar to plants in that they both produce their food through what process?,"[""mitosis"", ""photosynthesis"", ""hydrolysis"", ""cell division""]",1,sciq
Tides occur in the oceans at regular times every day because of,"[""upper atmospheric disturbances."", ""the tilt of Earth's rotational axis."", ""density differences caused by temperature changes."", ""the gravitational pull of the Sun and the Moon.""]",3,arc_easy
"A group of students was preparing an activity to determine whether certain materials will float or sink when placed on water. Before the experiment started, one student said, ""I think the sponge will float."" This statement was","[""a conclusion"", ""a fact"", ""an observation"", ""a prediction""]",3,arc_easy
"We are trying to use air as sources of energy because there is an infinite amount of it, same with water. These are two examples of","[""Coal sources"", ""Fossil Fuels"", ""Limited resources"", ""Renewable resources""]",3,openbookqa
The only obvious difference between boys and girls at birth is what type of organs?,"[""digestive"", ""respiratory"", ""reproductive"", ""nervous""]",2,sciq
What is a sugar that is found in fruits?,"[""ethanol"", ""glucose"", ""fructose"", ""sucrose""]",2,sciq
Phloem,"[""acts as a delivery person for a plant"", ""acts as a trainer for a plant"", ""acts as a doctor for a plant"", ""acts as a farmer for a plant""]",0,openbookqa
"Estuaries are marine environments located in areas where fresh water from rivers flow into the ocean. Estuaries are one of the most biologically productive ecosystems. Birds, fish, turtles and many other organisms inhabit these ecosystems. Which will most likely cause changes to estuary habitats on a global scale?","[""decreases in powerful hurricanes"", ""decreases in volcanic eruptions"", ""increases in earthquakes"", ""increases in sea level""]",3,arc_easy
Where would a sand dune be out of the ordinary?,"[""the Sahara desert"", ""the Iraqi Desert"", ""the Gobi Desert"", ""Kansas""]",3,openbookqa
How do seed plants benefit from herbivores?,"[""dispersal of seeds"", ""consumption of seeds"", ""rainfall of seeds"", ""radiation of seeds""]",0,sciq
What are the 3 orders of amphibians?,"[""bees, caddisflies, antilions"", ""monotremata, artiodactyla, rodentia"", ""hagfish, lampreys, acanthodii"", ""frogs, salamanders, caecilians""]",3,sciq
Which of the following is most necessary for life to develop on another planet?,"[""liquid water"", ""rocky surfaces"", ""warm soil"", ""atmospheric oxygen""]",0,arc_easy
"What is the molecule, dipeptide formed together by?","[""polymer acids"", ""rna acids"", ""amino acids"", ""acetic acids""]",2,sciq
A flashlight works because the batteries inside of it produce chemical energy that,"[""makes the lights bright"", ""burn into the plastic"", ""is transferred to another type"", ""lights up a room""]",2,openbookqa
"Blood is pumped from the heart, pushing open which valves?","[""aortic and carotid"", ""pulmonary and respiratory"", ""thoracic and aortic"", ""pulmonary and aortic semilunar""]",3,sciq
Which of these steps in the rock cycle occurs ONLY in the formation of metamorphic rock?,"[""erosion"", ""compaction"", ""cementation"", ""recrystallization""]",3,arc_easy
Metal detectors used for airport security work on which principle?,"[""inductance"", ""inertia"", ""conductivity"", ""electricity""]",0,sciq
What is the name of the first stage of photosynthesis?,"[""consumption"", ""light reactions"", ""contamination"", ""absorption""]",1,sciq
What value of dissolved substances is higher than that of their corresponding precipitate?,"[""negentropy"", ""entropy"", ""ordiny"", ""binary""]",1,sciq
"Ben has a snack with a combination of raisins, chocolate pieces, and nuts. As he eats the snack, Ben picks out all of the raisins. Which best describes the snack Ben is eating?","[""a compound"", ""an element"", ""a solution"", ""a mixture""]",3,arc_easy
"Use the information below to answer the question. Cotton is a plant product used to make fabric. Cotton is made of cellulose, a fiber not digestible by humans. Cellulose is composed of many sugar molecules bonded together into long chains. Each sugar molecule contains carbon, hydrogen, and oxygen atoms. When cotton fabric is washed, wrinkles often form. The clothing industry uses chemicals to manufacture some cotton fabrics that are wrinkle-free. Dyes are also added to color the cellulose fibers in cotton. How would a clothing manufacturer separate colors to determine the purity of the dyes?","[""through filtration"", ""by their boiling points"", ""by their freezing points"", ""through paper chromatography""]",3,arc_easy
light can travel through,"[""trees"", ""rocks"", ""matterless places"", ""rubber""]",2,openbookqa
Scientists think that stars and galaxies make up only a small part of the matter in the universe. what is the rest of the matter called?,"[""typical matter"", ""dark matter"", ""cold matter"", ""light matter""]",1,sciq
Which source produces light from nuclear energy?,"[""the Sun"", ""a stove burner"", ""the Moon"", ""a light bulb""]",0,arc_easy
Heat causes,"[""water to turn to vapor in a process called condensation"", ""water to melt in a process called condensation"", ""water to turn to vapor in a process called evaporation"", ""water to melt in a process called abomination""]",2,openbookqa
Matter is always conserved in what type of reaction?,"[""developed reaction"", ""chemical reaction"", ""toxic reaction"", ""Quick reaction""]",1,sciq
What is the world’s most serious resource problem?,"[""water scarcity"", ""citrus blight"", ""deforestation"", ""gas shortage""]",0,sciq
A person who wants to raise alligators will need a supply of food such as,"[""hay"", ""grass"", ""corn"", ""bass""]",3,openbookqa
What is at the center of our solar system?,"[""a medium planet with an atmosphere."", ""a star composed of carbon and nitrogen."", ""a black hole that was once a star."", ""a star composed of hydrogen and helium.""]",3,arc_easy
Where is gabbro found?,"[""oceanic crust"", ""forest floor"", ""wetlands"", ""volcanoes""]",0,sciq
What are alveoli?,"[""tiny air natalensis in the lungs"", ""sacs in the diaphragm"", ""tiny air sacs in the lungs"", ""cilia in the throat""]",2,sciq
What rate is generally higher for endotherms than for ectotherms?,"[""mortality"", ""respiration"", ""reproduction"", ""metabolic""]",3,sciq
In which structure is the Sun located?,"[""Milky Way Galaxy"", ""Andromeda Galaxy"", ""Cat's Eye Nebula"", ""Horseshoe Nebula""]",0,arc_easy
What is the rotational equivalent of a force?,"[""torque"", ""power"", ""centripetal force"", ""momentum""]",0,sciq
A company that makes fences started using a new material instead of wood. The new material will last longer than wood. What is the most likely benefit of the new material?,"[""The new material will keep people safe."", ""The new material will keep pets contained."", ""The new material can make a yard attractive."", ""The new material can save money on replacements.""]",3,arc_easy
What are the cell walls of fungi made of?,"[""lectin"", ""chitin"", ""casein"", ""proteins""]",1,sciq
Feces on the ground is an indicator of a nearby,"[""organic being"", ""fish"", ""plush animal"", ""deceased animal""]",0,openbookqa
What does fiber help keep at normal levels in the body?,"[""salt and cholesterol"", ""bloodpressure"", ""hydration"", ""sugar and lipids""]",3,sciq
What is the term for much bigger evolutionary changes that result in new species?,"[""recalibration"", ""breaking away"", ""regression"", ""macroevolution""]",3,sciq
What are iron nails made out of?,"[""wood"", ""plastic"", ""metal"", ""glass""]",2,openbookqa
What do you call the horizontal stems of a strawberry plant that run over the ground surface?,"[""stolons"", ""climbing vines"", ""sprouts"", ""root volunteers""]",0,sciq
What occurs when a cold air mass runs into a warm air mass?,"[""a cold front"", ""a stationary front"", ""a snow day"", ""an occluded front""]",0,sciq
"While Anna was testing a circuit, she dropped a light bulb. What is the safest thing Anna can do?","[""get a new bulb to finish the test"", ""push the broken glass under a table"", ""tell her teacher that she broke the bulb"", ""ask her partner to help pick up the broken glass""]",2,arc_easy
"Fertilizers can enable farmers to grow the same crop in a field for several years in a row. Farmers who use less fertilizer often rotate their crops by planting the crop one year and legumes, such as beans and clover, the following year. Fertilizer use and crop rotation with legumes both increase the availability of which of the following nutrients in soil?","[""calcium"", ""nitrogen"", ""oxygen"", ""protein""]",1,arc_easy
"Sucrose does not undergo reactions that are typical of aldehydes and ketones, therefore it is a nonreducing what?","[""wheat"", ""sugar"", ""salt"", ""juice""]",1,sciq
What is the fruiting body that occurs after two hyphae mate and form a mycelium with sporangia?,"[""yeast"", ""mold"", ""fungus"", ""mushroom""]",3,sciq
HIV makes the body vulnerable to secondary infections by targeting,"[""macrophages."", ""helper T-cells."", ""cells."", ""killer T-cells.""]",1,arc_easy
What is the main organ required for respiration in mammals?,"[""the diaphragm"", ""the heart"", ""the lungs"", ""the brain""]",2,sciq
What is cellular respiration that proceeds in the presence of oxygen known as?,"[""kinetic respiration"", ""digestive respiration"", ""anaerobic respiration"", ""aerobic respiration""]",3,sciq
Name the simple sugar that is a component of starch.,"[""Fructose"", ""Splenda"", ""glucose"", ""insulin""]",2,sciq
A person in the woods who accidentally runs into a wild wolf will have little to fear because,"[""wolves love people"", ""wolves carry people"", ""wolves evade people"", ""wolves smoke people""]",2,openbookqa
"When syrup is added to vodka, the flammable portion of the mixture will","[""raise"", ""fall"", ""sink"", ""settle""]",0,openbookqa
What does the male reproductive system consist of?,"[""structures that collect urine"", ""structures that produce sperm and secrete testosterone"", ""organs that produce estrogen"", ""structures that produce ova""]",1,sciq
Which part of the axon has a higher membrane potential?,"[""axon hillock"", ""biofilm hillock"", ""canals hillock"", ""muscular hillock""]",0,sciq
A fallen leaf,"[""will turn into a tree"", ""will become bright green"", ""will begin to recycle the nutrients that made up its structure"", ""is likely to continue to grow""]",2,openbookqa
What is studied to understand gene expression patterns in cells?,"[""dna"", ""rna"", ""mutations"", ""protein""]",1,sciq
Old glory waves thanks to a,"[""pulley"", ""magic"", ""guy climbing up"", ""bird""]",0,openbookqa
The kinetic-molecular theory as it applies to gases has how many basic assumptions?,"[""four"", ""five"", ""seven"", ""two""]",1,sciq
As rain freezes in the mountains it splits,"[""granite"", ""trees"", ""bears"", ""cars""]",0,openbookqa
What is a close relationship between two species in which at least one species benefits?,"[""symbiosis"", ""parasitism"", ""morphogenesis"", ""endosymbiosis""]",0,sciq
If I was blind I could use my hands to tell what,"[""the color of Susie's eyes"", ""the color of the sky"", ""the color of Bob's hair"", ""the shape of Tom's nose""]",3,openbookqa
Which is a positive impact on the bio environment?,"[""dumping toxic waste in rivers"", ""contaminating the ground with poison"", ""building cars in large numbers"", ""making sure trash is reused for new reasons""]",3,openbookqa
The lack of annihilation radiation coming to us from space proves that the universe is dominated by what?,"[""vacuum"", ""energy"", ""matter"", ""space""]",2,sciq
"A plane takes off from the ground, lights blazing, and flies into the sky. As the plane ascends and travels to its destination,","[""the lights are brighter"", ""the lights appear duller"", ""the lights are closer"", ""the lights are bigger""]",1,openbookqa
Myopia is commonly called what?,"[""nearsightedness"", ""blindness"", ""scoliosis"", ""farsightedness""]",0,sciq
"Esters are neutral compounds that undergo what process, which is a reaction with water?","[""osmosis"", ""cellular respiration"", ""hydrolysis"", ""replication""]",2,sciq
"If one mineral can scratch another mineral then that other mineral is softer than that one mineral, as can be tested with","[""a diamond and steel"", ""a rock and glass"", ""a diamond and agate"", ""a ruby and salt""]",2,openbookqa
What is a measure of the amount of space that a substance or an object occupies?,"[""volume"", ""density"", ""power"", ""mass""]",0,sciq
What is a close relationship between two species in which at least one species benefits called?,"[""parasitic"", ""symbiosis"", ""competition"", ""morphogenesis""]",1,sciq
"What type of landscape has grasslands with scattered trees, are hot and have extensive dry seasons along with fire?","[""savannas"", ""arctic"", ""tundra"", ""deserts""]",0,sciq
The radiocarpal and midcarpal joints are responsible for all movements of the hand and what other part of the body?,"[""fingers"", ""foot"", ""wrist"", ""shoulder""]",2,sciq
A moth can adjust its,"[""age"", ""ancestry"", ""shape"", ""genus""]",2,openbookqa
What covers the body of a fish to help the move their body to swim?,"[""scales"", ""skin"", ""hairs"", ""gelatin""]",0,sciq
"Passive immunity arises from the transfer of what to an individual, without requiring them to mount their own active immune response?","[""parasites"", ""bacteria"", ""antibodies"", ""viruses""]",2,sciq
Which energy is momentarily stored in tendons after each leap provides a boost for the next leap?,"[""alternating"", ""kinetic"", ""magnetic"", ""thermal""]",1,sciq
What is the best way for a marine scientist to determine the eating habits of sharks?,"[""Tag one shark and monitor its eating habits for one day."", ""Tag one shark and monitor its eating habits for one year."", ""Tag several sharks and monitor their eating habits for one day."", ""Tag several sharks and monitor their eating habits for one year.""]",3,arc_easy
Which type of energy is the energy of anything in motion?,"[""kinetic engergy"", ""diffuse energy"", ""physiological engergy"", ""residual engergy""]",0,sciq
"What is the term for the ability of an atom to emit, or give off, charged particles and energy from its nucleus?","[""radioactivity"", ""electrical attraction"", ""conductivity"", ""magnetism""]",0,sciq
Into how many basic regions can the aquatic biome be broken down?,"[""six"", ""One"", ""two"", ""five""]",2,sciq
What can occur when one end of a small diameter tube is immersed in liquid?,"[""diffusion action"", ""transfusion action"", ""thermal action"", ""capillary action""]",3,sciq
"In harmonic motion there is always what force, which acts in the opposite direction of the velocity?","[""restorative force"", ""inorganic force"", ""locomotion force"", ""magnetic force""]",0,sciq
A reverse fault occurs when one side of a fault plane is driven up over the other side. Reverse faults can cause which of these landforms?,"[""deltas"", ""mountains"", ""dunes"", ""islands""]",1,arc_easy
What are the hormones that cause a plant to grow?,"[""gibberellins"", ""pores"", ""pistills"", ""sporozoans""]",0,sciq
Why might you want to wear safety goggles while working in a lab?,"[""Safety goggle give you x-ray vision"", ""Caustic liquid man-made substances can fly up"", ""They protect your eyes from the sun"", ""Mosquitoes are a problem""]",1,openbookqa
Camouflage is when an organism does what?,"[""reconfigure appearance to blend in"", ""hides its young to avoid prey"", ""changes its shape to appear larger"", ""buries itself to disappear momentarily""]",0,openbookqa
"A person fills their tank with fossil fuels, and knows that in one hundred years","[""they may be more bountiful"", ""they may be more frequent"", ""they may cease existing"", ""they may be free""]",2,openbookqa
What term is used to describe the average weather of a place over many years?,"[""atmosphere"", ""landscape"", ""climate"", ""meteorology""]",2,sciq
An example of how sunlight is a source of light from the sun is,"[""weather being variable"", ""raising temps"", ""windmills producing energy"", ""frogs croaking""]",1,openbookqa
"A boy leaves a circuit in the wall open, then when he goes to turn on the lights","[""it fails"", ""it succeeds"", ""it shines"", ""it works""]",0,openbookqa
What chromosome determines the sex of an organism?,"[""ribosome"", ""S chromosome"", ""sex chromosome"", ""autosome""]",2,sciq
What type of tissue produces and secretes several hormones involved in lipid metabolism and storage?,"[""hormonal tissue"", ""metabolism tissue"", ""somatic tissue"", ""adipose tissue""]",3,sciq
Water will always make it's way to the,"[""the earth's core"", ""moon"", ""desert"", ""ocean""]",3,openbookqa
What is a renewable resource that can take thousand of years to form?,"[""soil"", ""wind"", ""water"", ""sunlight""]",0,sciq
What would need electrical energy to function?,"[""The Sun"", ""Grass"", ""A Dyson"", ""A lake""]",2,openbookqa
All the blood in the human body is filtered about 60 times a day by what?,"[""lungs"", ""kidneys"", ""liver"", ""heart""]",1,sciq
Each hydrogen atom follows the octet rule with how many pairs of electrons?,"[""six"", ""one"", ""four"", ""eight""]",1,sciq
Tidal motion can be used to,"[""activate turbines on shore"", ""rock you to sleep"", ""smash waves on rocks"", ""light a dark pathway""]",0,openbookqa
Which system is most responsible for transporting blood throughout the body?,"[""skeletal system"", ""excretory system"", ""digestive system"", ""circulatory system""]",3,arc_easy
if members of a species are born then the species what increases?,"[""water"", ""community"", ""understanding"", ""food""]",1,openbookqa
What do we call the energy of motion?,"[""kinetic energy"", ""harmonic energy"", ""binary energy"", ""electromagnetic energy""]",0,sciq
Why is the ozone content of the stratosphere important to living organisms?,"[""Ozone absorbs infrared radiation from the Sun."", ""Ozone absorbs ultraviolet radiation from the Sun."", ""Ozone is necessary to create oxygen for living things."", ""Ozone in the atmosphere prevents radiation of heat from Earth.""]",1,arc_easy
What is the diversity of living things called?,"[""habitat"", ""adaptation"", ""biodiversity"", ""ecosystem""]",2,sciq
Why do dogs have most of the characteristics of their parents?,"[""They inherit them from their parents."", ""They live in the same habitats as their parents."", ""They learn them by observing their parents."", ""They eat the same foods as their parents.""]",0,arc_easy
"Unlike the passive form, the sodium-potassium pump uses what type of transport?","[""High"", ""Low"", ""active"", ""phase""]",2,sciq
What kind of organism causes the often fatal lung disease tuberculosis?,"[""pathogens"", ""virus"", ""bacteria"", ""algae""]",2,sciq
Which group of energy sources are ALL renewable?,"[""coal, oil, and natural gas"", ""solar, oil, and geothermal"", ""wind, solar, and tidal"", ""natural gas, solar, and tidal""]",2,arc_easy
An example of how melting is achieved is seen in,"[""cooking stew in a crockpot"", ""using an oven to heat a pizza"", ""using a stove to warm frozen vegetables"", ""using a hairdryer to turn ice to water""]",3,openbookqa
"In alcoholic fermentation , which acid changes to alcohol and carbon dioxide?","[""rain"", ""pyruvic"", ""lipoic"", ""chloride""]",1,sciq
The appearance of the Moon as observed from Earth changes over time because of the Moon's,"[""path around Earth"", ""length of daylight"", ""gravity"", ""temperature""]",0,arc_easy
Which is a response of the autonomic nervous system that helps maintain equilibrium in the body?,"[""shivering in cold temperatures"", ""eating due to appetite"", ""slapping at biting insects"", ""pulling away from hot objects""]",0,arc_easy
The combined gradient that affects an ion includes its concentration gradient and its what?,"[""radiation gradient"", ""electrical gradient"", ""electron bond"", ""cell membrane""]",1,sciq
What is the term for a mutually beneficial relationship in which one organism lives inside the other?,"[""parasite"", ""symbiosis"", ""endosymbiosis"", ""parthenogenesis""]",2,sciq
Plant cells divide into two equal halves during what process?,"[""death"", ""prokaryotes"", ""cytokinesis"", ""mitosis""]",3,sciq
"The ash borer moth looks similar to a wasp, but it does not have the ability to sting. This adaptation most likely helps the moth survive because","[""it makes food easier to find."", ""predators avoid the moth."", ""it aids in attracting a mate."", ""the moth blends in with its surroundings.""]",1,arc_easy
What hypothesis states that the biosphere is its own living organism,"[""the gaia hypothesis"", ""Big Bang theory"", ""small world theory"", ""the seager hypothesis""]",0,sciq
"A person wants to fix up a fan so that it can run electrically, and finds that in order to do so they require","[""music"", ""paper"", ""distractions"", ""copper""]",3,openbookqa
What is secreted by the cells surrounding spermatogonia to help sperm production?,"[""estrogen"", ""dihydrotestosterone"", ""testosterone"", ""follicle stimulating hormone""]",2,sciq
"An acellular, external cuticle protects the _________.","[""dermis"", ""lungs"", ""stomach"", ""epidermis""]",3,sciq
A lake is unsafe for swimming because it is a bit below some farmlands that use,"[""pesticides"", ""water"", ""soil"", ""solar energy""]",0,openbookqa
When plant type alternates from generation to generation what is this called?,"[""turbidity of generation"", ""differentiation of generation"", ""alternation of generation"", ""change in generation""]",2,sciq
What mineral is made of one silicon atom and two oxygen atoms?,"[""glass"", ""pumice"", ""cobalt"", ""quartz""]",3,sciq
Which would provide the greatest benefit to animals in an ecoystem?,"[""a plastic tree"", ""a long-dead stump"", ""a new sprout"", ""an old oak""]",3,openbookqa
Why is some food dehydrated for astronauts to eat in space?,"[""to make the food less messy to eat"", ""to preserve the food for extended flights"", ""to increase the food's nutritional content"", ""to keep the food from floating off the plate""]",1,arc_easy
What is the main difference between prokaryotic and eukaryotic cells?,"[""presence of a nucleus"", ""presence of cytoplasm"", ""absence of cytoplasm"", ""enlarged mitochondria""]",0,sciq
Which system produces most of the hormones in the human body?,"[""circulatory"", ""digestive"", ""endocrine"", ""respiratory""]",2,arc_easy
"On a warm sunny afternoon, ocean water splashed onto a rock. A short time later, the rock was dry. Which statement best explains what happened to the water on the rock?","[""Heat caused the water to become a gas."", ""Heat melted the water and it disappeared."", ""Salt caused the water to become a gas."", ""Salt melted the water and it disappeared.""]",0,arc_easy
Which trait most likely helps an animal survive in a very cold environment?,"[""long ears"", ""large eyes"", ""thick fur"", ""sharp claws""]",2,arc_easy
Cells in green algae divide along cell plates called what?,"[""phragmoplasts"", ""cellulose"", ""xanthophylls"", ""chloroplasts""]",0,sciq
Green plants get the energy they need to make food from,"[""air"", ""sunlight"", ""water"", ""soil""]",1,arc_easy
Where do most of the steps of cellular respiration take place?,"[""ribosomes"", ""nucleus"", ""mitochondria"", ""cytoplasm""]",2,sciq
"A person wants to start saving money so that they can afford a nice vacation at the end of the year. After looking over their budget and expenses, they decide the best way to save money is to","[""make more phone calls"", ""quit eating lunch out"", ""buy less with monopoly money"", ""have lunch with friends""]",1,openbookqa
What is usually the prey of a protist?,"[""bacteria"", ""algae"", ""proteins"", ""pathogens""]",0,sciq
Which scientist developed the theory of evolution and detailed it in the book origin of species?,"[""Isaac Newton"", ""Gregor Mendel"", ""charles darwin"", ""Carl Sagan""]",2,sciq
Which of the following would likely use a compass to reach their destination?,"[""a taxi driver"", ""a middle-schooler"", ""a dog"", ""a 1700's pirate""]",3,openbookqa
Which side of the heart does blood from the lungs enter into?,"[""right ventricle"", ""left ventricle"", ""left atrium"", ""right atrium""]",2,sciq
"When white, fluffy clouds appear in Massachusetts, the weather that day will MOST LIKELY be","[""fair."", ""stormy."", ""foggy."", ""rainy.""]",0,arc_easy
What delivers natural gas from rock that might not otherwise be obtainable?,"[""rippling"", ""drilling"", ""grinding"", ""fracking""]",3,sciq
Which  type of cell division halves the number of chromosomes?,"[""fragmentation"", ""budding"", ""meiosis"", ""mitosis""]",2,sciq
What are the two loops of blood flow in the cardiovascular system?,"[""anabolic and metabolic"", ""aerobic and anaerobic"", ""pulmonary and systemic"", ""systolic and diastolic""]",2,sciq
"As per the kinetic-molecular theory, in what direction do the molecules and ions of liquids move?","[""alter directions"", ""opposite direction"", ""same direction"", ""random directions""]",3,sciq
What group of simple organisms recycles nutrients and has been on earth since long before multicellular life appeared?,"[""bacteria"", ""protists"", ""eukaryotes"", ""prokaryotes""]",3,sciq
Which of these occurs if myosin fails to bind to actin during muscle contraction?,"[""The muscle cells will lose ATP."", ""The muscle cells will remain relaxed."", ""The muscle cells will produce lactic acid."", ""The muscle cells will lose calcium ions.""]",1,arc_easy
An example of thermal energy is,"[""crying in a school bathroom"", ""trying to kiss someone"", ""typing on a computer"", ""Drying our clothes in the sun""]",3,openbookqa
Which is hotter?,"[""the snow on one's car"", ""a recently used iron"", ""a rainbow sherbet cone"", ""a cup of iced tea""]",1,openbookqa
"Some students were investigating the relationship between position, time, and speed. The students marked the initial position of a toy car. The students set the car into motion and marked the position of the car each second. Which of these are most appropriate for recording and analyzing the students' data?","[""a table and a bar graph"", ""a table and a line graph"", ""a pie chart and a bar graph"", ""a pie chart and a line graph""]",1,arc_easy
What are the two groups of therian mammals?,"[""felines and canines"", ""monotremes and mollusks"", ""dolphins and whales"", ""placental mammals and marsupials""]",3,sciq
"A squirrel eats all of the acorns in a tree. The tree is empty, and the squirrel is still hungry, so","[""the squirrel studies"", ""the squirrel leaves"", ""the squirrel breeds"", ""the squirrel flies""]",1,openbookqa
In what unit is heat measured in?,"[""joules"", ""thermals"", ""amperes"", ""velocities""]",0,sciq
What is the term for what the earth rotates on?,"[""radius"", ""axis"", ""compass"", ""tip""]",1,sciq
Which tool should be used to measure the stem length of a plant?,"[""a balance"", ""a metric ruler"", ""a graduated cylinder"", ""a thermometer""]",1,arc_easy
What are the simplest type of carbon-based compounds?,"[""organic compounds"", ""hydrocarbons"", ""fossil fuels"", ""inorganic compounds""]",1,sciq
Which of these items contains a fat soluble vitamin?,"[""dog"", ""yogurt"", ""cat"", ""water""]",1,openbookqa
"A ball rolling on the ground is observed to slow down and stop. Based on Newton's first law of motion, what is the best conclusion?","[""An object in motion eventually stops."", ""The ball must have been going slightly uphill."", ""The ball did not have enough mass to keep going."", ""There must have been an outside force acting on the ball.""]",3,arc_easy
Which of these is the BEST sign that the fall season has begun?,"[""Plants forming new buds"", ""Sun shining on flowers"", ""Grass being wet in the morning"", ""Leaves changing color on trees""]",3,arc_easy
"In a system of a body, this thing is broken down into smaller pieces to be effectively used:","[""wax"", ""nutriment"", ""stones"", ""glass""]",1,openbookqa
What happens to the mass number during a nuclear decay process by positron emission?,"[""remains unchanged"", ""it decreases"", ""it increases"", ""it rises""]",0,sciq
do scars come naturally?,"[""they just appear"", ""they are gifted"", ""they are bought"", ""they are earned""]",3,openbookqa
"If a creature is building a soft space for sitting and roosting, it is likely","[""a chickadee"", ""a rabbit"", ""a ferret"", ""a dog""]",0,openbookqa
What emerges from an insect egg?,"[""cocoon"", ""fungi"", ""parasite"", ""larva""]",3,sciq
What are made of long chains consisting almost solely of carbon and hydrogen?,"[""nucleic acids"", ""enzymes"", ""lipids"", ""proteins""]",2,sciq
Where does egg production happen?,"[""uterus"", ""fallopian tube"", ""ovaries"", ""testes""]",2,sciq
The eardrum is part of what part of the ear?,"[""main"", ""outer"", ""inner"", ""thin""]",1,sciq
Air is composed of many different substances. Which of the following components of air is a compound rather than an element?,"[""Argon, Ar"", ""Oxygen, O2"", ""Water, H2O"", ""Nitrogen, N2""]",2,arc_easy
Alkanes are nonpolar and therefore do not attract what?,"[""molecules"", ""ions"", ""atoms"", ""eons""]",1,sciq
A wolf feels the snow with,"[""morality"", ""skis"", ""ethics"", ""touch""]",3,openbookqa
Which is a factor that most likely would affect the climate in a particular area?,"[""amount of lightning"", ""distance from an ocean"", ""number of earthquakes"", ""shape of the shoreline""]",1,arc_easy
"Global sources of inexpensive fossil fuels, particularly oil, are rapidly being what?","[""weakened"", ""polluted"", ""replenished"", ""depleted""]",3,sciq
What is another term for the parabolic motion of a thrown object?,"[""newtonian motion"", ""regular motion"", ""projectile motion"", ""simple motion""]",2,sciq
Iron can be found on,"[""rocky areas"", ""ants"", ""wizards"", ""unicorns""]",0,openbookqa
A change in one or more physical properties of matter without any change in chemical properties is called what?,"[""negative change"", ""positive change"", ""atmospheric change"", ""physical change""]",3,sciq
Which is the process through which leaves collect sunlight and make food?,"[""Greenhouse"", ""compress"", ""richness"", ""photosynthesis""]",3,sciq
Plants grow because they,"[""decide the time is right"", ""can breathe a lot of air"", ""use what people breathe out to survive"", ""take photos of other plants""]",2,openbookqa
Thermometers,"[""can tell you if you need an umbrella that day"", ""can tell you which direction the wind is blowing"", ""can help you decide how many layers of clothes to wear outside"", ""can tell you how much rain has fallen""]",2,openbookqa
Most enzymes are classified as what?,"[""proteins"", ""acids"", ""hormones"", ""lipids""]",0,sciq
"if a person smashes an object, and it cracks, is that good or bad?","[""it is always a positive thing to the object"", ""the object fails to be impacted"", ""all of these"", ""the item suffers a negative impact""]",3,openbookqa
Methyl groups are found within what?,"[""amino acids"", ""DNA molecules"", ""peptide chains"", ""rna acids""]",0,sciq
What is quantified by measuring the number of decay processes per unit time?,"[""radioactivity"", ""microwave power"", ""fossil age"", ""temperature""]",0,sciq
Which of the following has the greatest direct influence on movement of the lithosphere?,"[""the Sun"", ""the Moon"", ""Earth's core"", ""Earth's mantle""]",3,arc_easy
What type of joint is the knee joint?,"[""ball joint"", ""hinge joint"", ""condyloid joint"", ""pivot joint""]",1,sciq
"What is a mixture of eroded rock, minerals, partly decomposed organic matter, and other materials called?","[""loam"", ""soil"", ""sediment"", ""sand""]",1,sciq
What are chemical bonds between atoms of nonmetals that share valence electrons called?,"[""electron bonds"", ""ionic bonds"", ""covalent bonds"", ""gravitational bonds""]",2,sciq
"What kind of power does not produce any pollutants, but produces waste that can be difficult to dispose of?","[""electrical"", ""biofuel"", ""solar"", ""nuclear""]",3,sciq
The volume of a regularly shaped solid can be calculated from its what?,"[""layers"", ""density"", ""dimensions"", ""mass""]",2,sciq
Which class of acids acetic acid (ch 3 cooh) belongs to?,"[""anorganic acids"", ""strong acids"", ""organic acids"", ""common acids""]",2,sciq
Milk sold in supermarkets is pasteurized because,"[""all raw milk is safe"", ""to keep bacteria from getting into the milk after the customer buys it"", ""the factory farmed cows produce a lot of pus in their milk"", ""that makes it taste better""]",1,openbookqa
What is the result of a reaction between sulfur trioxide and water?,"[""nitric acid"", ""acetic acid"", ""sulfuric acid"", ""hydrochloric acid""]",2,sciq
"A shark is looking for a quick bite, so it","[""eats some seeds"", ""eats a sandbar"", ""eats some seaweed"", ""eats an eel""]",3,openbookqa
"Some research has shown that the burning of fossil fuels contributes to an effect called global warming, which scientists believe is changing the chemical makeup of Earth's atmosphere. Use of which invention would help lower this effect?","[""electric car"", ""digital camera"", ""high-speed Internet"", ""battery-powered radio""]",0,arc_easy
Most hydrozoa have both polyp and what forms in their life cycle?,"[""hydra"", ""globular"", ""polypoid"", ""medusa""]",3,sciq
In which kind of water can less carbon dioxide dissolve?,"[""cool water"", ""tap water"", ""warm water"", ""salt water""]",2,sciq
What is the minimum number of loops a circuit can have?,"[""3"", "".1"", ""2"", ""1""]",3,sciq
Which of these animal traits is generally determined by environmental factors rather than heredity?,"[""eye color"", ""height"", ""hair length"", ""number of chromosomes""]",2,openbookqa
Types of compounds include covalent and which other compounds?,"[""reactant"", ""soluble"", ""solvent"", ""ionic""]",3,sciq
"The change in the use of one model of the solar system to the use of another model resulted in major changes in science and society. Which two scientists produced the earlier and later models, respectively?","[""Hooke and Mendel"", ""Newton and Galileo"", ""Aristotle and Einstein"", ""Ptolemy and Copernicus""]",3,arc_easy
What characteristic of birds is related to the food they eat?,"[""feathers"", ""tail"", ""feet"", ""beak""]",3,sciq
Scientists recorded the hourly temperature at a weather station for the month of July and want to quickly measure a trend over time in temperature changes. Which of these formats would be the most appropriate representation of the temperature data to quickly measure any trend?,"[""bar graph"", ""line graph"", ""pie chart"", ""data table""]",1,arc_easy
What forms a barrier between the cytoplasm and the environment outside the cell?,"[""cuticle"", ""epidermis"", ""cell wall"", ""plasma membrane""]",3,sciq
"If the average binding energy per nucleon overcomes the repulsion, the nucleus stays together and it referred to as what?","[""stable"", ""solid"", ""closed"", ""even""]",0,sciq
What would be the best source to find information about DNA testing?,"[""local newspaper"", ""TV news report"", ""scientific journals"", ""world almanac""]",2,arc_easy
What carries warm or cold water throughout the world’s oceans?,"[""gravity"", ""pipes"", ""ocean currents"", ""earth rotation""]",2,sciq
"If your dog is getting noticeably skinnier, you need to","[""increase its food intake"", ""play some video games"", ""feed it less food"", ""Make it fly away""]",0,openbookqa
Sailors guided themselves with the night sky using a,"[""the sun"", ""the moon"", ""never moving star"", ""light houses""]",2,openbookqa
"Several neuropeptides, relatively short chains of amino acids, serve as neurotransmitters that operate via metabotropic what?","[""lipids"", ""membranes"", ""organelles"", ""receptors""]",3,sciq
What part of the eye controls the size of the pupil?,"[""iris"", ""lens"", ""avis"", ""debis""]",0,sciq
Which of the following lists units of length from smallest to largest?,"[""light-year, astronomical unit, kilometer, angstrom"", ""angstrom, kilometer, astronomical unit, light-year"", ""astronomical unit, angstrom, kilometer, light-year"", ""kilometer, angstrom, light-year, astronomical unit""]",1,arc_easy
Scientists are discovering ways to make some crops use less water. A person working in which job would most benefit from this research?,"[""a farmer"", ""a doctor"", ""a waiter"", ""a cook""]",0,arc_easy
"Because they are charged (polar), these ions do not diffuse through what?","[""substrate"", ""cell wall"", ""membrane"", ""protein""]",2,sciq
All of the elements in group 9 have nine of which electrons?,"[""shell"", ""ionic"", ""gradient"", ""valence""]",3,sciq
What  is formed when each sodium atom donates its single valence electron to a chlorine atom?,"[""carbon chloride"", ""sodium chloride"", ""trioxide chloride"", ""nitrogen chloride""]",1,sciq
"What is the name of the process in which igneous, sedimentary, and metamorphic rocks are converted into one another in stages?","[""rock cycle"", ""erosion cycle"", ""magma cycle"", ""tectonic cycle""]",0,arc_easy
What is the process by which plants make their own food called?,"[""fusion"", ""photosynthesis"", ""fission"", ""atherosclerosis""]",1,sciq
As a battery is depleted what happens to its internal resistance?,"[""stagnates"", ""increases"", ""reduces"", ""changes""]",1,sciq
A symporter carries how many different molecules or ions in the same direction?,"[""one"", ""three"", ""four"", ""two""]",3,sciq
What system consists of glands that secrete hormones into the bloodstream?,"[""Respiratory system"", ""nervous system"", ""the endocrine system"", ""Muscular system""]",2,sciq
"What small biological structures make up all living things, including the human body?","[""proteins"", ""scales"", ""cells"", ""lipids""]",2,sciq
The mass lost in mass defect has gone into energy called what?,"[""momentum"", ""enthalpy"", ""kinetic energy"", ""binding energy""]",3,sciq
"Heat expansion is a result of the increase of what type of energy, exhibited by molecules bumping together?","[""light energy"", ""radioactivity"", ""harmonic energy"", ""kinetic energy""]",3,sciq
What is the most common way to classify stars?,"[""by age"", ""by distance"", ""by size"", ""by color""]",3,sciq
Diphenylamine acts as a stabilizer for certain types of what?,"[""toxins"", ""enzymes"", ""explosives"", ""proteins""]",2,sciq
"What is the term for groups of cells with a similar appearance and a common function, and describes how cells are organized?","[""muscle"", ""heart"", ""kidney"", ""tissue""]",3,sciq
What gas consisting of three oxygen atoms is found largely in the stratosphere?,"[""ozone"", ""greenhouse"", ""smog"", ""carbon""]",0,sciq
Water can turn to vapor,"[""when a pot of water is placed on an off stove burner"", ""when placing water in a freezer"", ""when boiling eggs on a stove top"", ""when placed in a room temperature setting""]",2,openbookqa
This type of tissue consists of bundles of xylem and phloem and transports fluids throughout the plant.,"[""dermal tissue"", ""nonvascular tissue"", ""vascular tissue"", ""cytoplasm""]",2,sciq
"In a molecular compound, electrons are shared between atoms in which type of bond?","[""covalent"", ""deformation"", ""corrosion"", ""Ionic""]",0,sciq
"When a metal is oxidized and a nonmetal is reduced in a redox reaction, what is the resulting compound called?","[""soluble compound"", ""ionic compound"", ""magnetic compound"", ""alloy""]",1,sciq
Early scientists most likely saw a discharge of electricity for the first time when observing a,"[""waterfall"", ""rainbow"", ""lightning storm"", ""volcano erupting""]",2,arc_easy
A person who wants to visit a desert will be sure to pack more,"[""winter boots"", ""thermal underwear"", ""tan shorts"", ""snowsuits""]",2,openbookqa
"What sort of gas is found in balloons and blimps, and is used to make them float in the sky?","[""oxygen"", ""helium"", ""radon"", ""hydrogen""]",1,sciq
hunting means humans stalk and murder animals in,"[""space"", ""bathrooms"", ""the sahara"", ""television""]",2,openbookqa
"If the amount of force of that is applied is increased, what happens to the work that a machine is producing?","[""it's unchanged"", ""it is harder"", ""it is easier"", ""it's variable""]",2,sciq
Which tool would be best to measure the length of a butterfly?,"[""triple beam balance"", ""graduated cylinder"", ""metric ruler"", ""thermometer""]",2,arc_easy
Light waves are arranged in the electromagnetic spectrum by,"[""wavelength and brightness."", ""speed and color."", ""brightness and color."", ""wavelength and frequency.""]",3,arc_easy
What do we call people who are trained to make specific dietary recommendations to address particular issues relating to health?,"[""clinicians"", ""geologists"", ""dietitians"", ""pulmonologists""]",2,sciq
"What group of organisms was initially misclassified as plants because they also lack the ability to move, grow in soil, and have cell walls?","[""fungi"", ""algae"", ""gymnosperm"", ""protozoa""]",0,sciq
A system of tubes that relocates water and nutrients around in order to make most use of them can be found in,"[""a lily"", ""a door"", ""a table"", ""a rock""]",0,openbookqa
A ferret darting around a space in the wild in a panic is likely,"[""grooming itself"", ""eluding foe"", ""winning marathons"", ""laying eggs""]",1,openbookqa
What is the only known planet with large amounts of water?,"[""saturn"", ""jupiter"", ""earth"", ""mars""]",2,sciq
"In addition to a slippery road, blizzards can be dangerous to drive in because","[""you may only see a car in front of you when it's too late"", ""snow might break your windshield"", ""a lot of deer like to travel during blizzards"", ""a tornado is likely to pick up your car""]",0,openbookqa
What type of bonds form only between metals and nonmetals?,"[""non-harmonic bonds"", ""ionic bonds"", ""magnetic bonds"", ""harmonic bonds""]",1,sciq
What sprouts up on stalks from the bed of moss gametophytes?,"[""fibroblasts"", ""stomata"", ""sporophytes"", ""monocots""]",2,sciq
What are the large segments of the earth’s crust that ordinarily move very slowly?,"[""tectonic plates"", ""lava plates"", ""distinct plates"", ""ocean plates""]",0,sciq
Monocots and eudicots differ in what type of a leaf's tissue?,"[""structural"", ""vascular"", ""reproductive"", ""circulatory""]",1,sciq
Animals get energy from the food they eat. What is the original source of this energy?,"[""the soil"", ""the water cycle"", ""the Sun"", ""fertilizers""]",2,arc_easy
The scientific method is a method of research with defined steps that include experiments and careful what?,"[""discovery"", ""estimation"", ""consideration"", ""observation""]",3,sciq
What is an example of combining,"[""adding H2O to water"", ""pouring NaCl into salt"", ""adding carbon dioxide to CO2"", ""blending eggs into cake batter""]",3,openbookqa
Liquid hcl can be used to do what to the ph of a swimming pool?,"[""increase it"", ""raise it"", ""heighten it"", ""lower it""]",3,sciq
Helicopters store large amounts of rotational energy of what type in their blades?,"[""magnetic"", ""seismic"", ""thermal"", ""kinetic""]",3,sciq
"A black solid by itself, this element is incredibly important because of what it makes when it combines with many other elements, including oxygen?","[""carbon"", ""dioxide"", ""hydrogen"", ""lead""]",0,sciq
Water conservation could be a survival tactic in,"[""The Appalachian Mountains"", ""New York City"", ""The Amazon"", ""The Gobi Desert""]",3,openbookqa
There are zero amphibians on,"[""Mexico"", ""Icebergs"", ""England"", ""Texas""]",1,openbookqa
What is the term for the wavelengths of light humans can see?,"[""visible light"", ""ultraviolet light"", ""distinct light"", ""radiation""]",0,sciq
Part of a student's experiment is to measure changes in wind speed several hours before a storm. What piece of equipment should the student use?,"[""barometer"", ""hygrometer"", ""anemometer"", ""weather vane""]",2,arc_easy
The loudness of sound can be changed by,"[""decreasing the pitch."", ""increasing the frequency."", ""increasing the amplitude."", ""decreasing the wavelength.""]",2,arc_easy
Name the law that determines as to which rock layers are younger or older than others.,"[""law of superposition"", ""geologic theory"", ""law of apposition"", ""law of gravity""]",0,sciq
"If all potato bugs are infertile, they will likely","[""make efforts to starve"", ""breed with some cats"", ""be very sad about it"", ""cease populating the earth""]",3,openbookqa
What are compounds composed of only two elements called?,"[""digital compounds"", ""symbiotic compounds"", ""binary compounds"", ""kinetic compounds""]",2,sciq
What theory of evolution is charles darwin most known for?,"[""natural selection"", ""natural variety"", ""immoral selection"", ""natural change""]",0,sciq
A teacher breaks a bar of pure copper into two different sized pieces. Which is the most likely difference between the two pieces?,"[""mass"", ""texture"", ""boiling point"", ""melting point""]",0,arc_easy
"When oil is burning, the reaction will","[""only release energy"", ""only absorb energy"", ""neither absorb nor release energy"", ""sometimes release and sometimes absorb energy depending on the oil""]",0,arc_easy
Carbon released by burning fossil fuels contributes to what effect in the atmosphere?,"[""shielding effect"", ""smog effect"", ""cloud effect"", ""greenhouse effect""]",3,sciq
Scientists classify matter into various groups. Which group is typically described by the characteristics listed below? • usually solid at room temperature • can be bent or changed in shape without breaking • show a shiny luster when scratched or polished,"[""metals"", ""nonmetals"", ""elements"", ""compounds""]",0,arc_easy
"When two nitrogen atoms combine, they form a","[""mixture."", ""compound."", ""molecule."", ""liquid.""]",2,arc_easy
Water can be boiled to kill giardia and most other what?,"[""parasites"", ""bacteria"", ""germs"", ""pathogens""]",3,sciq
What is the hollow sac like organ that stores urine until it is excreted?,"[""kidney"", ""ureter"", ""tumor"", ""bladder""]",3,sciq
A person's shadow is smallest at what time?,"[""4:00 pm"", ""8:00 am"", ""12:30 pm"", ""6:30 pm""]",2,openbookqa
Seed plants that produce seeds in the ovaries of their flowers are known as what?,"[""angiosperms"", ""gymnosperms"", ""spores"", ""conifers""]",0,sciq
This bodily defense function attacks pathogens and includes inflammatory response and phagocytosis?,"[""first line of defense"", ""third line of defense"", ""vomitting"", ""second line of defense""]",3,sciq
Which does light from the sun arrive at in final time length?,"[""Uranus"", ""Mars"", ""Pluto"", ""Earth""]",2,openbookqa
The age of a rock in years is its?,"[""absolute age"", ""chemical age"", ""full age"", ""geological age""]",0,sciq
Dermal tissue covers the outside of a plant in a single layer of cells called what?,"[""cambium layer"", ""the epidermis"", ""cuticle"", ""scales""]",1,sciq
Groundwater dissolves minerals and rocks into what?,"[""gravel"", ""sand"", ""grit"", ""ions""]",3,sciq
"The majoirty of modern gymnosperms belong to what group, which includes pine trees?","[""stems"", ""conifers"", ""clusters"", ""Pinophytes""]",1,sciq
The arctic can be considered what?,"[""desolate"", ""A magical place"", ""A city"", ""A watermelon""]",0,openbookqa
What is the only planet we know that has plate techtonics?,"[""earth"", ""Mars"", ""Jupiter"", ""Saturn""]",0,sciq
How do invertebrates reproduce?,"[""sexually"", ""constantly"", ""asexually"", ""randomly""]",0,sciq
What is the outermost structure in a plant cell?,"[""cell membrane"", ""cytoplasm"", ""cell wall"", ""chloroplast""]",2,arc_easy
"Timber, obtained from trees that can be replanted to replace those that are cut down, is an example of what type of resource?","[""nonrenewable"", ""fossil fuel"", ""mineral"", ""renewable""]",3,sciq
Some kinds of fish live most of their lives in salt water but lay their eggs in freshwater. Their ability to survive in different environments is an example of,"[""adaptation"", ""developmental stages"", ""a habit"", ""selective breeding""]",0,arc_easy
"A person wants to use raw materials to make things. Considering the want to create with raw materials, the person","[""makes books out of trees"", ""makes rocks out of wood"", ""makes corn out of dogs"", ""makes fur out of tableclothes""]",0,openbookqa
"Just as biologists classify living things, astronomers classify galaxies. What feature is used to classify galaxies?","[""size"", ""shape"", ""color"", ""brightness""]",1,arc_easy
What do drugs that alleviate symptoms of schizophrenia block?,"[""adrenaline receptors"", ""histamine receptors"", ""ephedrine receptors"", ""dopamine receptors""]",3,sciq
Which of the following allows materials to enter and leave a cell?,"[""cell wall"", ""mitochondria"", ""vacuole"", ""cell membrane""]",3,arc_easy
"Life span is distinct from what, which means the sequence of stages a plant goes through from seed germination to seed production of the mature plant?","[""life cycle"", ""society cycle"", ""spin cycle"", ""feeding cycle""]",0,sciq
"Kinetic energy can be found in objects that move, such as","[""flower pots on a wagon"", ""cars that are in a lot"", ""kids that are sleeping soundly"", ""skateboards that are ridden all day""]",3,openbookqa
"Besides greenland, where are the earth's largest ice sheets found?","[""North America"", ""Europe"", ""antarctica"", ""Asia""]",2,sciq
"What science is the study of the occurrence, distribution, and determinants of health and disease in a population?","[""physiology"", ""toxicology"", ""epidemiology"", ""histology""]",2,sciq
"Within an organism, the cells that give rise to the next generation are known as germ cells, while those that do not (that is, the cells that die when the organism dies) are known as what cells?","[""xylem"", ""neural"", ""somatic"", ""cloning""]",2,sciq
"If an object is attracted to a magnet, the object is most likely made of","[""wood"", ""plastic"", ""cardboard"", ""metal""]",3,arc_easy
Which system is capable of responding quickly to changing situations?,"[""endocrine system"", ""reproductive system"", ""nervous system"", ""circulatory system""]",2,sciq
What are compounds formed by ionic bonds called?,"[""ionic compounds (salts)"", ""layered compounds"", ""mixed compounds"", ""nuclear compounds""]",0,sciq
Animals get the energy they need for growth and repair by,"[""eating food"", ""absorbing sunlight"", ""eliminating waste"", ""drinking water""]",0,arc_easy
"The yellow-throated longclaw is a bird that lives on the dry savanna of Africa. It looks almost exactly like another bird, the western meadowlark of North America. Although the birds look very similar, they are not even in the same taxonomic family. Scientists think the birds look alike because the two species developed under similar environmental pressures, even though they developed thousands of miles apart. Which process does their development demonstrate?","[""sexual selection"", ""disruptive selection"", ""divergent evolution"", ""convergent evolution""]",3,arc_easy
What do prevailing winds influence?,"[""weather"", ""climate"", ""barometric pressure"", ""temperature""]",1,sciq
Planets in the solar system are in constant motion. What factor has the greatest effect on the orbits of the planets?,"[""the size of the planets"", ""gravitational pull of the Sun"", ""the composition of the planets"", ""electromagnetic radiation from the Sun""]",1,arc_easy
Where does water in a lake get most of its energy to evaporate?,"[""The sun heating the lake"", ""Green plants living in the lake"", ""Streams entering the lake"", ""Cold springs under the lake""]",0,arc_easy
You can find ferrous metals in,"[""Glass"", ""Grass"", ""Vehicle scraps"", ""Wood""]",2,openbookqa
The human body processes and eliminates food waste using the organs of the excretory system. Which organelle performs a similar function in humans at the cellular level?,"[""mitochondrion"", ""endoplasmic reticulum"", ""lysosome"", ""Golgi complex""]",2,arc_easy
What is the simplest life cycle?,"[""diploid life cycle"", ""binary life cycle"", ""metamorphic cycle"", ""haploid life cycle""]",3,sciq
A telescope would be most useful in answering which question?,"[""How do rockets move in space?"", ""What shape is a human skin cell?"", ""What is on the surface of the Moon?"", ""How do worms breathe underground?""]",2,arc_easy
Which statement best describes the Law of Superposition?,"[""Each sedimentary layer of rock represents 1,000 years of Earth's age, much like the rings of a tree."", ""In undisturbed layers of sedimentary rock, the upper rock layers are older than the lower rock layers."", ""In undisturbed layers of sedimentary rock, the lowest layers contain the older rocks."", ""Rocks that form near volcanoes are older than surrounding rock.""]",2,arc_easy
"The ancient greek philosopher aristotle thought that all matter consists of just four what, which he identified as earth, air, water, and fire?","[""elements"", ""structures"", ""compounds"", ""ingredients""]",0,sciq
Cell division is necessary for an organism to,"[""obtain nutrients."", ""grow and reproduce."", ""make proteins."", ""conserve matter and energy.""]",1,arc_easy
Which of these could add unwanted contamination to the natural environment?,"[""making compost"", ""hoarding trash"", ""eating fruit"", ""burning liquid petroleum""]",3,openbookqa
Which trait does a cactus seedling inherit from its parents?,"[""the amount of water it absorbs"", ""the length of its spines"", ""the type of organism that pollinates its flowers"", ""the number of organisms that consume its fruit""]",1,arc_easy
The circulatory system brings oxygen to the body from where?,"[""The brain"", ""The feet"", ""The stomach area"", ""The chest""]",3,openbookqa
What action does sweat take once it forms?,"[""it contracts"", ""it falls"", ""it expands"", ""it rises""]",1,openbookqa
The main function of a duck's webbed feet is to help the duck,"[""make noise"", ""protect itself"", ""swim in water"", ""find a mate""]",2,arc_easy
"Gases such as co2 and methane can trap what energy in earth's atmosphere, before radiating it into space?","[""mechanical energy"", ""sunlight energy"", ""thermal energy"", ""potential energy""]",2,sciq
The average car uses about 25% of the available energy in each gallon of gasoline. The energy not used to run the car is released as heat and sound. Which statement best describes this occurrence?,"[""Energy conversion reduces efficiency."", ""Energy is destroyed at high temperatures."", ""Energy loss increases the order in a system."", ""Energy levels increase as conversions take place.""]",0,arc_easy
Jack rabbits move very fast to avoid,"[""squirrel"", ""mice"", ""snails"", ""hawks""]",3,openbookqa
Which object refracts light rays?,"[""wooden door"", ""cardboard box"", ""aluminum can"", ""glass window""]",3,arc_easy
What length of time is human gestation commonly divided into?,"[""two halves"", ""fifty weeks"", ""four quarters"", ""three trimesters""]",3,sciq
"if a chemical reaction occurs, it might have been triggered by which of these?","[""a person yelling at it"", ""a person walking by it"", ""a person looking at it intently"", ""a person cranking up the room heater""]",3,openbookqa
"What are diodes, transistors, and integrated circuits examples of?","[""computer parts"", ""radio parts"", ""electronic components"", ""machine parts""]",2,sciq
Which list contains only nonliving things?,"[""coins, snakes, birds"", ""water, rocks, sunlight"", ""rubber ball, plants, house"", ""soil, fish, air""]",1,arc_easy
What is type of substance is formed when water vapor condenses or when ice melts?,"[""liquid water"", ""chemical water"", ""gaseous water"", ""toxic water""]",0,sciq
"What type of organism, including sea stars and sand dollars, is named for their spiny skin?","[""mollusks"", ""diatoms"", ""chordates"", ""echinoderms""]",3,sciq
"If a ball rolls at a constant rate on a flat surface, the motion is due to","[""gravitational forces."", ""frictional forces."", ""electromagnetic forces."", ""balanced forces.""]",3,arc_easy
Which body system functions by bringing in oxygen and removing carbon dioxide?,"[""endocrine"", ""respiratory"", ""digestive"", ""urinary""]",1,arc_easy
What is different about birth in humans and chickens?,"[""Mother"", ""Fertilization"", ""Father"", ""the hard shell""]",3,openbookqa
The air bubbles resulting from cavitation expand and block water channels of the what?,"[""xylem"", ""respiration"", ""ectoderm"", ""heart""]",0,sciq
"The enteric nervous system provides intrinsic innervation, and the autonomic nervous system provides this?","[""arise innervation"", ""extrinsic innervation"", ""autonomic innervation"", ""complex innervation""]",1,sciq
Vesicular transport includes exocytosis and what?,"[""phagocytosis"", ""metastasis"", ""endocytosis"", ""meiosis""]",2,sciq
"Biologists moved a predator from sea level to a higher altitude, where they noticed that the predator became tired more quickly. If this predator had to live at a higher altitude, which adaptation would be necessary for it to survive?","[""increased digestion rate"", ""growth of additional teeth"", ""reduction of respiration rate"", ""production of more red blood cells""]",3,arc_easy
Fine-grained mud in the deep ocean comes from silts and clays brought from the land by?,"[""fire"", ""water"", ""wind"", ""waves""]",2,sciq
How do autotrophs get food?,"[""make their own"", ""Soak up from host cell"", ""From Plant matter"", ""From Water""]",0,sciq
Fungi are unique in having cell walls made of what?,"[""chitin"", ""Protein"", ""lectin"", ""prokaryotic""]",0,sciq
What would Occur once between January 1st and December 31st,"[""The moons orbit around the year"", ""One rotation on mercury"", ""The distance between earth and Jupiter when traveling at light speed"", ""A Solar Year on earth""]",3,openbookqa
"if a person used a knife to repeatedly scrape an object, what will happen?","[""the object will decrease in size"", ""the object will become liquid"", ""the object will increase in size"", ""the object will change color""]",0,openbookqa
What do you call an incomplete outer shell of an atom?,"[""helium shell"", ""valence shell"", ""nucleic shell"", ""motile shell""]",1,sciq
Which set contains kingdoms that contain only heterotrophs?,"[""Protists, Fungi"", ""Bacteria, Animals"", ""Plants, Fungi"", ""Animals, Fungi""]",3,arc_easy
What is the use of technology to change the genetic makeup of living things for human purposes?,"[""genetic engineering"", ""biological engineering"", ""genetic employing"", ""biological utility""]",0,sciq
A person could get in trouble for doing what in a protected environment?,"[""volunteering"", ""hunting"", ""studying the environment"", ""working""]",1,openbookqa
Which property of an object describes how easily electricity travels through it?,"[""color"", ""temperature"", ""reflectivity"", ""conductivity""]",3,arc_easy
"It was not until the era of the ancient greeks that we have any record of how people tried to explain the chemical changes they observed and used. at that time, natural objects were thought to consist of only four basic elements: earth, air, fire, and this?","[""water"", ""soul"", ""grass"", ""sky""]",0,sciq
"In pea plants, tall is dominant over short. What size pea plants will result when a pure tall plant is crossed with a pure short plant?","[""middle-sized plants"", ""short plants"", ""tall plants"", ""some tall and some short plants""]",2,arc_easy
Robotics would have great difficulty in existing if these had yet to be invented.,"[""pots"", ""cats"", ""desktops"", ""paper towels""]",2,openbookqa
What is the respiratory pigment of almost every vertebrate?,"[""insulin"", ""plasma"", ""hemoglobin"", ""iron""]",2,sciq
Snow and rain are forms of what weather?,"[""precipitation"", ""evaporation"", ""cold fronts"", ""sediment""]",0,sciq
Eukaryotic cell division involves mitosis and what?,"[""meiosis"", ""cytokinesis"", ""spermatogenesis"", ""electrolysis""]",1,sciq
Which part of the body carries out the function of copying DNA?,"[""brain"", ""heart"", ""bones"", ""cells""]",3,arc_easy
When substances pass through the cell membrane without needing any energy what is it called?,"[""active transport"", ""kinetic transport"", ""energetic transport"", ""passive transport""]",3,sciq
Which temperature scale is commonly used in science?,"[""ph scale"", ""celsius"", ""centigrade"", ""kelvin scale""]",3,sciq
What are butterflies and bees an example of?,"[""pollinators"", ""species"", ""parasites"", ""spores""]",0,sciq
What is the termination of a pregnancy in progress called?,"[""abortion"", ""miscarriage"", ""delivery"", ""contraception""]",0,sciq
What provides the shape of a cell?,"[""nucleus"", ""cytoplasm"", ""cytoskeleton"", ""cellulose""]",2,sciq
Which gland is an extension of the hypothalamus?,"[""adrenal gland"", ""pineal gland"", ""posterior pituitary gland"", ""salivary gland""]",2,sciq
A horse barn fire,"[""damages only the pastures"", ""would be easy to handle"", ""damages the structure and animals trapped inside"", ""would cause very few issues""]",2,openbookqa
Death begins for a leaf the second it,"[""is released"", ""is eaten"", ""is born"", ""is burned""]",0,openbookqa
"Fractures, osteoarthritis, and rickets are problems of which body system?","[""skeletal system"", ""circulatory system"", ""cardiovascular system"", ""digestive system""]",0,sciq
The cells in the follicle undergo physical changes and produce a structure called a what?,"[""primordial follicle"", ""liberated ovum"", ""corpus luteum"", ""secondary ovum""]",2,sciq
Name the virus that causes cold sores.,"[""Epstein-Barr"", ""herpes virus"", ""AIDS"", ""eboli""]",1,sciq
"Salt and pepper are placed together in a container. When the container is shaken, the salt and pepper become a","[""liquid."", ""mixture."", ""solution."", ""suspension.""]",1,arc_easy
What helps determine the concentration of a species in a solution?,"[""technical analysis"", ""qualitative analysis"", ""fundamental analysis"", ""quantitative analysis""]",3,sciq
"The vertebrate endoskeleton is made of bone and what tough, flexible tissue?","[""cuticle"", ""collagen"", ""synovial tissue"", ""cartilage""]",3,sciq
"When the acid spilled on the plant, the plant began to","[""smoke."", ""sing"", ""flower"", ""grow""]",0,openbookqa
What is critical for the formation of hemoglobin?,"[""salts"", ""proteins"", ""platelets"", ""iron ions""]",3,sciq
Glycolysis harvests chemical energy by oxidizing glucose to what?,"[""pyruvate"", ""oxygen"", ""cellulose"", ""chlorophyll""]",0,sciq
What term is used to descibe the movement of molecules from an area of high concentration of the molecules to an area with a lower concentration?,"[""radiation"", ""convection"", ""diffusion"", ""permeation""]",2,sciq
"If a cat is given cyanide, it will","[""expire"", ""cough"", ""puke"", ""eat""]",0,openbookqa
"Maria collected the gas given off by a glowing piece of charcoal. The gas was then bubbled through a small amount of colorless limewater. Part of Maria's report stated, ""After the gas was put into the jar, the limewater gradually changed to a milky white color."" This statement is","[""an observation"", ""a conclusion"", ""a generalization"", ""an assumption of the investigation"", ""a hypothesis""]",0,arc_easy
"What are chlamydia, gonorrhea, and syphilis an example of?","[""bacterial stis"", ""genetic diseases"", ""viral stis"", ""metabolic disorders""]",0,sciq
"If a thing is using other animals for nourishment, then the thing is a","[""predator"", ""producer"", ""inanimate"", ""herbivore""]",0,openbookqa
Where are free-living roundworms mainly found?,"[""arboreal habitats"", ""freshwater habitats"", ""ocean depths"", ""rainforests""]",1,sciq
Where is the pituitary gland?,"[""thyroid"", ""heart"", ""lung"", ""brain""]",3,sciq
Electromagnets can be controlled by controlling what type of current?,"[""magnetic"", ""electric"", ""negative"", ""positive""]",1,sciq
"A woman is digging under a tree on a tall mountain. She is looking for interesting rocks, and a foot down into the soil, discovers a fossilized fish skeleton. From this discovery, the woman is able to determine that","[""the mountain used to be underwater"", ""some bears in mountains eat fish"", ""some fish can climb mountains"", ""sometimes rain can move fish to high spaces""]",0,openbookqa
What part of the cell is surrounded by a membrane and holds the genetic information for the cell?,"[""cell wall"", ""nucleus"", ""lower"", ""upper""]",1,sciq
An architect builds a 1/10 scale model of a house to test the design for sources of heat loss in the winter. Which part of the model would be most important to test with heat-sensing equipment?,"[""floors"", ""ceilings"", ""windows"", ""staircases""]",2,arc_easy
Which is an example of kinetic energy?,"[""a book sitting on a shelf"", ""a ball rolling down a hill"", ""a runner about to start a race"", ""a window getting hot from the sun""]",1,arc_easy
How is a pond different from a lake?,"[""Ponds have moving water."", ""Ponds are smaller and shallower."", ""Ponds are not surrounded by land."", ""Ponds have a different amount of salt.""]",1,arc_easy
What are the products in the chemical reaction below? NaOH + HCl -> NaCl + H_{2}O,"[""sodium hydroxide and hydrogen chloride"", ""sodium chloride and water"", ""sodium, chlorine, hydrogen, and oxygen"", ""sodium, chlorine, and water""]",1,arc_easy
What is it called when breaks in bone occur that is usually caused by excessive stress on the bone?,"[""fragments"", ""faults"", ""ruptures"", ""fractures""]",3,sciq
What is composed of a calcium cation and a nitrate anion?,"[""calcium carbonate"", ""dynamite"", ""calcium nitrate"", ""nitrous oxide""]",2,sciq
A notochord has in common with what vertbrate structure?,"[""spinal cord"", ""rib cage"", ""rip chord"", ""trichord""]",0,sciq
Cardiac veins parallel the small cardiac arteries and generally drain into what sinus?,"[""Veins"", ""coronary"", ""heart"", ""lungs""]",1,sciq
Low levels of thyroid hormones in the blood cause the release of what by the hypothalamus and pituitary gland?,"[""acids"", ""hormones"", ""enzymes"", ""bases""]",1,sciq
What is the unsorted pile of material dropped by glaciers called?,"[""icy deposit"", ""glacial runoff"", ""glacial till"", ""landfill""]",2,sciq
"By attaching to sharks, remora fish eat the scraps of food left behind when the sharks feed. If remoras were not able to attach to sharks, they would most likely","[""attach to boats."", ""not be able to survive."", ""find another source of food."", ""not need to eat anymore.""]",1,arc_easy
What linear polymer of glucose units is found in plants and serves a structural purpose?,"[""frucose"", ""cellulose"", ""sucrose"", ""carbonate""]",1,sciq
The presence of an animal fossil in a rock gives evidence of,"[""what hunting behaviors the animal used"", ""how many babies the animal had"", ""exactly when the animal was born"", ""the time period the animal lived in""]",3,arc_easy
A bear's blubber,"[""enables him to keep his body cozy"", ""enables him to eat more"", ""is useless and a burden to his health"", ""makes it more difficult for the bear to function""]",0,openbookqa
Sandstone and all other types of sedimentary rock are made up of particles. The source materials of these particles consist of,"[""fragments that broke off of older rocks."", ""magma that cooled deep below a volcano."", ""gases that condensed in the atmosphere."", ""vegetation that decayed in thick layers.""]",0,arc_easy
Snakes are which type of animal?,"[""carnivorous"", ""omnivores"", ""herbivorous"", ""vegivors""]",0,sciq
The force applied to an object is called?,"[""gravity"", ""torque"", ""strain"", ""stress""]",3,sciq
What is a combination of two or more substances in any proportion called?,"[""combination"", ""solution"", ""mixture"", ""solvent""]",2,sciq
Which body system processes foods into a useable source of energy?,"[""circulatory"", ""digestive"", ""nervous"", ""skeletal""]",1,arc_easy
Fossil fuels are considered nonrenewable because they,"[""produce pollution"", ""are no longer used by humans"", ""often contain microscopic animals"", ""take millions of years to form""]",3,arc_easy
Who is called the father of genetics?,"[""mendel"", ""Vincent van Gogh"", ""raphael"", ""Nostradamus""]",0,sciq
Which geologic feature is evidence that the North American plate once collided with the Eurasian and African plates?,"[""the Appalachian Mountains"", ""the Mohave Desert"", ""the Mississippi River"", ""the Great Lakes""]",0,arc_easy
"When this forms underground, volcanoes rise?","[""pumice"", ""soil"", ""CO2"", ""magma""]",3,sciq
What is the primary function of white blood cells in humans?,"[""carry oxygen"", ""fight disease"", ""grow tissues"", ""remove waste""]",1,arc_easy
Earth's core is primarily composed of which of the following materials?,"[""basalt"", ""iron"", ""magma"", ""quartz""]",1,arc_easy
A recent scientific study funded by a medical corporation concluded that its product is not as harmful as consumers have reported. Identify a possible problem with this study.,"[""Corporate scientists have less training than other scientists."", ""The results of the study may be influenced by bias."", ""Privately funded science is not verified by other scientists."", ""The study cannot be repeated with the same results.""]",1,arc_easy
Soil contains,"[""the highest portion of the ozone layer"", ""the rotten idea of a decaying democracy"", ""waves of salt-water moving back and forth"", ""chemical substances found in every living thing""]",3,openbookqa
Renal plasma flow equals the blood flow per minute times the what?,"[""erythrocytes"", ""hematocrit"", ""hemoglobin"", ""leukocytes""]",1,sciq
Some earthworms can also reproduce asexually by fragmentation followed by what?,"[""fertilization"", ""germination"", ""regeneration"", ""digestion""]",2,sciq
"A class conducts an experiment to determine the best color to paint a solar water heater that they plan to build. For their experimental test, the students have four identical cans. They paint one black, one green, one red, and one white. Each can is filled with 500 mL of 22°C water, and is allowed to sit in the sun for two hours. Which color can will have the greatest increase in water temperature?","[""black"", ""green"", ""red"", ""white""]",0,arc_easy
What are the three fundamental phases of matter?,"[""fast, slow, normal"", ""big, small. and medium"", ""air, water, and land"", ""solid, liquid, and gas""]",3,sciq
Living underground can be used for hiding from what?,"[""food"", ""hunters"", ""dirt"", ""water""]",1,openbookqa
"What is the study of water movement, including waves and ocean currents?","[""physical oceanography"", ""experimental oceanography"", ""thermal oceanography"", ""theoretical oceanography""]",0,sciq
"What are biochemical compounds, such as fats and oils, that consist of fatty acids and store energy?","[""proteins"", ""oils"", ""tissues"", ""lipids""]",3,sciq
What are plant structures that contain male and/or female reproductive organs?,"[""roots"", ""flowers"", ""leaves"", ""stems""]",1,sciq
A kitten curled up against a cool marble slab will,"[""heat"", ""chill"", ""freeze"", ""starve""]",1,openbookqa
"If a plant is deprived of which of these, it will die?","[""glass"", ""dampness"", ""cat food"", ""poison""]",1,openbookqa
"Studies have shown that not only does reproduction have a cost as far as how long male fruit flies live, but also fruit flies that have already mated several times have limited amounts of this?","[""dna"", ""eggs"", ""sperm"", ""chromosomes""]",2,sciq
"Because optics fibers are thin, entering light may strike the inside surface at greater than the critical angle, requiring attention to what?","[""reflective point"", ""refractive index"", ""wavelength"", ""electromagnetic index""]",1,sciq
Organisms incapable of photosynthesis that must therefore obtain energy and carbon from food by consuming other organisms are called what?,"[""photoautotrophs"", ""autotrophs"", ""chemoautotrophs"", ""heterotrophs""]",3,sciq
A hatched chick will know how to construct a nest when it needs to because it is,"[""instinctual"", ""considerate"", ""learned"", ""a given""]",0,openbookqa
"Under a microscope, salt crystals are what shape?","[""triangles"", ""cubes"", ""squares"", ""circles""]",1,sciq
How do bipedal creatures walk?,"[""on two legs"", ""on six legs"", ""on four legs"", ""on twelve legs""]",0,sciq
"Kidneys, large intestine, liver, skin, and lungs comprise which system?","[""Muscular system"", ""Digestive system"", ""Lymphatic system"", ""excretory system""]",3,sciq
What is the addition of oxygen to a molecule or the removal of hydrogen from a molecule called?,"[""oxidation"", ""evaporation"", ""ionization"", ""precipitation""]",0,sciq
A scientist uses angstrom units to measure the distance between two points. The scientist is most likely measuring the distance between two,"[""atoms."", ""cities."", ""continents."", ""stars.""]",0,arc_easy
The producer makes its own:,"[""body"", ""sustenance"", ""air"", ""grass""]",1,openbookqa
The function of a plant's roots is to take in,"[""light and water"", ""light and air"", ""nutrients and water"", ""nutrients and soil""]",2,arc_easy
What rises through solid rocks where conditions are right?,"[""crystals"", ""water"", ""magma"", ""nitrogen""]",2,sciq
Prokaryotes and the nitrogen cycle nitrogen is a very important element for life because it is part of proteins and this?,"[""nuclear forces"", ""nerve cells"", ""molecules"", ""nucleic acids""]",3,sciq
"Blood flows from the right atrium to the right ventricle, where it is pumped into the what?","[""bronchial circulation"", ""respiratory system"", ""pulmonary circuit"", ""kidneys""]",2,sciq
Which energy resource is renewable?,"[""fuel oil"", ""natural gas"", ""wind"", ""coal""]",2,arc_easy
"if a pot on the stove is described as hot, what does this mean?","[""the body of the pot is of high temperature"", ""the body of the pot is cold"", ""all of these"", ""the body of the pot is wet""]",0,openbookqa
Rise divided by run is called what?,"[""hill"", ""steep"", ""slope"", ""mound""]",2,sciq
Water is often put through a treatment system before it is used in homes as drinking water. Which is the most likely reason water is treated before people drink it?,"[""to remove harmful substances"", ""to add color"", ""to increase its supply"", ""to decrease its temperature""]",0,arc_easy
"If a deer is unable to eat regularly, or only eats that which lacks essential minerals, the deer may","[""find healthy food"", ""experience failing health"", ""fail to gestate"", ""prepare to mate""]",1,openbookqa
What body part does encephalitis attack?,"[""brain"", ""liver"", ""heart"", ""lungs""]",0,sciq
"In order for cells to grow at a normal rate, they must","[""take in light."", ""be specialized."", ""take in nutrients."", ""be of similar size.""]",2,arc_easy
Astronomers have wondered if the universe is expanding fast enough to escape the pull of what?,"[""kinetic energy"", ""gravity"", ""light"", ""Coreolis effect""]",1,sciq
A spontaneous change process called neutrino oscillations can occur only if neutrinos have what property?,"[""velocity"", ""temperature"", ""mass"", ""color""]",2,sciq
What helps fungus digest cellulose and other materials found in rotting matter?,"[""carbohydrates"", ""hormones"", ""enzymes"", ""soil""]",2,sciq
"A creature's habitat would be like what, if it has wide appendages that grasp liquids well?","[""salt water"", ""salty"", ""mountainous"", ""dry""]",0,openbookqa
What tool do scientist's use to show the evolutionary pathways and connections among organisms?,"[""phylogenetic tree"", ""superficial tree"", ""photogenetic tree"", ""conceptual tree""]",0,sciq
What are the two types of cells?,"[""prokaryotes and eukaryotes"", ""bacteria and eukaryotes"", ""animal and bacteria"", ""mammal and plant""]",0,sciq
"What important liquid is stored throughout the earth in the oceans, underground, and in ice?","[""oil"", ""water"", ""air"", ""lava""]",1,sciq
"In a meadow ecosystem, mice receive most of the energy they need to survive directly from which of the following sources?","[""minerals"", ""oxygen"", ""plants"", ""water""]",2,arc_easy
What term describes the amount of material present in an object?,"[""density"", ""volume"", ""mass"", ""weight""]",2,sciq
Which process converts organic nitrogen into an inorganic form that can be used by plants?,"[""decomposition"", ""sedimentation"", ""absorption"", ""radiation""]",0,arc_easy
What are two of the most common vision problems?,"[""blindness and astigmatism"", ""myopia and nearsightedness"", ""nearsightedness and farsightedness"", ""cross-eye and blindness""]",2,sciq
"If you are at a pond throwing rocks, what picnic leisure item should a rock look most like for skipping?","[""Frisbee"", ""Soccer Ball"", ""Football"", ""Stick""]",0,openbookqa
"Felsic, intermediate, mafic, and ultramafic are types of composition of what rock group?","[""igneous"", ""asteroids"", ""metamorphic"", ""Sedimentary""]",0,sciq
"The major classes of living members of this phylum include gastropods, bivalves, and cephalopods?","[""insects"", ""mollusks"", ""invertebrates"", ""crustaceans""]",1,sciq
An example of combining two substances is,"[""pouring queso into guacamole"", ""setting a laptop on a desk"", ""building a roof on a house"", ""putting clothes in a suitcase""]",0,openbookqa
What 3 types of friction occur between solid surfaces?,"[""static , arching , rolling"", ""static,desending,sliding"", ""static , ascending , rolling"", ""static, sliding, rolling""]",3,sciq
What is significant about the discovery of water on Mars?,"[""It proves there is life on Mars."", ""It provides evidence there may be life on Mars."", ""It proves there was an advanced civilization on Mars."", ""It provides evidence of an advanced civilization on Mars.""]",1,arc_easy
What is observed when two perpendicular flagella moves?,"[""turning motion"", ""pushing motion"", ""spinning motion"", ""shaking motion""]",2,sciq
"A student put 200 milliliters (mL) of water into a pot, sets the pot on a burner, and heats the water to boil. When the pot is taken off the burner, it contains only 180 milliliters (mL) of water. What happened to the rest of the water?","[""It was used up."", ""It condensed."", ""It was absorbed by the heat."", ""It turned into water vapor.""]",3,arc_easy
"If a scientist wants the medical community to revise old information and use new research findings in the treatment of a disease, it would be best to present the information","[""at a school science fair."", ""in a newspaper article."", ""at a physicians' conference."", ""in a television commercial.""]",2,arc_easy
Wave amplitude and wavelength are two important measures of what?,"[""wave sound"", ""wave speed"", ""wave harmfulness"", ""wave size""]",3,sciq
The concentration of hydrogen ions in a solution is called?,"[""alkalinity"", ""alcohol"", ""acidity"", ""moisture""]",2,sciq
"Pavement cells, large, irregularly shaped parenchymal cells which lack chloroplasts, make up the majority of what?","[""dermis"", ""epidermis"", ""Skin"", ""layers""]",1,sciq
What is the decayed remains of living organisms called?,"[""plateaus"", ""humus"", ""oil"", ""fossils""]",1,sciq
"Through this process, algae provide glucose for the ecosystem?","[""spermatogenesis"", ""glycolysis"", ""GLUCOPHAGE"", ""photosynthesis""]",3,sciq
"Protists, fungi, animals, and plants all consist of what kind of cells?","[""xylem"", ""eukaryotic"", ""parenchyma"", ""enzymes""]",1,sciq
Which types of muscles cause bones to move when they retract?,"[""skeletal muscles"", ""active muscles"", ""bone muscles"", ""working muscles""]",0,sciq
"Cancer is caused by mutations, which can be caused by pathogens, chemicals, or what else?","[""evaporation"", ""radiation"", ""diseases"", ""convection""]",1,sciq
What is it called when a liquid displays more attraction between the liquid particles than attraction between the liquid and the glass?,"[""tension"", ""flexion"", ""cohesion"", ""stability""]",2,sciq
"When a red bull (RR) is bred with a white cow (WW), a roan calf (RW) is sometimes produced. If a roan bull (RW) is bred with a roan cow (RW), what is the most likely outcome of the offspring?","[""1 red, 1 white, and 2 roan"", ""0 red, 1 white, and 3 roan"", ""2 red, 2 white, and 0 roan"", ""0 red, 0 white, and 4 roan""]",0,arc_easy
Viruses lack metabolic enzymes and equipment for making what?,"[""dna"", ""proteins"", ""cells"", ""acids""]",1,sciq
"if white cold items drop from the sky, what might these be?","[""a gift from the heavens"", ""a cloud is crying"", ""it is an anomaly"", ""it is ice precipitation""]",3,openbookqa
Hagfishes have a skull made of what?,"[""gelatin"", ""cartilage"", ""bone"", ""chitin""]",1,sciq
What kind of a reaction if peptide bond formation?,"[""molten synthesis reaction"", ""reversed synthesis reaction"", ""dehydration synthesis reaction"", ""recharge synthesis reaction""]",2,sciq
Beaver dams can cause floods. This statement shows how,"[""animal growth is affected by environmental conditions"", ""animal behavior may affect the environment"", ""an animal's health depends on its environment"", ""an animal's development depends on its environment""]",1,arc_easy
"Hemoglobin, with four polypeptide chains or subunits, is the most frequently cited example of a protein having what kind of structure?","[""binary"", ""unary"", ""quaternary"", ""ternary""]",2,sciq
A body may find its temperature to be lowered after,"[""water is heated up"", ""fluid spreads from pores"", ""the air becomes arid"", ""the sky stays bright""]",1,openbookqa
What is the name for compounds that contain only carbon and hydrogen?,"[""hydrocarbons"", ""carbohydrates"", ""carbides"", ""particles""]",0,sciq
A lily wants to spread its genetic material around and so relies upon,"[""beads"", ""assistance"", ""shopping"", ""patients""]",1,openbookqa
The solution with the higher solute concentration is called what?,"[""hypotonic"", ""hypertonic"", ""acetic"", ""unsaturated""]",1,sciq
It takes the Earth one year to go around the sun. It takes the moon how long to make one revolution around our planet?,"[""2 months"", ""30 days"", ""2 years"", ""a decade""]",1,openbookqa
A student tosses a ball into the air. Which force causes the ball to fall back to the ground?,"[""gravity"", ""magnetism"", ""mechanical"", ""friction""]",0,arc_easy
Ions are charged what?,"[""atoms"", ""protons"", ""isotopes"", ""molecules""]",0,sciq
Which system are the brain and spinal cord apart of?,"[""large nervous system"", ""cerebral cortex"", ""central nervous system"", ""limbic system""]",2,sciq
What do skeletal muscles enable the body to do?,"[""breathe"", ""look"", ""move"", ""eat""]",2,sciq
"There are only four possible bases that make up each dna nucleotide: adenine, guanine, thymine, and?","[""cytosine"", ""phenylalanine"", ""guarine"", ""taurine""]",0,sciq
How does the core of the sun radiate energy?,"[""nuclear fusion"", ""carbon radiation"", ""electrical radiation"", ""nuclear fission""]",0,sciq
Which scientist is best known for studying plants and animals?,"[""Isaac Newton"", ""Albert Einstein"", ""Charles Darwin"", ""Nicolaus Copernicus""]",2,arc_easy
What requires nutrients for survival?,"[""buildings"", ""rocks"", ""badgers"", ""clouds""]",2,openbookqa
Natural gas burns cleaner and produces less carbon dioxide than fuels of what type?,"[""renewable fuels"", ""solar energy"", ""fossil fuels"", ""biofuels""]",2,sciq
What would classify students in a class differently?,"[""species"", ""favorite animal"", ""home planet"", ""current school""]",1,openbookqa
"Although much of the heart's basic structure is complete by the end of the fifth week, what fetal structures remain until birth or shortly after?","[""heart shunts"", ""renal arteries"", ""umbilical arteries"", ""blood shunts""]",3,sciq
"When an atom has a neutral charge, which particles within the atom have equal numbers?","[""electrons and neutrons"", ""protons and electrons"", ""neutrons and protons"", ""ions and neutrons""]",1,arc_easy
What is a high concentrated solution typically referred to as?,"[""percent solution"", ""saline sollution"", ""share solution"", ""stock solution""]",3,sciq
What is the name of the command center of the cell?,"[""mitochondria"", ""molecules"", ""vacuole"", ""nucleus""]",3,sciq
"Covering about 16 percent of the moon's surface, maria are dark, solid, flat areas consisting of what substance?","[""debris"", ""lava"", ""dust"", ""ash""]",1,sciq
Members of the genus trypanosoma are flagellate protozoa that cause what?,"[""cancer"", ""sleeping sickness"", ""mutations"", ""hypertension""]",1,sciq
What is an example of friction occurring?,"[""there is more resistance driving on gravel than on concrete"", ""a person thinks a thought"", ""an apple falls to the ground from a tree"", ""a spring bounces back and forth""]",0,openbookqa
To change an object's shape,"[""rip off a corner portion"", ""lay it flat on a table"", ""color the edges of it"", ""add a piece of tape to it""]",0,openbookqa
In the 60's people watched on TV while for the first time people walked on,"[""a high rooftop in a major city"", ""a satellite without much air in our solar system"", ""the edge of a cliff in the mountains"", ""a beach in Brazil""]",1,openbookqa
"The direct conversion of a solid to a gas, without an intervening liquid phase, is called what?","[""amplification"", ""isolation"", ""sublimation"", ""insertion""]",2,sciq
Marta studied different forms of energy. Which two types of energy travel in waves?,"[""light and sound"", ""electrical and sound"", ""chemical and light"", ""chemical and electrical""]",0,arc_easy
A student mixes a teaspoon of sugar in a large glass of water. What happens to the sugar when it is mixed with the water?,"[""It boils."", ""It melts."", ""It dissolves."", ""It evaporates.""]",2,arc_easy
An example of a flexible container,"[""Play dough"", ""Bricks"", ""Bones"", ""Carrots""]",0,openbookqa
The bottom of the ocean is called what?,"[""Intertidal zone"", ""Final zone"", ""the benthic zone"", ""Demersal zone""]",2,sciq
What is going to become dryer faster?,"[""A wet shoe outside"", ""A wet cloth in the fridge"", ""A wet cloth in the dirt"", ""A wet cloth under shade""]",0,openbookqa
A person with a pet amphibian will likely feed it,"[""meal worms"", ""deer"", ""steak"", ""wax""]",0,openbookqa
What event occurred at the close of the precambrian era?,"[""spontaneous mutation"", ""ecosystem succession"", ""natural selection"", ""a mass extinction""]",3,sciq
What is the process of drawing general conclusions based on many pieces of evidence?,"[""quantum reasoning"", ""inductive reasoning"", ""experimental reasoning"", ""primitive reasoning""]",1,sciq
Computers have devices called heat sinks designed to lower the temperature of a computer by scattering produced heat into the surrounding area. Which type of energy is kept away from a computer by a heat sink?,"[""electrical"", ""chemical"", ""thermal"", ""nuclear""]",2,arc_easy
What remains in the same location in the sky of the Northern Hemisphere each night?,"[""the Sun"", ""the Little Dipper"", ""the North Star"", ""the Moon""]",2,arc_easy
What happens to evolution when equilibrium is reached within the genes of the population?,"[""it goes backwards"", ""it stops occurring"", ""it accelerates"", ""it starts over""]",1,sciq
What fills the epidermal cells that make up fingernails and toenails?,"[""cellulose"", ""chromatin"", ""keratin"", ""amino acids""]",2,sciq
Which property of proteins best allows them to perform an enormously diverse range of functions?,"[""their large, chemical-energy reserve"", ""their large, stored-electric potential"", ""the complexity of their folded structure"", ""the wide variety of elements they include""]",2,arc_easy
Which statement about the genetic traits of humans is true?,"[""Recessive forms of genes are always visible in offspring."", ""Visible traits are the same for each member of a family."", ""Dominant forms of genes are always inherited from both parents."", ""Visible traits depend on the dominant and recessive forms of genes from each parent.""]",3,arc_easy
Which landforms are most like hills but are much taller?,"[""caves"", ""mountains"", ""plains"", ""valleys""]",1,arc_easy
What kind of energy causes evaporation?,"[""hot"", ""cold"", ""sound"", ""kinetic""]",0,openbookqa
"Manganin is made up of metals that include copper, manganese and nickel - what do you generally call a metal of this type?","[""complex metal"", ""silicon"", ""alloy"", ""mixed metal""]",2,sciq
Which of these tectonic plate boundaries is most likely to form a volcano?,"[""a continental plate colliding with a continental plate"", ""an oceanic plate sliding past a continental plate"", ""a continental plate sliding past a continental plate"", ""an oceanic plate colliding into a continental plate""]",3,arc_easy
Diamond is extremely hard because of the strong bonding between ______ in all directions?,"[""consistent atoms"", ""hydrogen atoms"", ""carbon atoms"", ""liquid atoms""]",2,sciq
The wrist and base of the hand are formed by what series of small bones arranged in distal and proximal rows?,"[""carpal"", ""patella"", ""cranial"", ""ribs""]",0,sciq
"Which of these are broken down during chemical, but not physical, changes?","[""elements"", ""mixtures"", ""solutions"", ""compounds""]",3,arc_easy
What do we call structures that are similar in related organisms because they were inherited from a common ancestor?,"[""monogamous"", ""polylogous"", ""homologous"", ""filamentous""]",2,sciq
Elk are protected where?,"[""dogs"", ""nat'l parks"", ""cats"", ""statues""]",1,openbookqa
Which three systems of the human body function together to move and control body parts?,"[""nervous, skeletal, and muscular"", ""muscular, endocrine, and excretory"", ""digestive, excretory, and reproductive"", ""circulatory, endocrine, and respiratory""]",0,arc_easy
What do communication satellites carry and use to provide energy during their missions?,"[""solar panels"", ""batteries"", ""infrared panels"", ""geothermal panels""]",0,sciq
A student throws a ball. Which of these best describes the moving ball?,"[""The ball has light energy."", ""The ball has kinetic energy."", ""The ball is transferring sound energy to the air."", ""The ball is transferring light energy to the air.""]",1,arc_easy
Melting ice and grinding wood into sawdust are examples of what?,"[""chemical changes"", ""physical changes"", ""unpredictable changes"", ""reversible changes""]",1,sciq
Sexual reproduction is the combination of (usually haploid) reproductive cells from two individuals to form a third (usually diploid) unique offspring. sexual reproduction produces offspring with novel combinations of what?,"[""features"", ""genes"", ""phenotypes"", ""cells""]",1,sciq
These would likely be broken down and recycled,"[""waste helium"", ""waste hydrogen"", ""pallets"", ""waste oil""]",2,openbookqa
"Bones are considered organs because they contain what, specifically?","[""tissue"", ""blood"", ""calcium"", ""DNA""]",0,sciq
An image that is double the size of the object would have what?,"[""stimulation"", ""magnification"", ""illumination"", ""configuration""]",1,sciq
plant stem is the vehicle for transporting water and food from roots to the rest of the,"[""solar harnessing life"", ""cupcake"", ""rock"", ""sneaker""]",0,openbookqa
"If soil is loose, it makes it what for oxygen to get in?","[""seven"", ""boring"", ""harder"", ""simpler""]",3,openbookqa
When the Platypus emerges and new life into the pouch it has been,"[""died"", ""birthed"", ""flown"", ""ran""]",1,openbookqa
What is the basic unit of matter?,"[""nucleus"", ""atom"", ""neutron"", ""dark material""]",1,sciq
All combustion reactions are what type of reactions?,"[""flammable"", ""geothermal"", ""reversible"", ""exothermic""]",3,sciq
"What is aggravated by practices such as logging, mining, construction, and paving surfaces?","[""soil erosion"", ""seismic activity"", ""water pollution"", ""global warming""]",0,sciq
Anne and her father find a 30-million year-old tropical plant fossil in Louisiana. Which question does the fossil help them answer?,"[""Were there mountains in Louisiana 30 million years ago?"", ""What was the climate like in Louisiana 30 million years ago?"", ""Were there earthquakes in Louisiana 30 million years ago?"", ""What kind of animals lived in Louisiana 30 million years ago?""]",1,arc_easy
What are elements that generally do not conduct electricity?,"[""copper"", ""metal"", ""nonmetals"", ""iron""]",2,sciq
Controlled burns help prevent wildfires by cleaning up,"[""dead foliage"", ""animal droppings"", ""wasp nests"", ""air pollution""]",0,openbookqa
"A field is experiencing above average rainfall and food is plentiful, so the rabbits living there will","[""produce larger litters"", ""find new land"", ""die much younger"", ""eat less food""]",0,openbookqa
What part of a bird is adapted for the food it eats?,"[""teeth"", ""head"", ""eye"", ""beak""]",3,sciq
"A dart frog is eaten by a pelican, who promptly","[""passes away"", ""wakes up"", ""eats birds"", ""flies home""]",0,openbookqa
What term means the adjusting of systems within a cell in order to restore balance or maintain equilibrium?,"[""systemic regulation"", ""aftertouch regulation"", ""gaseous regulation"", ""homeostatic regulation""]",3,sciq
Western coral snakes have a striped color pattern and are poisonous. Arizona mountain king snakes look like western coral snakes but are not poisonous. The color pattern of the Arizona mountain king snake is an example of,"[""camouflage."", ""mimicry."", ""mutualism."", ""parasitism.""]",1,arc_easy
What term is used to describe major changes in the genetic material?,"[""generational alterations"", ""eukaryotic alterations"", ""mutational alterations"", ""chromosomal alterations""]",3,sciq
What is the term for  a loop in which a product feeds back to control its own production?,"[""Recondition Mechanism"", ""load mechanism"", ""Adaptive Mechanism"", ""feedback mechanism""]",3,sciq
What kind of feeders are sponges?,"[""bottom feeders"", ""filter feeders"", ""primary feeders"", ""surface feeders""]",1,sciq
Deer ticks are the vectors for what disease that affects humans?,"[""dengue fever"", ""lyme disease"", ""malaria"", ""ringworm""]",1,sciq
Animals that defend their area are generally known as what kinds of animals?,"[""mutants"", ""neutral"", ""carnivores"", ""territorial""]",3,sciq
Where do physical laws govern energy flow and chemical cycling?,"[""oceans"", ""ecosystems"", ""habitats"", ""environments""]",1,sciq
What is it called when multiple faults are located in close proximity to one another?,"[""fault zone"", ""crystal zone"", ""solid zone"", ""fog zone""]",0,sciq
What term describes waves that transfer energy through matter?,"[""mechanical currents"", ""mechanical waves"", ""energy currents"", ""temperature waves""]",1,sciq
"What is used to measure, in degrees, the distance north or south of the equater?","[""elevation"", ""latitude"", ""magnitude"", ""equator""]",1,sciq
What three forms does frozen precipitation take?,"[""blizzard, frost, fog"", ""hail, wind, typhoon"", ""snow, sleet, freezing rain"", ""vapor, fog, ice""]",2,sciq
Students performing a scientific investigation are most likely trying to,"[""produce a new theory."", ""disprove a hypothesis."", ""reject a conclusion."", ""answer a question.""]",3,arc_easy
What has traditionally been defined as a force of attraction between two masses?,"[""gravity"", ""mass"", ""volume"", ""motion""]",0,sciq
What is the name of the second most electronegative element?,"[""nitrogen"", ""oxygen"", ""carbon"", ""Hydrogen""]",1,sciq
What is a measure of how much energy is needed to change the temperature of a substance?,"[""thermal potential"", ""specific gravity"", ""momentum"", ""specific heat""]",3,sciq
An example of feeling could be,"[""the sun on the leaves of a plant"", ""clothes on the thighs"", ""water running in a river"", ""air blowing trees around""]",1,openbookqa
Which difference between land and water contributes most directly to global climate change resulting from tectonic movement?,"[""mean material densities"", ""magnetic material content"", ""heat absorption and retention properties"", ""rate of radioactivity-related heat release""]",2,arc_easy
This object in your pocket is the most likely to shock you,"[""your phone"", ""your credit card"", ""your library card"", ""your wallet""]",0,openbookqa
Duckweed and cattails serve what role in the food chain in freshwater biomes?,"[""primary producer"", ""secondary consumer"", ""primary consumer"", ""tertiary consumer""]",0,sciq
What is the plasma membrane formed by?,"[""a cytoplasm bilayer"", ""cholesterol byproduct"", ""a phospholipid bilayer"", ""single lipid layer""]",2,sciq
What can sodium ions not pass through?,"[""nonpolar lipid bilayer"", ""benthic lipid bilayer"", ""narrowness lipid bilayer"", ""Lipid Control""]",0,sciq
What uses eyes to see by sensing light?,"[""trees"", ""algae"", ""worms"", ""elephants""]",3,openbookqa
"How do glucose, ions, and other larger molecules leave the blood?","[""through cell membranes"", ""through intercellular clefts"", ""through veinous fissures"", ""through capillary tips""]",1,sciq
Has the average annual temperature on earth been rising or falling for the past 100 years?,"[""rising"", ""fluctuating"", ""falling"", ""unchanged""]",0,sciq
Wetlands are environments in which the soil is either permanently or periodically saturated with what?,"[""hydrogen"", ""water"", ""spores"", ""oil""]",1,sciq
"When oxygen is not bound to heme and the partial pressure of oxygen is low, hemoglobin readily binds to what?","[""iron"", ""carbon"", ""carbon dioxide"", ""sulfur""]",2,sciq
"Earth, along with the other planets, revolves around the Sun. The planets revolve in a counterclockwise direction. The cause of the revolution is mostly due to which force?","[""electrical"", ""frictional"", ""gravitational"", ""magnetic""]",2,arc_easy
What model is used to show the pattern of traits that are passed from one generation to the next in a family?,"[""pedigree chart"", ""dichotomous key"", ""energy pyramid"", ""line graph""]",0,arc_easy
What type of behavior is frogs croaking or deer clashing antlers an example of?,"[""instincts"", ""learned behavior"", ""courtship"", ""mating""]",2,sciq
Transport of water and solutes in plants water potential is a measure of the difference in potential energy between a water sample and this?,"[""pure water"", ""dirty water"", ""salty water"", ""green water""]",0,sciq
The simplest organic compounds are known as what?,"[""amino acids"", ""carbohydrates"", ""hydrocarbons"", ""nucleotides""]",2,sciq
"A storm rages for two weeks, and the rivers and lakes swell past their holding capacity, so","[""the area becomes damp"", ""the surrounding land is underwater"", ""the wind blows over trees"", ""everything around burns down""]",1,openbookqa
"When sugar is added to water, it blends in such as in which drink?","[""milk"", ""lemonade"", ""juice"", ""tea""]",1,openbookqa
"The existence of the plasma membrane was identified in the 1890s, and its chemical components were identified in 1915. the principal components identified at that time were these?","[""gasses and proteins"", ""carbohydrates and proteins"", ""lipids and proteins"", ""lipids and carbohydrates""]",2,sciq
The Moon's rotation is,"[""faster than its revolution."", ""slower than its revolution."", ""half as fast as its revolution."", ""about the same as its revolution.""]",3,arc_easy
"In abalones and limpets, what is conical, but somewhat flattened?","[""the shell"", ""the head"", ""the bone"", ""the heart""]",0,sciq
Jagged mountains would most likely become rounded hills through which process?,"[""erosion"", ""deposition"", ""volcanic activity"", ""chemical change""]",0,arc_easy
Essential minerals that the body needs in tiny quantities are called what?,"[""flux minerals"", ""draw minerals"", ""byproduct minerals"", ""trace minerals""]",3,sciq
What requires sunlight to grow?,"[""lakes"", ""deep sea fish"", ""rose bushes"", ""mountains""]",2,openbookqa
The vector sum of all the torques acting on an object is called what?,"[""net torque"", ""torque load"", ""homeostasis"", ""peak capacity""]",0,sciq
"A bad spot in town, as far as nature and the health of Earth is concerned, will be","[""heaped refuse"", ""piled compost"", ""pollinated flowers"", ""watered gardens""]",0,openbookqa
Animals adapt to their what?,"[""appearance"", ""feet"", ""skin"", ""nature places""]",3,openbookqa
"In winter, the arctic fox has white fur. In summer, its fur changes color to brown and gray. The change in fur color helps the arctic fox to ___.","[""run"", ""mate"", ""hide"", ""hibernate""]",2,arc_easy
An individual with down's syndrome has 47 of what instead of the normal 46?,"[""chromosomes"", ""mitochondria"", ""prokaryotes"", ""ribosomes""]",0,sciq
All rocks are composed of,"[""fossils"", ""cells"", ""metals"", ""minerals""]",3,arc_easy
An environment is likely to change when humans,"[""make a building taller than before"", ""remodel and existing house"", ""clear hillside brush for houses"", ""have more people living in one house""]",2,openbookqa
"A creature that is lacking domestication, and is also lacking a wild space, perhaps occupies","[""a wild time"", ""a distant planet"", ""a small crater"", ""a displayed habitat""]",3,openbookqa
"If a wooded area is cleared and corn is planted, what will MOST likely happen?","[""Animal habitats will be destroyed."", ""The air will become polluted."", ""Weather patterns will change."", ""Underground streams will get polluted.""]",0,arc_easy
Scientists found evidence of a fish that lived millions of years ago. The fish had features that were possibly used to move on land. This fish is now extinct. What scientific evidence did the scientists most likely find that confirmed the existence of this fish?,"[""a fossil"", ""a description"", ""a photograph"", ""a cave drawing""]",0,arc_easy
Which of the following best describes a role of mushrooms in ecosystems?,"[""capturing energy from sunlight"", ""consuming living plant material"", ""taking energy from animal hosts"", ""breaking down dead plant material""]",3,arc_easy
What molecule is made of two hydrogen atoms and one oxygen atom?,"[""Oxygen"", ""water"", ""lipids"", ""carbohydrate""]",1,sciq
Volume can indicate,"[""how an object reacts to heat"", ""whether an object is expansive"", ""how an object smells"", ""the state of matter of an object""]",1,openbookqa
What occurs when the vapor pressure of a liquid is equal to the atmospheric pressure?,"[""freezing"", ""boiling"", ""evaporation"", ""melting""]",1,sciq
a car engine usually converts gasoline into motion and heat through what?,"[""air"", ""hot peppers"", ""water"", ""fiery reaction""]",3,openbookqa
A creature that completely goes unnoticed and unseen against a mottled leaf backdrop is probably,"[""indoors"", ""glowing"", ""neon"", ""matching""]",3,openbookqa
What is the process by which some solids transition directly into gases?,"[""articulation"", ""vaporization"", ""sublimation"", ""amplification""]",2,sciq
"Organisms that ""love"" acids are known as what?","[""acidophobes"", ""acidophiles"", ""acid heads"", ""acidic""]",1,sciq
Cancer develops when what process is unregulated?,"[""metabolism"", ""cell division"", ""cellular respiration"", ""meiosis""]",1,sciq
What layered form of carbon is used as a lubricant and in pencils?,"[""graphite"", ""copper"", ""lead"", ""carbonite""]",0,sciq
This inverse relationship between solubility and temperature can be understood by looking at a what?,"[""nutrient model"", ""a slide"", ""potassium model"", ""molecular model""]",3,sciq
Birds go south to look for,"[""Vacation"", ""Friends"", ""Insurance"", ""a different climate""]",3,openbookqa
"In science, what is a bit of information that is true?","[""lie"", ""theory"", ""a fact"", ""falsehood""]",2,sciq
What is an example of the fact that crop rotation renews the soil?,"[""planting rows of carrots and peas next to one another"", ""planting peas one season then carrots the next"", ""planting a field of corn with different types in it"", ""tilling the soil in between crops""]",1,openbookqa
What substance flows over the land from precipitation or melting snow or ice?,"[""nitrogen"", ""water"", ""air"", ""lava""]",1,sciq
What type of scientists study the effects people have on their environment?,"[""biological scientists"", ""environmental scientists"", ""integrated scientists"", ""ecological scientists""]",1,sciq
What is the purpose of your body's first line of defense?,"[""reject foreign bodies"", ""fight or flight"", ""heal wounds"", ""to keep out pathogens""]",3,sciq
What would thrive if Eagles died out,"[""air"", ""hamsters"", ""emotions"", ""magic""]",1,openbookqa
Which is likely true about water?,"[""oceans will evaporate more liquid than a lake"", ""streams will evaporate more liquid than anything"", ""lakes will evaporate more water than oceans"", ""streams will evaporate more water than oceans""]",0,openbookqa
"When a nerve impulse reaches the end of an axon, what are the chemicals released by the axon called?","[""neurons"", ""electrolytes"", ""neurotransmitters"", ""receptors""]",2,sciq
What is usually necessary to develop cancer?,"[""crucial genes mutations"", ""massive genes mutations"", ""multiple genes mutations"", ""novel genes mutations""]",2,sciq
Ionic liquids heating a salt to its melting point produces a what?,"[""table salt"", ""plasma"", ""molten salt"", ""gas""]",2,sciq
Natural selection cannot occur without,"[""competition for unlimited resources."", ""gradual warming of Earth."", ""genetic variation in species."", ""asexual reproduction in species.""]",2,arc_easy
Most tunicates live a sessile existence in shallow ocean waters and are suspension feeders. the primary foods of tunicates are plankton and this?,"[""bacteria"", ""detritus"", ""debris"", ""crustaceans""]",1,sciq
"Plants are like all other organisms, in that they need what to survive?","[""sustenance"", ""shoes"", ""games"", ""internet""]",0,openbookqa
What phenomenon is crowding out other species and making all the other causes of extinction worse?,"[""climate change"", ""human suburbanization"", ""migration"", ""human overpopulation""]",3,sciq
A person wanting to harvest tomatoes in the harshest winter in decades could do so if they obtained a,"[""snowblower"", ""shovel"", ""underground pool"", ""heat lamp""]",3,openbookqa
All living and nonliving material is composed of,"[""air"", ""elements"", ""water"", ""soil""]",1,arc_easy
"Branchiopoda are mostly small, freshwater animals that feed on?","[""algae and plankton"", ""nutrient and detritus"", ""fishery and detritus"", ""plankton and detritus""]",3,sciq
How do mammals ventilate their lungs?,"[""negative combination breathing"", ""negative atmospheric breathing"", ""negative pressure vocalizing"", ""negative pressure breathing""]",3,sciq
Which process turns a large rock into a pile of smaller stones?,"[""deposition"", ""sedimentation"", ""fossilizing"", ""weathering""]",3,arc_easy
Who invented the taxonomic classification system?,"[""Pascal"", ""gregor mendel"", ""carl linnaeus"", ""Isaac Newton""]",2,sciq
Living organisms are affected by changes in ph which can include basic conditions and what other kinds of conditions?,"[""carbolic"", ""sodium"", ""acidic"", ""complex""]",2,sciq
"In 1918, an outbreak of influenza infected 500,000 people all over the world. Tens of millions of those infected died. In 1994, an outbreak of pneumonic plague spread quickly through the city of Surat in India, killing 52 people. Which statement best describes the two events?","[""Both outbreaks were pandemics."", ""Both outbreaks were epidemics."", ""The influenza outbreak was a pandemic. The plague outbreak was an epidemic."", ""The influenza outbreak was an epidemic. The plague outbreak was a pandemic.""]",2,arc_easy
What are materials that are poor thermal conductors called?,"[""thermal insulators"", ""sunlight insulators"", ""warmth insulators"", ""pollution insulators""]",0,sciq
"When electricity is used to run appliances in a building, the electricity is measured in kilowatt-hours. Which of these units could be used in place of ""kilowatt-hour""?","[""joule"", ""newton"", ""specific heat"", ""thermal expansion""]",0,arc_easy
The skull is a part of a vertebrate endoskeleton that encloses and protects what organ?,"[""brain"", ""lung"", ""heart"", ""nervous system""]",0,sciq
What is the term for anything that can cause cancer?,"[""contaminate"", ""chemical"", ""contamination"", ""carcinogen""]",3,sciq
What ultimately results in the cycling of nutrients in ecosystems?,"[""molecules between organisms"", ""chemical bonds"", ""interactions between organisms"", ""digestion""]",2,sciq
"If a globe has a range of populace, it likely also has","[""old babies"", ""varied homes"", ""poisoned blood"", ""teal rabbits""]",1,openbookqa
What parts of a human possess the highest concentration of thermoreceptors?,"[""hand and ears"", ""hands and feet"", ""face and hair"", ""face and ears""]",3,sciq
"Name the missing type of light: ultraviolet, infrared, ___________.","[""vertical"", ""predictable"", ""distinct"", ""visible""]",3,sciq
What is the earths crust composed of?,"[""sedimentary rock"", ""bicellular rock"", ""metamorphic rock"", ""igneuos rock""]",3,sciq
An example of hydrolysis working within our bodies is the process of what?,"[""digestion"", ""absorption"", ""filtration"", ""breathing""]",0,sciq
Living things depend on energy from,"[""the Sun"", ""the Moon"", ""soil"", ""water""]",0,arc_easy
Electrophiles have a strong tendency to react with what?,"[""nucleophiles"", ""neutrons"", ""resistors"", ""acids""]",0,sciq
"What type of galaxies have a rotating disk of stars and dust, a bulge in the middle, and several arms?","[""pinwheel galaxies"", ""round galaxies"", ""spherical galaxies"", ""spiral galaxies""]",3,sciq
"Milk is usually subjected to what process, where high temperatures denature the proteins in bacteria so they cannot carry out functions needed to grow and multiply?","[""vaporization"", ""Cleaning"", ""pasteurization"", ""crystallization""]",2,sciq
What do most amphibians breathe with as larvae?,"[""pores"", ""gills"", ""nasal passages"", ""lungs""]",1,sciq
"If water from a spring can't flow downwards, it can spread out to form one of 2 things.  what are they?","[""lake or ocean"", ""ocean or sea"", ""ocean or river"", ""pond or lake""]",3,sciq
Vivipary refers to the development and nourishment of a what?,"[""seed"", ""egg"", ""embryo"", ""nucleus""]",2,sciq
"What crystals consist of molecules at the lattice points of the crystal, held together by relatively weak intermolecular forces?","[""quartz crystals"", ""molecular crystals"", ""healing crystals"", ""salt crystals""]",1,sciq
All cells need what for energy?,"[""oxygen"", ""light"", ""glucose"", ""insulin""]",2,sciq
Molar mass is equal to density multiplied by what?,"[""molar energy"", ""molar weight"", ""molar gravity"", ""molar volume""]",3,sciq
What simple machine works with a wheel and axle in a wheelbarrow?,"[""pulley"", ""lever"", ""blade"", ""hammer""]",1,sciq
Sleet is made out of water that is,"[""vapor"", ""hot"", ""liquid"", ""cold""]",3,openbookqa
"When bread bakes, yeast releases which gas?","[""carbon monoxide"", ""carbon dioxide"", ""hydrogen"", ""oxygen""]",1,sciq
Sodium is a metal with one valence electron. Which of these elements has properties similar to sodium?,"[""magnesium"", ""potassium"", ""aluminum"", ""calcium""]",1,arc_easy
"What is the term for very large arrays of tandemly repeating, non-coding dna?","[""satellite dna"", ""models dna"", ""addition dna"", ""recombinant dna""]",0,sciq
Which cell gives rise to all cells of the human body?,"[""signaler stem cell"", ""omnipoten stem cell"", ""schwann stem cell"", ""totipotent stem cell""]",3,sciq
The rate of a reaction can be expressed either in terms of the decrease in the amount of what or the increase in the amount of a product per unit time?,"[""reactant"", ""sulfate"", ""isotope"", ""plasma""]",0,sciq
The posterior end of a typical rib is called what?,"[""neck"", ""head"", ""bottom"", ""chest""]",1,sciq
A cow can see that the farmer is coming because there is light that makes its way,"[""into his eyes"", ""into the moon"", ""into the sun"", ""into a bucket""]",0,openbookqa
What is the term for a symbiotic relationship in which the parasite benefits while the host is harmed?,"[""infection"", ""reciprocity"", ""parasitism"", ""pathology""]",2,sciq
What is unique and found in all living things because it can form up to four covalent bonds between atoms or molecules?,"[""hydrogen"", ""carbon"", ""potassium"", ""oxygen""]",1,sciq
"What system consists of structures that produce eggs, secrete female sex hormones, and ultimately enable birth of a fetus?","[""female reproductive system"", ""female uterus system"", ""female hormone system"", ""male reproductive system""]",0,sciq
What safety rule is most important for students to follow when working with acids and bases?,"[""wear nose plugs"", ""put on safety goggles"", ""put away all lab supplies"", ""wear heavy cloth gloves""]",1,arc_easy
A plane travels through the air surrounding a,"[""planet"", ""black hole"", ""submarine"", ""cave""]",0,openbookqa
Leaves are the part of a plant with the most a type of,"[""root"", ""bud"", ""bacteria"", ""specialized compartment""]",3,openbookqa
What can ultimately result when species are introduced to a new place and prey on other species?,"[""depletion"", ""extinction"", ""elimination"", ""over population""]",1,sciq
What is the name for unsaturated hydrocarbons that contain at least one double bond?,"[""lipids"", ""acids"", ""alkenes"", ""enzymes""]",2,sciq
What system consists of all the muscles of the body?,"[""muscular"", ""digestive"", ""endocrine"", ""vascular""]",0,sciq
"A scientist developed a model that described the actions of DNA in the cell nuclei, which helped explain how traits were inherited. Which scientist helped develop this model?","[""Bohr"", ""Hooke"", ""Mendel"", ""Watson""]",3,arc_easy
"If a tree is going to give its essence to another tree, it needs to use","[""small creatures"", ""great stamina"", ""positive attitude"", ""mighty strength""]",0,openbookqa
What is each half of the cerebrum called?,"[""demisphere"", ""a describe"", ""a biplane"", ""a hemisphere""]",3,sciq
"When cutting down rain forests, it is important to keep in mind air quality. When too many trees are cut down in a given area, there may be decrease in the air's","[""quality"", ""carbon dioxide"", ""helium amounts"", ""carbin dioyide levels""]",0,openbookqa
What is the density needed to just halt universal expansion called?,"[""critical density"", ""instance density"", ""stop density"", ""allow density""]",0,sciq
Metabolism is the sum of all catabolic and which other reactions in the body?,"[""anabolic"", ""systic"", ""abolic"", ""inbolic""]",0,sciq
In December in the northern hemisphere you need,"[""short shorts"", ""cooling fans"", ""suntan lotion"", ""mittens""]",3,openbookqa
What are the cone-like structures that contain sporangia called?,"[""contrail"", ""medulla"", ""gametes"", ""strobili""]",3,sciq
Plasmodesmata passes through what part of plants?,"[""cell walls"", ""cell ridges"", ""cytoplasm"", ""nucleus""]",0,sciq
Which statement best describes how birth and death rates compare in a population at carrying capacity?,"[""The birth rate is greater than the death rate."", ""The birth rate is less than the death rate."", ""The birth rate is equal to the death rate."", ""The birth rate and the death rate are zero.""]",2,arc_easy
The desire to understand how and why things happen is shared by all branches of what?,"[""population"", ""society"", ""science"", ""government""]",2,sciq
What is the measure of the force of gravity pulling down on an object called?,"[""factor"", ""weight"", ""volume"", ""mass""]",1,sciq
A moth leaving it's cocoon is the final step in a,"[""life cycle"", ""transformation"", ""recycling process"", ""chemical reaction""]",1,openbookqa
To have energy that will last your whole life you'd buy a,"[""car battery"", ""loaf of bread"", ""turbine"", ""tank of gas""]",2,openbookqa
"Like the frame of a house, what gives the cell an internal structure?","[""cytoskeleton"", ""cellulose"", ""endoskeleton"", ""cytoplasm""]",0,sciq
When a varmint eats a pear and discards the seeds what will develop,"[""a tree"", ""flower"", ""debt"", ""an ant mound""]",0,openbookqa
Secondary consumers are usually carnivores that eat what?,"[""soil"", ""plants"", ""primary consumers"", ""dead material""]",2,sciq
Mammals give birth to live,"[""children"", ""birds"", ""fish"", ""insects""]",0,openbookqa
What is name for a piece of collagen-rich skin formed after the process of wound healing that differs from normal skin?,"[""tissue"", ""Sore"", ""scar"", ""size""]",2,sciq
"In Alaska, there are fewer hours of daylight in the winter than in the summer. Which statement best explains why this difference occurs?","[""The Sun burns hotter in the summer."", ""The Sun moves below the horizon in the summer."", ""The Northern Hemisphere is closer to the Sun in the winter."", ""The Northern Hemisphere is tilted away from the Sun in the winter.""]",3,arc_easy
What type of gas is produced by alcoholic fermentation of the glucose in corn or other plants?,"[""ethanol"", ""ethyl"", ""isopropyl"", ""methanol""]",0,sciq
The axon is a long extension of the cell body that transmits what to other cells?,"[""calcium impulses"", ""nerve impulses"", ""blood impulses"", ""synthesis impulses""]",1,sciq
Which characteristic is not an inherited trait?,"[""size"", ""eye color"", ""skin color"", ""personality""]",3,arc_easy
Grass snakes live in what?,"[""trees"", ""mountains"", ""lakes"", ""turf""]",3,openbookqa
Pluto’s orbit is in the kuiper?,"[""field"", ""belt"", ""zone"", ""area""]",1,sciq
Not getting enough calcium may cause what health problem?,"[""osteoporosis"", ""arthritis"", ""diabetes"", ""blindness""]",0,sciq
"The female reproductive organs include the ovaries, fallopian tubes, uterus, and what?","[""intestines"", ""womb"", ""bladder"", ""vagina""]",3,sciq
What is the most abundant element in the universe?,"[""carbon"", ""helium"", ""hydrogen"", ""nitrogen""]",2,sciq
The crawling pace of limestone removal from an area produces,"[""giant slugs"", ""new crops"", ""homes for bats"", ""land mines""]",2,openbookqa
"After a torrential downpour over a week, a man notices that the pond in his backyard is","[""melted"", ""dehydrated"", ""bloated"", ""salted""]",2,openbookqa
"Like ammonia, hydrazine is both a brønsted base and which other base?","[""dynamic base"", ""unit base"", ""floyd base"", ""lewis base""]",3,sciq
"If a bird is green, another bird can realize that by","[""noticing it"", ""visiting it"", ""touching it"", ""killing it""]",0,openbookqa
What is the type of cell division that produces gametes?,"[""electrolysis"", ""mitosis"", ""budding"", ""meiosis""]",3,sciq
A cow would prefer,"[""birds"", ""metals"", ""sushi"", ""cucumbers""]",3,openbookqa
Non-human organisms that mainly consume plants/other primary producers are known as what?,"[""herbivores"", ""carnivores"", ""omnivores"", ""amphibians""]",0,sciq
The prairie grass ecosystem once had a deep layer of topsoil which was protected by the grasses that covered it. Removal of these grasses for farmland is causing the soil to be eroded mainly by,"[""wind and rain."", ""animal movement."", ""crops grown in the soil."", ""increased temperatures.""]",0,arc_easy
"Penis, testes, and epididymis are organs in what system?","[""virus reproductive system\u200b"", ""plant reproductive system\u200b"", ""female reproductive system\u200b"", ""male reproductive system""]",3,sciq
Many transition metals and their compounds are used as what?,"[""insulators"", ""bases"", ""sealants"", ""catalysts""]",3,sciq
The speed of a particle in what state is directly proportional to the temperature of the system?,"[""frozen"", ""solid"", ""gas"", ""liquid""]",2,sciq
Mice,"[""abandon their offspring"", ""hatch their young"", ""lay eggs"", ""nurse their offspring""]",3,openbookqa
The fact that all living things share the same biochemical building blocks is molecular evidence of what theorized process?,"[""emergence"", ""creation"", ""generation"", ""evolution""]",3,sciq
Which is the correct order in the process of sedimentary rock formation?,"[""compaction, erosion, cementation, deposition"", ""compaction, weathering, erosion, cementation"", ""weathering, deposition, cementation, burial"", ""weathering, erosion, deposition, compaction""]",3,arc_easy
"A frog, in winter, will burrow itself into soft mud, until it freezes, then in the spring","[""it melts, because it is warm-blooded"", ""it unfreezes, because it is cold-blooded"", ""it remains frozen until it dies"", ""it dies, because it is warm-blooded""]",1,openbookqa
Angiosperm seed develops inside of what?,"[""fallopian tubes"", ""an ovary"", ""the pancreas"", ""a kidney""]",1,sciq
A problem with using food chains to describe ecosystems is that some organisms can feed on or be consumed by species from more than one of what level?,"[""trophic level"", ""habitat level"", ""pH level"", ""biome level""]",0,sciq
An astronomical unit (AU) refers to the distance between,"[""Earth and the Sun."", ""the Moon and the Sun."", ""Earth and the Moon."", ""the Sun and the nearest star.""]",0,arc_easy
The wolf raises his family near a,"[""den"", ""field"", ""tree"", ""mother.""]",0,openbookqa
What is a double membrane of the nucleus that encloses the genetic material?,"[""the complex envelope"", ""the nuclear envelope"", ""the nuclear compression"", ""the cell wall""]",1,sciq
"What property of carbon and other elements can be used to date fossils and rocks, among other things?","[""mass"", ""full-life"", ""magnetic force"", ""half-life""]",3,sciq
What type of tissues are major barriers to the entry of pathogens into the body?,"[""skin"", ""vascular"", ""mucosal"", ""nasal""]",2,sciq
Childbirth usually starts when which sac breaks?,"[""umbilical"", ""uterine"", ""protein"", ""amniotic""]",3,sciq
What do scientists attach to aquatic animals to collect information?,"[""satellite tags"", ""radio tags"", ""fluorescent tags"", ""ultraviolet tags""]",0,sciq
The lancelet lacks what feature that distinguishes vertebrates?,"[""feet"", ""skin"", ""backbone"", ""mouth""]",2,sciq
What are the two most common silicates?,"[""Analcime and Feldspar"", ""feldspar and quartz"", ""Petalite and Analcime"", ""Petalite and Quartz""]",1,sciq
How many chromosomes do bacterial dna have?,"[""one rectangular chromosome"", ""one triangular chromosome"", ""one circular chromosome"", ""one simple chromosome""]",2,sciq
A satellite orbits a,"[""empty space"", ""ocean"", ""terrestrial body"", ""air pocket""]",2,openbookqa
Pollutants in surface water can filter into the ground and enter a what?,"[""hydro plant"", ""groundwater aquifer"", ""combustion aquifer"", ""turbine""]",1,sciq
What are the outer-shell electrons of an atom called?,"[""outer electrons"", ""organism electrons"", ""helium electrons"", ""valence electrons""]",3,sciq
Materials such as carbon and nitrogen go through cycles. The cycling of nitrogen waste materials is mostly dependent upon the role of which factor?,"[""atmosphere"", ""bacteria"", ""sunlight"", ""trees""]",1,arc_easy
What is the term for a substance that causes the speed of a reaction to increase?,"[""indicate"", ""component"", ""monite"", ""catalyst""]",3,sciq
What is the process by which organisms change in small ways over time?,"[""microevolution"", ""natural selection"", ""adaptation"", ""spontaneous mutation""]",0,sciq
A plant that using transpiration is,"[""filtering liquid nicotine"", ""adjusting water content"", ""evaporating oils"", ""flavoring leaves""]",1,openbookqa
What describes how close an estimate is to a known standard?,"[""diversity"", ""frequency"", ""precision"", ""accuracy""]",3,sciq
Each line in a structural formula represents a pair of shared what?,"[""electrons"", ""ions"", ""atoms"", ""waves""]",0,sciq
What kind of path does the energy of an electromagnetic wave take?,"[""elliptical"", ""circuitous"", ""straight line"", ""fluctuating""]",2,sciq
What do dendrites receive signals from?,"[""hormones"", ""fibers"", ""neurons"", ""electrons""]",2,sciq
Which of the following events involves a consumer and producer in a food chain?,"[""A cat eats a mouse."", ""A deer eats a leaf."", ""A hawk eats a mouse."", ""A snake eats a rat.""]",1,arc_easy
What are composed of an oxygen atom that forms single bonds with two carbon atoms?,"[""ethers"", ""solvents"", ""acids"", ""sugars""]",0,sciq
What is a fold of the outer skin lining the shell called?,"[""mantle"", ""cortex"", ""stack"", ""marble""]",0,sciq
One of the main things that can negatively impact organism health is,"[""singing"", ""nothing"", ""walking"", ""falling ill""]",3,openbookqa
What sequence is the primary structure of a protein?,"[""processed acid sequence"", ""proteins acid sequence"", ""nucleic acid sequence"", ""amino acid sequence""]",3,sciq
What is created when the wave source moves faster than the wave propagation speed?,"[""bow wake"", ""piece wake"", ""superceding wake"", ""loop wake""]",0,sciq
"What contain organelles common to other cells, such as a nucleus and mitochondria, and also have more specialized structures, including dendrites and axons?","[""follicles"", ""blood cells"", ""muscle cells"", ""neurons""]",3,sciq
What does the central cell develop into after double fertilization?,"[""endocell"", ""xygote"", ""endosperm"", ""exosperm""]",2,sciq
Physical or chemical changes are generally accompanied by a transfer of what?,"[""shape"", ""pressure"", ""energy"", ""color""]",2,sciq
How might a dresser crab avoid attention in an aquarium containing pieces of velvet and necklaces made of colorful stones?,"[""hold a vibrant piece of cloth and wave it rapidly back and forth"", ""display bright colors to stand out to the fish"", ""transform into a bureau replete with clothing"", ""disguise itself as just some junk on the bottom of the tank""]",3,openbookqa
Resemblance to other species can serve as protection to what category of species?,"[""producer"", ""predator"", ""consumer"", ""prey""]",3,sciq
The nucleus is comprised primarily of?,"[""energy"", ""faith"", ""matter"", ""empty space""]",3,sciq
Questioning claims based on their scientific verifiability rather than accepting claims based on faith or anecdotes is called what?,"[""scientific skepticism"", ""scientific mimicry"", ""scientific fact"", ""scientific extreme""]",0,sciq
A dead body will become what if exposed to the air,"[""hot remains"", ""fresh remains"", ""wet remains"", ""skeletal remains""]",3,openbookqa
What is the term for a connection between a neuron and its target cell?,"[""dendrite"", ""axon"", ""impulse"", ""synapse""]",3,sciq
What shape is the lens of the eye?,"[""spherical"", ""convex"", ""concave"", ""angular""]",1,sciq
Acidity is measured on what kind of scale?,"[""electromagnetic scale"", ""caloric scale"", ""pneumatic scale"", ""ph scale""]",3,sciq
"Sugar is composed of carbon, hydrogen, and oxygen. Sugar is an example of which of the following?","[""an atom"", ""a compound"", ""an electron"", ""a mixture""]",1,arc_easy
"What are organisms called, like the red-winged blackbird, that eat many different types of food?","[""omniverous"", ""generalists"", ""carniverous"", ""specalist""]",1,sciq
Alice flipped a switch and the ceiling fan started running because,"[""the electricity was cut off"", ""a circuit was opened"", ""a fuse was blown"", ""a circuit was closed""]",3,openbookqa
The number of electron pairs that hold two atoms together is called?,"[""nuclear order"", ""bond order"", ""electron order"", ""proton order""]",1,sciq
Which function do kidneys provide to maintain homeostasis?,"[""the removal of excess heat from the body"", ""the removal of carbon dioxide from the body"", ""the removal of excess oxygen from the blood"", ""the removal of nitrogenous wastes from the blood""]",3,arc_easy
Internal body fluids link exchange surfaces to what else?,"[""ligaments"", ""organs"", ""tissue"", ""body cells""]",3,sciq
"When female mammalian embryos consist of just a few thousand cells, one x chromosome in each cell inactivates by condensing into a structure called what?","[""barr body"", ""morton body"", ""baker body"", ""lewy's body""]",0,sciq
condensation is a stage in what cycle process?,"[""h2o"", ""space"", ""solar"", ""fire""]",0,openbookqa
Jackrabbits excel at staying cool because of,"[""their adaptations"", ""a courthouse"", ""a frozen tundra"", ""an ocean""]",0,openbookqa
In what stage of photosynthesis does the calvin cycle occur?,"[""third"", ""fourth"", ""first"", ""second""]",3,sciq
Where is the best place to shoot animals?,"[""national park"", ""sky"", ""sea"", ""forest""]",3,openbookqa
"At any given temperature, not all of the particles of a sample of matter have the same energy of what type?","[""dark matter"", ""kinetic"", ""seismic"", ""magnetic""]",1,sciq
A sky that is mostly this color will likely be precipitating:,"[""yellow"", ""gold"", ""blue"", ""gray""]",3,openbookqa
"In comparing two solutions of unequal solute concentration, the solution with the higher solute concentration is called what?","[""acetic"", ""hypertonic"", ""hydrophilic"", ""hypothermic""]",1,sciq
Which part makes a plant cell different from an animal cell?,"[""cell membrane"", ""cell wall"", ""cytoplasm"", ""nucleus""]",1,arc_easy
Contour tillage helps slow water run-off and what process that causes topsoil loss?,"[""soil erosion"", ""ice shelf erosion"", ""plate tectonics"", ""water erosion""]",0,sciq
What term is used to describe the energy of matter in motion?,"[""kinetic energy"", ""gravitational energy"", ""emotional energy"", ""frictional energy""]",0,sciq
Which list contains only things that are part of our solar system?,"[""planets, moons, comets"", ""galaxies, quasars, asteroids"", ""black holes, novas, stars"", ""clusters, asteroids, meteors""]",0,arc_easy
Plants in a forest need to obtain nutrients from the soil to survive. How do most of the nutrients get back in the soil once the forest plants have used them for growth?,"[""Organic matter recycles from dead organisms."", ""Commercial fertilizers are applied by humans."", ""Solar radiation reaches the ground surface."", ""Rainwater drips off of living organisms.""]",0,arc_easy
What flexible organ enables swallowing and speech?,"[""large intestine"", ""stomach"", ""tongue"", ""diaphram""]",2,sciq
Seismic waves occur as a result of an earthquake. Which statement describes a wave property that makes it possible for scientists to locate the source of an earthquake?,"[""The wavelength of a wave is measured from crest to crest."", ""Waves travel uniformly outward from the wave source."", ""The frequency of waves varies in different mediums."", ""Waves move at the same speed in different materials.""]",1,arc_easy
"What color light is actually the absence of electromagnetic waves in the visible spectrum, for humans?","[""ultraviolet light"", ""black light"", ""blue light"", ""infrared light""]",1,sciq
Which region is just posterior to the mouth?,"[""the pharynx"", ""the duodenum"", ""the diaphragm"", ""the esophagus""]",0,sciq
"A student conducts an investigation using mold spores. In one part of the investigation, he needs to closely examine a spore sample. Which piece of equipment does the student need to use to keep mold spores from entering his respiratory system?","[""breathing mask"", ""safety goggles"", ""rubber gloves"", ""lead smock""]",0,arc_easy
A salamander is,"[""extinct"", ""bipedal"", ""cold blooded"", ""warm blooded""]",2,openbookqa
What are ocean waves mainly caused by?,"[""tides"", ""gravity"", ""humidity"", ""wind""]",3,sciq
How do roots and stems grow?,"[""indeterminately"", ""evenly"", ""logically"", ""orderly""]",0,sciq
What is the main advantage of making a laptop computer light in weight?,"[""to make it easy to carry"", ""to keep it simple to build"", ""to make the screen easy to read"", ""to provide storage for an electrical cord""]",0,arc_easy
On the origin of species is a book by darwin that spells out what theory?,"[""theory of reproduction"", ""theory of evolution"", ""theory of the computation"", ""theory of the universe""]",1,sciq
"If a building suddenly collapses inward, the people working inside will likely","[""go away"", ""steer clear"", ""depart earth"", ""walk away""]",2,openbookqa
The ability of matter to burn is called?,"[""flammability"", ""eccentricity"", ""unpredictability"", ""solubility""]",0,sciq
Ruben is using a compass to find out which direction the wind is blowing. Which of the following would be best for him to observe to help him find the direction of the wind?,"[""a flag on a pole"", ""the temperature on a thermometer"", ""birds flying above the trees"", ""the shadow of a building""]",0,arc_easy
A student is investigating the effect of different nutrients on the growth of seedling plants. Which of these would be an independent (manipulated) variable in the investigation?,"[""water"", ""sunlight"", ""soil nutrients"", ""seedling plants""]",2,arc_easy
Jonny climbed an apple tree. How are Jonny and the apple tree similar to each other?,"[""Both are made of cells."", ""Both take in carbon dioxide."", ""Both get nutrients directly from soil."", ""Both get energy from other organisms.""]",0,arc_easy
Both energy and heat can be expressed in units of what?,"[""amperes"", ""velocities"", ""ohms"", ""joules""]",3,sciq
What is lava called before it reaches the surface of the earth?,"[""crust"", ""magma"", ""rock"", ""pyrite""]",1,sciq
What system transports many substances to and from cells throughout the body?,"[""nutritional"", ""physiological"", ""circulatory"", ""cardiovascular""]",3,sciq
What substance is created when a copper turns from reddish brown to greenish brown?,"[""rust"", ""copper alloy"", ""iron oxide"", ""copper oxide""]",3,sciq
If crops are rotated then the crops planted would look like,"[""tomato, tomato, tomato, tomato"", ""beans, corn, peas, cucumbers"", ""beans, beans, beans, beans"", ""corn, corn, corn, corn,""]",1,openbookqa
What process affecting genes or chromosomes causes genetic disorders?,"[""mutation"", ""infection"", ""graduation"", ""radiation""]",0,sciq
If your dog is overweight,"[""add more fat to their diet"", ""cut back their caloric intake"", ""let them sleep more"", ""increase their caloric intake""]",1,openbookqa
What type pf mining is used to obtain mineral ores that are near the surface?,"[""multi-layered mining"", ""surface mining"", ""core mining"", ""function mining""]",1,sciq
The leaves of a plant benefit from?,"[""dog"", ""sun"", ""human"", ""dust""]",1,openbookqa
Weight is a measure of what force pulling down on an object?,"[""light"", ""gravity"", ""motion"", ""distortion""]",1,sciq
Which discovery was necessary before radio could be invented?,"[""reflection"", ""radiation"", ""electricity"", ""gravity""]",2,arc_easy
What is defined as anything that takes up space and has mass?,"[""electrons"", ""matter"", ""atoms"", ""elements""]",1,sciq
A person wanting to find a live bear in a forest will have difficulty because bears,"[""avoid humanity"", ""are domesticated"", ""are friendly"", ""are camouflaged""]",0,openbookqa
Different systems of the human body perform different functions. Which system takes oxygen from the air to be moved by the circulatory system?,"[""the respiratory system"", ""the digestive system"", ""the nervous system"", ""the skeletal system""]",0,arc_easy
"How many amino acids are arranged like ""beads on a string"" to form proteins?","[""15"", ""35"", ""25"", ""20""]",3,sciq
What is the distance something travels in a given amount of time called?,"[""speed"", ""circulation"", ""coverage"", ""revolution""]",0,sciq
"If rye bread is browned in a device, it uses mainly","[""electrical energy"", ""water energy"", ""solar energy"", ""heat energy""]",3,openbookqa
What kind of object does light bounce off of?,"[""tadpole"", ""any object"", ""item that reflects"", ""black hole""]",2,openbookqa
"Movement of water and minerals in the xylem solutes, pressure, gravity, and matric potential are all important for what?","[""plant water transport"", ""Moving Water Transport"", ""increase water transport"", ""produce water transport""]",0,sciq
Which scientist was responsible for the theory of evolution by natural selection?,"[""charles darwin"", ""galileo Galilei"", ""albert einstein"", ""stephen hawking""]",0,sciq
Which system in your body stores urine and is controlled by the nervous system?,"[""cardiovascular system"", ""muscular system"", ""digestive system"", ""urinary system""]",3,sciq
Mollusks can be divided into how many classes?,"[""four"", ""nine"", ""seven"", ""three""]",2,sciq
"Groups of three bases form codons, and each codon stands for one what?","[""amino acid"", ""minimal acid"", ""sulferic acid"", ""compound acid""]",0,sciq
Producing sperm and secreting testosterone are the main functions of what system?,"[""pollination"", ""endocrine system"", ""male reproductive system"", ""female reproductive system""]",2,sciq
"What descend from clouds in funnel-like shapes that spin violently, producing powerful winds?","[""tornadoes"", ""rains"", ""hurricanes"", ""currents""]",0,sciq
What major pigment in the photosynthetic system is based on a complex molecule and gives plants their green color?,"[""chlorophyll"", ""melanin"", ""cadmium"", ""chloroplasm""]",0,sciq
What do we call heated groundwater that erupts from the ground under pressure?,"[""aquifers"", ""spas"", ""volcanic eruptions"", ""springs or geysers""]",3,sciq
The electrochemical potential across a membrane determines the tendency of an ion to do what?,"[""attach to the membrane"", ""cross the membrane"", ""destroy the membrane"", ""move away from the membrane""]",1,sciq
Trophic level 4 = tertiary consumers that eat what kind of consumers?,"[""insects"", ""secondary consumers"", ""primary consumers"", ""herbivores""]",1,sciq
How can we see that the coloration of fur is an inherited characteristic?,"[""puppies have soft fur"", ""kittens look like their parents"", ""all mammals are born with fur"", ""baby rats are mostly bald""]",1,openbookqa
"Which of the following make sustainable, long term energy?","[""fossil fuels"", ""windmills"", ""coal mining"", ""fracking""]",1,openbookqa
Eukaryotic cells undergo what kinds of divisions that more primitive cells do not?,"[""budding"", ""mitosis"", ""homologous"", ""meiosis""]",1,sciq
Electrons are organized into shells and subshells about the nucleus of this?,"[""atom"", ""molecule"", ""element"", ""compound""]",0,sciq
"Parasites usually harm their hosts (or they wouldn't be parasites), but what do they usually stop short of doing?","[""benefiting their hosts"", ""reproducing with hosts"", ""killing their host"", ""mutating their hosts""]",2,sciq
This series of life stages and events that a sexually reproducing organism goes through is called its what?,"[""life cycle"", ""development cycle"", ""formative period"", ""maturation cycle""]",0,sciq
Why wouldn't a teakettle have an aluminum handle?,"[""it absorbs light"", ""it conducts heat"", ""it is magnetic"", ""it isn't washable""]",1,sciq
A mineral’s crystal shape is determined by the way what objects are arranged?,"[""molecules"", ""particles"", ""atoms"", ""Electrons""]",2,sciq
The elements sulfur (S) and oxygen (O2) combine to form a substance called sulfur dioxide (SO2). Sulfur dioxide is also formed when coal and oil are burned. Sulfur dioxide can best be described as,"[""a metal"", ""an atom"", ""a compound"", ""a nonreactive gas""]",2,arc_easy
Most of the United States is a part of which tectonic plate?,"[""Pacific Plate"", ""Eurasian Plate"", ""North American Plate"", ""South American Plate""]",2,arc_easy
Adulthood is divided into how many stages?,"[""two"", ""three"", ""five"", ""four""]",1,sciq
The primary function of leaves is to collect sunlight and make food by what process?,"[""photosynthesis"", ""osmosis"", ""duplicate process"", ""nuclear fission""]",0,sciq
What is the term for the muscular duct through which sperm are propelled?,"[""the glarus deferens"", ""the vas deferens"", ""the v\u00e4ster\u00e5s deferens"", ""the glans deferens""]",1,sciq
What are groups of skeletal muscle fibers wrapped in?,"[""connective tissue"", ""collagen"", ""tendons"", ""neurons""]",0,sciq
What causes waves to bring sand up onto the beach during summers?,"[""low energy"", ""high energy"", ""low sand density"", ""no energy""]",0,sciq
What is the process of larva becoming an adult called?,"[""metamorphosis"", ""synthesis"", ""evolution"", ""parthenogenesis""]",0,sciq
What type of structure between the esophagus and the stomach normally opens only when a bolus arrives?,"[""sphincter"", ""intestine"", ""gland"", ""larynx""]",0,sciq
"In the past, wild hogs called ""javelinas"" were seen only in the southern part of New Mexico. Now, javelinas are seen in areas 100 miles further north. What is the most likely cause of this expansion?","[""Javelinas are reproducing less frequently."", ""Environmental conditions have changed."", ""The javelina's genetic traits have mutated."", ""Nutritional requirements of javelinas have changed.""]",1,arc_easy
How many chambers are in the heart?,"[""two"", ""four"", ""five"", ""eight""]",1,sciq
What are the most numerous organisms in the world?,"[""reptiles"", ""jellyfish"", ""primates"", ""insects""]",3,sciq
Which factor causes global wind patterns?,"[""changes in the distance between Earth and the Moon"", ""unequal heating of Earth's surface by the Sun"", ""daily changes in the tilt of Earth's axis"", ""rapid rotation of the Sun on its axis""]",1,arc_easy
Living things can all,"[""reproduce asexually"", ""create a progeny"", ""produce spores"", ""find mates""]",1,openbookqa
What type of plate boundaries produce huge mountain ranges in the ocean basin?,"[""coherent"", ""parallel"", ""divergent"", ""tractional""]",2,sciq
"When your body digests food, it breaks down the molecules of nutrients and releases what?","[""energy"", ""gas"", ""calories"", ""waste materials""]",0,sciq
"While smooth muscle tissue can regenerate from stem cells called pericytes, dead cardiac muscle tissue is replaced by what type of tissue?","[""Maximum"", ""scar tissue"", ""neon tissue"", ""embryo tissue""]",1,sciq
What causes oxides to decompose?,"[""heat"", ""acidity"", ""precipitation"", ""humidity""]",0,sciq
"In moss, what becomes elongated to elevate the capsule to enhance spore dispersal?","[""seta"", ""risa"", ""porta"", ""sera""]",0,sciq
Which process uses carbon from the air to make food for plants?,"[""growth"", ""respiration"", ""decomposition"", ""photosynthesis""]",3,arc_easy
"Carbon monoxide, radon gas, dust and pet dander are sources of what kind of pollution?","[""noise pollution"", ""indoor air pollution"", ""sound pollution"", ""light pollution""]",1,sciq
The motion of a ball's motion when touching a concrete sidewalk will be countered due to,"[""abrasion"", ""lipids"", ""dairy"", ""thinking""]",0,openbookqa
Which are the three most important temperature scales?,"[""temperatures , celsius , kelvin"", ""Kelvin, celcius, richter"", ""thermoelectric , celsius , kelvin"", ""fahrenheit, celsius, kelvin""]",3,sciq
Where are sperm produced in the process of spermatogenesis?,"[""penis"", ""intestines"", ""testes"", ""ovaries""]",2,sciq
Which model can be used to trace genetic inheritance?,"[""life cycle"", ""pedigree chart"", ""food web"", ""energy pyramid""]",1,arc_easy
What type of cellular respiration occurs in the presence of oxygen?,"[""hyperbaric"", ""anaerobic"", ""aerobic"", ""extracellular""]",2,sciq
The best method for preparing pure phosphorous acid is by hydrolyzing what?,"[""dioxide trichloride"", ""carbon trichloride"", ""dioxide phosphat"", ""phosphorus trichloride""]",3,sciq
What part of the brain is largest in intelligent mammals?,"[""thallus"", ""manubrium"", ""cortex"", ""cerebrum""]",3,sciq
What type of bombs put a much larger fraction of their output into thermal energy than do conventional bombs?,"[""dense bombs"", ""dirty bombs"", ""nuclear"", ""TNT""]",2,sciq
Soil is important to a forest because the soil ___.,"[""stores sunlight in the leaves"", ""attracts insects that eat leaves"", ""provides nutrients to the trees"", ""warms the air around the trees""]",2,arc_easy
"During protein synthesis, ribosomes assemble what into proteins?","[""rna acids"", ""amino acids"", ""DNA Acids"", ""polymer acids""]",1,sciq
_____ tide is a stage in the tide cycle process that surfers like the best,"[""low"", ""mud"", ""high"", ""earthy""]",2,openbookqa
the summer solstice is on June 21st in the,"[""in the south pacific"", ""upper portion of earth"", ""lower portion of earth"", ""the equator near the tropics""]",1,openbookqa
the nervous system sends observations in the form of electrical signals to what?,"[""cell towers"", ""persons flesh"", ""computers"", ""plugs""]",1,openbookqa
"Presence of a cell wall, large central vacuole, and organelles called plastids distinguish what type of cell?","[""animal"", ""reproductive"", ""heterotroph"", ""plant""]",3,sciq
Misconceptions about what theory contribute to the controversy that still surrounds this fundamental principle of biology?,"[""darwin on evolution"", ""theory of evolution"", ""cycle of evolution"", ""brain of evolution""]",1,sciq
"As the population in an area grows, water usage increases. Eventually, water usage can outstrip the supply. Which measure to increase the amount of available water demonstrates the best stewardship of the resource?","[""discovering new reservoirs of water in the aquifer"", ""reducing water usage through conservation measures"", ""combining hydrogen with oxygen to make water"", ""piping in water from an aquifer elsewhere""]",1,arc_easy
What explains why two different species cannot occupy the same niche in the same place for very long?,"[""evolution"", ""natural selection"", ""survival exclusion princple"", ""competive exclusion princple""]",3,sciq
What is the most important factor in determining the type of soil that forms in a particular area?,"[""landscape"", ""climate"", ""migration"", ""altitude""]",1,sciq
One thing that all human cells have in common is that they,"[""control the brain."", ""make food."", ""move blood."", ""take in energy.""]",3,arc_easy
Which cellular structure in an animal cell helps maintain homeostasis by controlling the transportation of substances into and out of the cell?,"[""vacuole"", ""cell wall"", ""mitochondrion"", ""cell membrane""]",3,arc_easy
What types of incest behaviors are controlled by genes?,"[""byproduct behaviors like flying and mating"", ""instinctive behaviors like flying and mating"", ""physical behaviors like flying and mating"", ""psychological behaviors like flying and mating""]",1,sciq
"Because their cells are arranged in bundles, the appearance of skeletal and cardiac muscles is described as what?","[""quadrant"", ""striated"", ""incised"", ""cylindrical""]",1,sciq
What is the name of the muscular tube that carries urine out of the body?,"[""rectum"", ""uterus"", ""urethra"", ""bladder""]",2,sciq
Prey are eaten by,"[""an animal herded by sheep dogs"", ""the animal with a starring role in Bambi"", ""animals known for their memory"", ""the fastest mammal with four legs""]",3,openbookqa
Which crust lies deep inside the ocean?,"[""shallowest"", ""youngest"", ""thickest"", ""oldest""]",3,sciq
Hotter blood is rarely found,"[""in horny toads"", ""in rats"", ""in humans"", ""in bears""]",0,openbookqa
How many bases does dna have in total?,"[""three"", ""four"", ""six"", ""twelve""]",1,sciq
What goes through different larval stages?,"[""octopuses"", ""crustaceans"", ""sponges"", ""plants""]",1,sciq
Cancers derived from epithelial cells are referred to as what?,"[""nodules"", ""carcinomas"", ""adenomas"", ""caricatures""]",1,sciq
It changes from winter to spring because of a,"[""moon"", ""cloud"", ""star"", ""sky""]",2,openbookqa
sugar dissolves in what when they are combined?,"[""dirt"", ""ocean liquid"", ""honey"", ""air""]",1,openbookqa
What phenomenon is best described as evaporation?,"[""caffeine coming from hot cocoa"", ""heat coming from hot cocoa"", ""steam coming from hot cocoa"", ""flavor coming from hot cocoa""]",2,openbookqa
An example of a flexible container could be,"[""A car"", ""A bird"", ""play dough"", ""A building""]",2,openbookqa
"The tibia is the larger, weight-bearing bone located on the medial side of the leg. the fibula is the slender bone of the lateral side of the leg and does not do what?","[""resist weight"", ""bear weight"", ""drive weight"", ""support weight""]",1,sciq
What is the MAJOR role of the Sun in the water cycle?,"[""It causes evaporation."", ""It allows plants to grow."", ""It provides heat for organisms."", ""It transmits light.""]",0,arc_easy
Where do living things obtain the energy to carry out all life processes?,"[""fuel"", ""food"", ""oxygen"", ""waste""]",1,sciq
An endocrine disease usually involves the secretion of too much or not enough of what?,"[""hormone"", ""metabolite"", ""sweat"", ""enzyme""]",0,sciq
What is the term for animals that have a backbone?,"[""carnivores"", ""vertebrates"", ""herbivores"", ""invertebrates""]",1,sciq
we only have diamonds because of the existence of,"[""raw bacon"", ""machines"", ""pressure"", ""work""]",2,openbookqa
Atoms of the same element can have different atomic masses because they can have different numbers of,"[""neutrons."", ""protons."", ""electrons."", ""neutrinos.""]",0,arc_easy
"During an earthquake, the ground shakes as stored up energy is released from what?","[""rocks"", ""the soil"", ""grass"", ""fossils""]",0,sciq
What part of the body does the mycobacterium tuberculosis bacterium usually attack?,"[""lungs"", ""muscles"", ""heart"", ""Pancreas""]",0,sciq
"When lactose is absent, a repressor protein binds to what?","[""differential"", ""network"", ""operator"", ""worker""]",2,sciq
Which force causes a bicycle to slow down when the brakes are used?,"[""friction"", ""electricity"", ""gravity"", ""magnetism""]",0,arc_easy
Series and parallel circuits are two basic types of what?,"[""mechanical circuits"", ""electric circuits"", ""mutual circuits"", ""chemical circuits""]",1,sciq
Which is considered least important in the solar system?,"[""Earth"", ""Pluto"", ""Mars"", ""the Sun""]",1,openbookqa
What would be easier to burn?,"[""A park bench"", ""A silver spoon"", ""Tupperware"", ""An Airplane""]",0,openbookqa
All enzymes have an optimal temperature and what?,"[""shapes"", ""weight"", ""ph"", ""ions""]",2,sciq
Which tool is best used to collect information about the weather?,"[""ruler"", ""stopwatch"", ""thermometer"", ""collecting net""]",2,arc_easy
"Multiple sclerosis, huntington’s disease, and parkinson’s disease all affect what body system?","[""reproductive system"", ""circulatory system"", ""lymph system"", ""nervous system""]",3,sciq
What is the second most common skin cancer?,"[""basal cell carcinoma"", ""melanoma"", ""squamous cell carcinoma"", ""precancerous cell carcinoma""]",2,sciq
What will it be harder to see as light pollution increases?,"[""sky"", ""moon"", ""stars"", ""sun""]",2,openbookqa
What is the difference between oils and fats at room temperature?,"[""solid and gas states"", ""saturated and unsaturated"", ""liquid and gas states"", ""liquid and solid states""]",3,sciq
Upwelling moves the water of the deep ocean to the ocean's surface. What else does upwelling move to the surface?,"[""fish"", ""nutrients"", ""phytoplankton"", ""dissolved gases""]",1,arc_easy
What is the lowest layer of the atmosphere called?,"[""mesosphere"", ""troposphere"", ""asthenosphere"", ""lithosphere""]",1,sciq
What is the inner cell mass formed by the cells of the blastocyst called?,"[""xerophyte"", ""amniotic cavity"", ""ectoderm"", ""embryoblast""]",3,sciq
Most organisms could not survive without what being present to speed up biochemical reactions?,"[""enzymes"", ""lipids"", ""hormones"", ""vitamins""]",0,sciq
"Suzy's friends call her Bigfoot, who can she likely blame for this?","[""her parents' intentions"", ""her parents' genes"", ""learned traits"", ""her past life""]",1,openbookqa
"The majority of elements, including iron and copper, are of what type?","[""oils"", ""metals"", ""minerals"", ""acids""]",1,sciq
How does heat travel from the sun to the earth?,"[""thermal radiation from the sun"", ""through light waves"", ""secondary radiation from the sun"", ""through sound waves""]",0,sciq
As you increase the temperature of a liquid what happens to the solubility of a solute?,"[""turbidity increases"", ""hydrophilic increases"", ""viscosity increases"", ""solubility increases""]",3,sciq
"Lions tend to prey on primary consumers like zebras and gazelles. If there were a sudden decline in a population of lions, which ecological imbalance would most likely occur in the habitat?","[""overgrazing"", ""eutrophication"", ""invasion by non-native species"", ""overproduction of greenhouse gases""]",0,arc_easy
"In the hottest months in the hottest desert, creatures such as birds may find water to drink","[""in sticks"", ""in pebbles"", ""in sand"", ""in spiked plants""]",3,openbookqa
"Occuring throughout the lifespan of the organism, what stages proceed in a certain order?","[""yearly stages"", ""life effectiveness stages"", ""life cycle stages"", ""genetic stages""]",2,sciq
Which physical change would most likely help an animal survive during the winter?,"[""tail gets longer"", ""fur gets thicker"", ""feathers are shed"", ""whiskers get shorter""]",1,arc_easy
All of the planets in the solar system formed at about the same time from a large cloud of gas and dust. How is Earth different from other planets in the solar system?,"[""Earth has no natural satellites."", ""Earth's atmosphere is composed of gases."", ""Water is found in all three phases on Earth."", ""Volcanoes release liquid rock onto Earth's surface.""]",2,arc_easy
What is the term for liquid waste formed by kidneys?,"[""blood"", ""urine"", ""sperm"", ""feces""]",1,sciq
What is the measurement of something along it's greatest dimension called?,"[""stretch"", ""stretch"", ""height"", ""length""]",3,sciq
The esophagus runs a mainly straight route through the mediastinum of what?,"[""liver"", ""lungs"", ""thorax"", ""stomach""]",2,sciq
What type of chemicals do ants communicate with?,"[""Alkanes"", ""pheromones"", ""hormones"", ""pesticides""]",1,sciq
Some birds fly south in the fall and return in the spring. This is an example of,"[""migration"", ""camouflage"", ""hibernation"", ""growth""]",0,arc_easy
What is the most common pattern of dispersion?,"[""clumped"", ""uniform"", ""sporadic"", ""random""]",0,sciq
What are the three primary pigment colors?,"[""red, white, blue"", ""green, orange, purple"", ""red, green, blue"", ""cyan, yellow, magenta""]",3,sciq
When two haploid gametes unite during fertilization they form what?,"[""a diploid cell"", ""haploid cell"", ""a fertilized cell"", ""a mutated cell""]",0,sciq
The vestibulocochlear nerve is responsible for the senses of hearing and what else?,"[""balance"", ""sight"", ""smell"", ""awareness""]",0,sciq
What is the term for the breakdown of unstable isotopes into stable elements?,"[""isotopic decay"", ""radioactive decrease"", ""secondary decay"", ""radioactive decay""]",3,sciq
"One common form of mate choice, called assortative mating, is an individual’s preference to mate with partners who are what?","[""close to themselves"", ""different from themselves"", ""far away from"", ""similar to themselves""]",3,sciq
Which of these causes the MOST evaporation of water from a lake?,"[""Freezing of the lake"", ""Heat from the Sun"", ""Melting snow forming streams"", ""Volcanic activity near the lake""]",1,arc_easy
What do you call a pattern of stars in the night sky?,"[""constellation"", ""planets"", ""cluster"", ""Solar Systems""]",0,sciq
What part of an animal helps to prevent water loss and gives support and protection?,"[""membrane"", ""cuticle"", ""exoskeleton"", ""backbone""]",2,sciq
Which characteristic can a puppy inherit from its parents?,"[""muddy paws"", ""spotted fur"", ""broken foot"", ""scar on face""]",1,arc_easy
Which of the following most likely led to certain rocks having less friction?,"[""a babbling brook"", ""people"", ""a light wind"", ""money""]",0,openbookqa
Momentum is directly related to both mass and?,"[""velocity"", ""intensity"", ""speed"", ""mass""]",0,sciq
What is another term for hydraulic fracturing?,"[""erupting"", ""permeating"", ""fracking"", ""drilling""]",2,sciq
"When salinity and pressure increase, or when temperature decreases, what happens to water density?","[""increases"", ""drops"", ""stays the same"", ""fluctuates""]",0,sciq
Which of the following could limit the supply of a renewable resource?,"[""recycling aluminum cans"", ""cutting down trees in forests"", ""mining minerals such as gold"", ""conserving freshwater resources""]",1,arc_easy
A prickly pear absorbs nutrients from,"[""below it"", ""far from it"", ""beside it"", ""above it""]",0,openbookqa
DNA technology has improved greatly in the last twenty years. Which task has been made easier by the development of DNA technology?,"[""identifying genetic disorders"", ""determining the parts of an atom"", ""observing distant objects in space"", ""making very accurate measurements""]",0,arc_easy
Which process below is an example of an endothermic process?,"[""ice melting"", ""water freezing"", ""food digesting"", ""sugar burning""]",0,arc_easy
What do you call a close relationship between two species that benefits both?,"[""commensalism"", ""symbiotic relationship"", ""parasitic relationship"", ""primordial relationship""]",1,sciq
Ionic bonds are electrostatic attractions between two oppositely charged what?,"[""molecules"", ""gasses"", ""ions"", ""compounds""]",2,sciq
Name the three types of muscle tissue.,"[""cardiac, smooth, long"", ""smooth, long, tight"", ""skeletal, cardiac, long"", ""skeletal, smooth, cardiac""]",3,sciq
There are a variety of events that can disrupt ecosystems. Some events result in local disturbances and others can affect a much larger area. Which event would most likely result in change on a global scale?,"[""land scarred by forest fires"", ""erosion of ocean shorelines"", ""converging plate boundaries"", ""destruction of tropical rain forests""]",3,arc_easy
If your pet bird is having trouble flying,"[""lock them in their cage more"", ""give up and get a new bird"", ""try putting them on a diet"", ""take away all their perches""]",2,openbookqa
"When soil becomes saturated during rainfall, excess water begins to collect on the surface. Downslope movement of this excess water to rivers, lakes, and streams is called","[""runoff."", ""filtration."", ""groundwater."", ""condensation.""]",0,arc_easy
The hot liquid rock on the surface is called what?,"[""lava"", ""volcano"", ""flow"", ""Molten""]",0,sciq
"What term means a representation of an object, system, or process?","[""pattern"", ""model"", ""icon"", ""presentation""]",1,sciq
The reason Earth is so sturdy is because,"[""It is made from rock"", ""It eats three meals a day"", ""It has a loving family"", ""It is made from metal""]",0,openbookqa
Screws and bolts are needed to do what with a bike?,"[""eat it"", ""cry"", ""nothing"", ""construct it""]",3,openbookqa
Worms die off during a heat wave. What affect does this have on the local fauna?,"[""Worms are glad their rivals have died off before them"", ""The dirt is cleaner than ever"", ""Monkeys can find more bananas"", ""Flying creatures have more trouble finding food""]",3,openbookqa
What term refers to the amount of solute that can dissolve in a given amount of solvent at a given temperature?,"[""viscosity"", ""solubility"", ""turbidity"", ""saturation""]",1,sciq
"In Maryland, most bears have thick, dark fur. Which statement best explains how dark fur helps bears survive in the forests of Maryland?","[""Dark fur is lightweight."", ""Dark fur scares enemies."", ""Dark fur helps bears hide."", ""Dark fur keeps bears cool.""]",2,arc_easy
Which statement best identifies a basic need of all animals?,"[""They need to eat."", ""They need to hide."", ""They need to jump."", ""They need to smell.""]",0,arc_easy
What does the secondary oocyte have the most of from the original cell?,"[""rna"", ""bacteria"", ""cytoplasm"", ""electron""]",2,sciq
What is the organic material that comes from plants and animals that were recently living called?,"[""biofuels"", ""contaminants"", ""biomass"", ""chlorophyll""]",2,sciq
Why do adult herbivores in a herd surround their young?,"[""to protect them from other adult herbivores"", ""to keep them warm on long cold nights"", ""to show them love"", ""to protect them as they are vulnerable to predators""]",3,sciq
Clothes fresh out of the laundry are great because they are,"[""darkness"", ""comfort"", ""temperate"", ""wonder""]",2,openbookqa
What type of waves travel through the body of a planet?,"[""vacuum waves"", ""body waves"", ""energy waves"", ""gas waves""]",1,sciq
"Reducing the production of what gas, or removing it from the air, are practices that could reduce global warming?","[""helium"", ""carbon dioxide"", ""oxygen"", ""hydrogen""]",1,sciq
Which two human body systems are most responsible for getting oxygen to cells?,"[""digestive and skeletal"", ""skeletal and circulatory"", ""circulatory and respiratory"", ""respiratory and digestive""]",2,arc_easy
"When we move down a group of elements on the periodic table, what happens to their electronegativity?","[""it decreases"", ""it stays the same"", ""it doubles"", ""it increases""]",0,sciq
celestial objects are where in the earth's atmosphere,"[""inside"", ""below"", ""outside"", ""over""]",2,openbookqa
"In the oxygen cycle, which group of organisms replenishes a large portion of the atmospheric oxygen supply?","[""mammals"", ""fungi"", ""insects"", ""plants""]",3,arc_easy
"Unlike liver bile, 'juice' produced by what organ is clear and composed mostly of water along with some salts, sodium bicarbonate, and digestive enzymes?","[""spleen"", ""gallbladder"", ""pancreas"", ""stomach""]",2,sciq
"If a person is making laps around a gym, they find that","[""they are about to be born"", ""they are gaining weight"", ""their heart starts racing"", ""they are getting fatter""]",2,openbookqa
"If a sand grain is in a tree house unexpectedly, a likely culprit responsible for its movement is","[""ghosts"", ""gales"", ""spirits"", ""angels""]",1,openbookqa
What are the two main types of star clusters?,"[""open and globular"", ""closed and spherical"", ""open and elliptical"", ""open and supergiant""]",0,sciq
"A load of nutriment, when consumed, will be","[""tilled in the soil"", ""burned in a fire"", ""utilized internally by something"", ""made into golden wheat""]",2,openbookqa
Cactus plants grow best in environments (habitats) that are,"[""hot and dry."", ""hot and wet."", ""cold and dry."", ""cold and wet.""]",0,arc_easy
What is the outermost occupied shell of electrons in an atom.,"[""Inner Shell"", ""radiative shell"", ""modular shell"", ""valence shell""]",3,sciq
The marine west coast climate gets lots of rain because of what being nearby?,"[""the mountains"", ""the ocean"", ""highways"", ""the Sun""]",1,sciq
A cell that is unable to import substances required to process chemical energy is most likely a result of a malfunctioning,"[""cell membrane."", ""endoplasmic reticulum."", ""Golgi body."", ""nuclear envelope.""]",0,arc_easy
"In sexual reproduction, what is the name of the gamete cell the male must contribute?","[""sperm"", ""spore"", ""ova"", ""plasma""]",0,sciq
A hawk would prefer this for lunch,"[""Popcorn"", ""Grass"", ""Apple"", ""A bison""]",3,openbookqa
Mutualism is a symbiotic relationship that has what effect on both species involved?,"[""disadvantageous"", ""beneficial"", ""destructive"", ""harmful""]",1,sciq
What type of waves transmit the energy of an earthquake?,"[""tectonic waves"", ""sonic waves"", ""volcanic waves"", ""seismic waves""]",3,sciq
Which type of energy holds atoms together?,"[""atomic energy"", ""nuclear energy"", ""curve energy"", ""bond energy""]",3,sciq
What are mutant versions of normal genes called?,"[""antecedent - oncogenes"", ""proto-oncogenes"", ""extinction - oncogenes"", ""anti-oncogenes""]",1,sciq
What eukaryotic organisms cannot make their own food and do not technically eat?,"[""cells"", ""plankton"", ""proteins"", ""fungi""]",3,sciq
Ethanol sometimes might be,"[""concocted"", ""love"", ""magic"", ""affection""]",0,openbookqa
Cancer involves what changes that modify cell-cycle control and alter the growth rate or progression of the cell through the cell cycle?,"[""deletions"", ""mutations"", ""stabilization"", ""enhancements""]",1,sciq
What is reduced and forms part of the gelatinous disks sandwiched between the vertebrae in humans?,"[""the clavicle"", ""the sacrum"", ""the pelvis"", ""the notochord""]",3,sciq
What has a pseudocoelom and hydrostatic skeleton?,"[""roundworms"", ""omnivores"", ""gymnosperms"", ""vertebrates""]",0,sciq
What do you call the daily changes in the level of ocean water?,"[""waves"", ""tides"", ""currents"", ""shores""]",1,sciq
What type of human diet would be most comparable to a cow,"[""Pescaterian"", ""Vegan"", ""Atkins Diet"", ""Omnivore""]",1,openbookqa
"To discover how durable a certain mineral may be, one could","[""crush it in a vise"", ""view the atomic weight of it"", ""attempt to leave a mark on it"", ""melt it down and pour""]",2,openbookqa
Waxy leaves are used by some plants for what?,"[""Sodium Chloride"", ""Gold"", ""Keeping hyrdrogen dioxide"", ""Barium""]",2,openbookqa
As roots grow longer they will always do what?,"[""change direction"", ""get larger"", ""get thicker"", ""grow downward""]",3,sciq
How do you calculate the atomic mass of an element?,"[""add the protons and neutrons together"", ""count the electrons"", ""multiply protons by neutrons"", ""add neutrons and electrons""]",0,sciq
An example of an acquired characteristic is,"[""the thickness of a horse's mane"", ""the length of a horse's mane"", ""the number of legs a horse has"", ""the color of a horse's mane""]",1,openbookqa
Which device is used to determine the volume of a liquid?,"[""anemometer"", ""graduated cylinder"", ""test tube"", ""thermometer""]",1,arc_easy
"As water increases in an environment the number of aquatic animals such as zooplankton, nekton, and benthos will","[""on the up"", ""fall"", ""stagnate"", ""face extinction""]",0,openbookqa
"Fungi, such as black bread mold (rhizopus nigricans), have haploid-dominant what?","[""birth cycles"", ""gene pools"", ""mutations"", ""life cycles""]",3,sciq
The force exerted by the atmosphere on the earth’s surface can be measured with what instrument?,"[""mass spectrometer"", ""Geiger counter"", ""barometer"", ""anemometer""]",2,sciq
changes in an environment cause plants to,"[""morph for continuation"", ""boogie"", ""bake cakes"", ""take long naps""]",0,openbookqa
oceans contains most of earth 's,"[""wet sustenance"", ""trees"", ""clouds"", ""shoes""]",0,openbookqa
What is the terme for water vapor changing to liquid water?,"[""condensation"", ""transubstantiation"", ""freezing"", ""evaporation""]",0,sciq
Glutathione is a low-molecular-weight compound found in living cells that is produced naturally by what?,"[""liver"", ""brain"", ""amino acids"", ""blood""]",0,sciq
"A shark will be unable to survive on eating algae and moss, because","[""it is a predator"", ""it is a vegetarian"", ""it is a freshwater fish"", ""it is a producer""]",0,openbookqa
What are insect parasites transmitted sexually?,"[""pubic lice"", ""pinworms"", ""deer ticks"", ""chlamydia""]",0,sciq
What does the human heart do?,"[""destroy blood"", ""use blood"", ""pump blood"", ""make blood""]",2,sciq
What is an example of clear weather meaning sunny weather?,"[""more stars are visible on clear nights"", ""cloud cover protects from sunburn"", ""clear days will be warmer"", ""fewer clouds allow for more sunlight""]",3,openbookqa
Which trait gives owls an advantage when hunting at night?,"[""large eyes"", ""broad wings"", ""straight beak"", ""smooth feathers""]",0,arc_easy
"If a puppy is given only water for a very long time, it will","[""starve"", ""need to hydrate"", ""dehydrate"", ""be thirsty""]",0,openbookqa
All living things contain which element?,"[""helium."", ""sodium."", ""copper."", ""carbon.""]",3,arc_easy
Which process helps deaminate amino acids?,"[""deactivation"", ""bromination"", ""caramelization"", ""transamination""]",3,sciq
Which of these would let the most heat travel through?,"[""a cotton candy at the store"", ""the new pair of jeans"", ""the steel spoon in the cafeteria"", ""a calvin klein cotton hat""]",2,openbookqa
Smoking causes direct damage to what?,"[""feet"", ""breathing organ"", ""stomach"", ""skin""]",1,openbookqa
"Because several genes, each with more than one allele, contribute to determining height in humans, height is considered what kind of trait?","[""polygenic"", ""maladaptive"", ""epigenetic"", ""adaptive""]",0,sciq
"A venule is an extremely small vein, generally 8–100 micrometers in diameter. postcapillary venules join multiple capillaries exiting from a capillary bed. multiple venules join to form what?","[""veins"", ""arteries"", ""glands"", ""clots""]",0,sciq
Sediment is a result of the process of,"[""running"", ""jumping"", ""magic"", ""rain""]",3,openbookqa
Ultraviolet radiation has the highest energy; which has the lowest?,"[""kinetic"", ""infrared"", ""thermal"", ""nuclear""]",1,sciq
What is the general name for a solid material that is formed via a natural process?,"[""chemical"", ""mineral"", ""plasma"", ""gas""]",1,sciq
What is the name of the chart that allows you to easily determine the expected percentage of different genotypes in the offspring of two parents?,"[""periodic square"", ""punnett square"", ""Trafalgar Square"", ""DNA helix""]",1,sciq
What is a group of similar ecosystems with the same general abiotic factors and primary producers?,"[""ecoregion"", ""biome"", ""taxon"", ""family""]",1,sciq
"What kind of mixture consists of two or more phases, exemplified when a combination of oil and water forms layers?","[""heterogeneous"", ""simple mixture"", ""complex miture"", ""homogeneous""]",0,sciq
"A lens of what shape causes rays of light to diverge, or spread apart, as they pass through it?","[""convex"", ""flat"", ""elongated"", ""concave""]",3,sciq
The moon,"[""has less matter than Earth"", ""orbits around the sun"", ""weighs more than Earth"", ""has more mass than Earth""]",0,openbookqa
What are made from highly reflective metal that is applied to a curved or flat piece of glass?,"[""lenses"", ""kaleidoscopes"", ""mirrors"", ""prisms""]",2,sciq
The amount of water in the ocean compared to fifty years ago is,"[""fluctuating"", ""larger"", ""smaller"", ""the same""]",1,openbookqa
Cancer is most often the result of,"[""abnormal cell division"", ""natural selection"", ""bacterial infection"", ""biological adaptation""]",0,arc_easy
Nutrition and diet affect your metabolism. more energy is required to break down fats and proteins than this?,"[""vitamins"", ""electrolytes"", ""carbohydrates"", ""minerals""]",2,sciq
"A protein’s shape is determined, most fundamentally, by the sequence of what type of acids?","[""lipids"", ""amino"", ""lactic"", ""acetic""]",1,sciq
What are algae that live in colonies of hundreds of cells called?,"[""chlorophyta"", ""euglenids"", ""volvox"", ""rhodophyta""]",2,sciq
Most fossils form when a dead organism is buried in what?,"[""soil"", ""sediment"", ""sand"", ""ash""]",1,sciq
How many atoms does water contain?,"[""4"", ""6"", ""3"", ""9""]",2,sciq
What kind of agriculture destroyed about 10% of madagascar's native plants?,"[""hybridization"", ""slash-and-burn"", ""fertilizer use"", ""crop rotation""]",1,sciq
"What part of a mature plant cell is responsible for storing substances like water, enzymes, and salts?","[""central vacuole"", ""second vacuole"", ""large vacuole"", ""little vacuole""]",0,sciq
What is another term for flagella?,"[""tendrils"", ""pseudopods"", ""arthropods"", ""dendrites""]",1,sciq
"Which of these can be described as a system of stars, gases, dust, and other matter that orbits a common center of gravity?","[""an asteroid"", ""a galaxy"", ""a nebula"", ""a comet""]",1,arc_easy
What diagnostic technology uses high-frequency vibrations transmitted into any tissue in contact with the transducer?,"[""laser"", ""radiation"", ""sonar"", ""ultrasound""]",3,sciq
"The ordovician-silurian extinction event is the first recorded mass extinction and the second largest. during this period, about what percent of marine species went extinct?","[""10 percent"", ""99 percent"", ""85 percent"", ""40 percent""]",2,sciq
"The particles in a colloid are large enough to scatter light, a phenomenon called what?","[""astral effect"", ""jonah effect"", ""tyndall effect"", ""bowman effect""]",2,sciq
What is the star nearest the earth named?,"[""proxima centauri"", ""andromeda centauri"", ""alpha centauri"", ""apollinaris centauri""]",0,sciq
What process determines the dna sequence of an entire genome?,"[""dna replication"", ""chromosomal counting"", ""whole-genome sequencing"", ""genetic factorization""]",2,sciq
The two adrenal glands are glands located just above the what?,"[""intestines"", ""lungs"", ""kidneys"", ""esophagus""]",2,sciq
What are made in the first step of the scientific method?,"[""patterns"", ""hypothesis"", ""observations"", ""conclusions""]",2,sciq
Amphibian larvae go through what process to change into the adult form?,"[""morphing"", ""parthenogenesis"", ""metamorphosis"", ""merging""]",2,sciq
"The Statue of Liberty was built in France and then taken apart into 350 pieces for shipping. When the pieces arrived in New York, the statue was put together. Which statement describes the relationship between the mass of the 350 pieces and the mass of the whole statue?","[""The mass of the pieces is greater than the mass of the statue."", ""The mass of the pieces is the same as the mass of the statue."", ""The mass of the statue is greater than the mass of the pieces."", ""The mass of the statue is not related to the mass of the pieces.""]",1,arc_easy
If I wanted to get more nutrients in my body I could consume,"[""magic"", ""smoothies"", ""my feelings"", ""my anger""]",1,openbookqa
Which would likely be to blame for removal of habitats?,"[""a zoo"", ""a mall"", ""a wildlife charity"", ""a rabbit""]",1,openbookqa
Decomposer is a kind of role in our,"[""environment"", ""play"", ""home"", ""army""]",0,openbookqa
What kind of reproduction involves just one parent and produces offspring genetically identical to each other and to the parent?,"[""sexual reproduction"", ""asexual reproduction"", ""microscopic reproduction"", ""organic reproduction""]",1,sciq
What is the name for the disease in which cells divide out of control?,"[""cancer"", ""mutation"", ""angina"", ""diabetes""]",0,sciq
How can you get more song birds to visit your yard?,"[""put out some hamburgers to attract them"", ""adopt some large dogs to stay in the yard"", ""call Here birdy birdy! out the window"", ""hang an open box containing tasty seeds from a tree""]",3,openbookqa
"The farther an area is from the equator, what happens to the temperature?","[""it fluctuates"", ""it gets lower"", ""it stabilizes"", ""it increases""]",1,sciq
A renewable resource is,"[""fossil fuel"", ""turbine produced electricity"", ""copper"", ""coal lumps""]",1,openbookqa
Rabbits with white fur are hardest to detect in,"[""a forest in Spring"", ""The middle of a well-lit street"", ""Mexico in the Winter"", ""the arctic in Winter""]",3,openbookqa
What happens to air density and pressure when gas molecules are warm?,"[""they are unchanged"", ""they are equal"", ""they are greater"", ""they are lower""]",3,sciq
Which organisms make energy available to all other organisms in a food chain?,"[""producers"", ""decomposers"", ""consumers"", ""scavengers""]",0,arc_easy
The fuel rods are made of a corrosion-resistant alloy that encases the partially enriched uranium fuel; controlled fission of 235u in the fuel produces heat. water surrounds the fuel rods and moderates this?,"[""kinetic energy"", ""thermal energy"", ""electromagnetism"", ""half-life""]",0,sciq
What were the first plants to evolve?,"[""fungi"", ""photoreactive plants"", ""nonvascular plants"", ""trees""]",2,sciq
"Mollusks such as squid and octopi, which must hunt to survive, possess what complex organs containing millions of neurons?","[""gills"", ""hearts"", ""brains"", ""tentacles""]",2,sciq
People often tear,"[""rain"", ""evaporation"", ""voltage"", ""private documents""]",3,openbookqa
The release of mature eggs that occurs at the midpoint of each cycle is called?,"[""fertilization"", ""ovulation"", ""semination"", ""induction""]",1,sciq
During which process are pieces of rock material being moved over Earth's surface by water and wind?,"[""conduction"", ""deposition"", ""erosion"", ""revolution""]",2,arc_easy
A solution could be,"[""pebbles and soil"", ""peas and corn"", ""juice and vodka"", ""toothpaste and bristles""]",2,openbookqa
How does uric acid react to water?,"[""does not dissolve"", ""explodes"", ""mixes"", ""does not form""]",0,sciq
Which of these occurs when the North Pole is tilted toward the Sun and the United States has the most daylight hours of the year?,"[""summer solstice"", ""winter solstice"", ""spring equinox"", ""fall equinox""]",0,arc_easy
What is the term for heat being transferred from molecule to molecule?,"[""conduction"", ""oxidation"", ""decomposition"", ""convection""]",0,sciq
"When water goes above and below its freezing point, what rock-breaking phenomenon is common?","[""ice locking"", ""ice inverting"", ""ice wedging"", ""ice crushing""]",2,sciq
Which sea otter behavior is learned?,"[""using fur to trap air for warmth"", ""cracking open clams with a rock"", ""nursing its young for six months"", ""closing its ears under water""]",1,arc_easy
An atomic symbol is used to represent what?,"[""element"", ""mole"", ""weight"", ""electron shell""]",0,sciq
How do most reptiles produce?,"[""sexually"", ""biologically"", ""asexually"", ""occasionally""]",0,sciq
A person can inflate a beach ball using,"[""a salt shaker"", ""several cups"", ""live bees"", ""organ processed gas""]",3,openbookqa
dissolving sugar in water will cause it to,"[""turn bitter"", ""evaporate faster"", ""slightly warm"", ""become sweet""]",3,openbookqa
What is the supply of water to land or crops to help growth called?,"[""drainage"", ""absorbtion"", ""irrigation"", ""precipitation""]",2,sciq
Which is made with the help of bacteria?,"[""Yogurt"", ""Cream"", ""Soap"", ""Cooking oil""]",0,arc_easy
Ions move through what to maintain electrical neutrality in the cell?,"[""the plasma"", ""the substrate"", ""the membrane"", ""the protein""]",2,sciq
What type of vascular plants produce seeds in cones?,"[""Proteins"", ""angiosperms"", ""gymnosperms"", ""lipids""]",2,sciq
What is the most direct way of recovering a metal from its ores?,"[""drilling"", ""molecules"", ""osmosis"", ""electrolysis""]",3,sciq
Which is evidence that the universe is expanding?,"[""the presence of dark matter"", ""red shift of light from distant galaxies"", ""constant speed of light from every perspective"", ""emission of high-energy gamma rays by distant objects""]",1,arc_easy
Where would a polar bear enjoy living,"[""in a small cage"", ""in a reef in the ocean"", ""in a tropical environment"", ""much closer to one of the earth's poles than to the equator""]",3,openbookqa
"If an atom gains electrons, it becomes what?","[""anion"", ""a cation"", ""an ion"", ""neutral""]",2,sciq
Which of the following is more likely to occur in a plant cell than in an animal cell?,"[""synthesis of enzymes"", ""formation of cellulose"", ""breakdown of glucose"", ""active transport of ions""]",1,arc_easy
What are the most abundant source of energy found in most foods?,"[""fats"", ""carbohydrates"", ""vitamins"", ""proteins""]",1,sciq
The simplest class of organic compounds is the what?,"[""particles"", ""Phenols"", ""gas"", ""hydrocarbons""]",3,sciq
A male puppy inherits traits from,"[""both parents"", ""its mother, only"", ""its father, only""]",0,arc_easy
The simplest way to define a base is which kind of compound that produces hydroxide ions when dissolved in water?,"[""magnetic"", ""solvent"", ""covalent"", ""ionic""]",3,sciq
How many main types of diabetes are there?,"[""three"", ""two"", ""six"", ""one""]",1,sciq
Refraction,"[""makes objects appear to be twice their size"", ""moves heat energy thru sound waves"", ""is the phenomenon involved in mirrors"", ""makes a straw appear broken when in a cup of water""]",3,openbookqa
What is the name of film that polyester fibers form?,"[""layers"", ""fabric"", ""Softness"", ""mylar""]",3,sciq
The joint that lies between the radius and the ulna is what kind of joint?,"[""hinge joint"", ""pivot joint"", ""shaft joint"", ""socket joint""]",1,sciq
If a human only has 45 chromosomes it is most likely due to a mistake during what?,"[""meiosis"", ""mitosis"", ""plexus"", ""testis""]",0,sciq
Using less anthracite has a positive impact on the,"[""stock market"", ""ecosystem"", ""coal plants"", ""electric companies""]",1,openbookqa
Community interactions are important factors in what?,"[""natural process"", ""natural change"", ""natural resources"", ""natural selection""]",3,sciq
The mantle is,"[""anger"", ""magic"", ""passion"", ""solid bulk""]",3,openbookqa
Silica sand is a resource used in large volume in Nevada. This resource is used to make which product?,"[""tar"", ""glass"", ""plastic"", ""electricity""]",1,arc_easy
What do we call the region on the lung root formed by the entrance of the nerves at the hilum?,"[""renal plexus"", ""heart plexus"", ""brain plexus"", ""pulmonary plexus""]",3,sciq
Rocks may be rounded by,"[""photosynthesis"", ""audio feedback"", ""hydro-erosion"", ""Cloudy conditions""]",2,openbookqa
"In an atom, what two major types of particles are located in the nucleus?","[""electrons and neutrons"", ""molecules and neutrons"", ""protons and neutrons"", ""ions and electrons""]",2,sciq
Some flatworms are free-living carnivores that live mainly in which type of habitats?,"[""Deciduous forest"", ""Desert"", ""freshwater"", ""aquatic""]",3,sciq
Comets that have periods of 200 years or less are knows as what-period comets?,"[""fast"", ""short"", ""long"", ""old""]",1,sciq
"Scientists are studying the factors that influence the climate of a region. In attempts to gather accurate data, the scientists should use data that includes the","[""number of earthquakes that occur each year."", ""types of organisms in the environment."", ""number of people living in the area."", ""type of weather that has occurred.""]",3,arc_easy
which one of these would be needed to power up a torch light?,"[""a hard wood chip"", ""a set of AAA cells"", ""a metal iron rod"", ""a sachet of water""]",1,openbookqa
What does water treatment do to water?,"[""increases volume"", ""restores bacteria"", ""adds flavor"", ""removes unwanted substances""]",3,sciq
Birds feed their babies by,"[""telepathy"", ""flying"", ""osmosis"", ""regurgitation""]",3,openbookqa
A scientist designs a mathematical model of the rock cycle. The model predicts how changes in Earth processes will affect the amounts of different types of rock on Earth. Which quantity should stay the same as Earth processes change?,"[""the average rate at which Earth rotates"", ""the average distance of Earth from the Sun"", ""the total number of inactive volcanoes on Earth"", ""the total amount of material on Earth""]",3,arc_easy
"If an elephant and a boy are falling towards the ground, who will land first?","[""the boy"", ""both same time"", ""the elephant"", ""neither will land""]",1,sciq
People are developing electric cars that would replace gasoline-burning cars. One major advantage of the electric car is that it,"[""accelerates faster."", ""causes less pollution."", ""gives a smoother ride."", ""needs no battery.""]",1,arc_easy
A book placed on a table is observed to remain stationary. Which statement about the observation would be considered a fact rather than an opinion?,"[""The book is not very heavy."", ""The table pushes up on the book."", ""The book probably has a sticky cover."", ""The table is composed of a stronger material than the book.""]",1,arc_easy
What mineral is used in jewelry because of its striking greenish-blue color?,"[""turquoise"", ""glass"", ""lime"", ""aqua""]",0,sciq
"When light reaches an eyeglass lens, the light is","[""refracted."", ""reflected."", ""diffracted."", ""absorbed.""]",0,arc_easy
When a wildfire happens what catches fire?,"[""rocks"", ""timberland"", ""water"", ""rivers""]",1,openbookqa
Which of the following has a population of zero?,"[""Merriam's elk"", ""bison"", ""llama"", ""whooping crane""]",0,openbookqa
What makes up the mass number of an atom?,"[""electrons and neutrons"", ""atoms and neutrons"", ""molecules and electrons"", ""protons and neutrons""]",3,sciq
"In order for electricity from a battery to power a light bulb, the wire has to provide the electricity a path to do what?","[""flow through the entire closed circuit"", ""charge the air molecules near the circuit"", ""jump from one battery terminal to the other"", ""change the chemical properties of the wire""]",0,arc_easy
In southern Africa we are more likely to see snow in,"[""January"", ""November"", ""March"", ""July""]",3,openbookqa
By what kind of change can a chemical change be reversed?,"[""another carbon change"", ""another chemical change"", ""another radioactive change"", ""another thermal change""]",1,sciq
What are materials that eject electrons when illuminated with light called?,"[""photoemissive"", ""photogenic"", ""illumination"", ""fragmentation""]",0,sciq
"An infection may be intracellular or extracellular, depending on this?","[""pollen"", ""pathogen"", ""bacteria"", ""microbes""]",1,sciq
What do you call the membrane-bounded droplets that have some properties of cells?,"[""rods"", ""membranes."", ""protocells"", ""sporozoans""]",2,sciq
In what do a roundworm's eggs pass from host to the environment?,"[""skin"", ""feces"", ""mouth"", ""arms""]",1,sciq
What can echinoderms sense with their simple eyes?,"[""colors"", ""shapes"", ""electricity"", ""light""]",3,sciq
What must molecules have to be cis-trans isomers?,"[""triple bond"", ""double bond"", ""single bond"", ""last bond""]",1,sciq
The substances that comprise heterogeneous mixtures can also be separated by what means?,"[""thermal"", ""chemical"", ""physical"", ""atmospheric""]",2,sciq
"Contributing to the blood-brain barrier is one of the jobs of glial cells, which support neurons in what system?","[""peripheral nervous system"", ""circulatory system"", ""central nervous system"", ""digestive system""]",2,sciq
The color of which animal allows it to blend into its environment?,"[""penguin"", ""squirrel"", ""cardinal"", ""polar bear""]",3,arc_easy
Which of the following will most likely to be true?,"[""focused light beams like lasers can endanger pilots"", ""napkins can endanger pilots"", ""sweaters can endanger pilots"", ""teddy bears can endanger pilots""]",0,openbookqa
What is oil likely comprised of?,"[""homo sapiens"", ""air"", ""soil"", ""brontosaurus""]",3,openbookqa
Which is an abiotic factor that most limits the number of frogs living in a pond?,"[""the color of the water"", ""the number of predators"", ""the temperature of the water"", ""the populations of producers""]",2,arc_easy
"What can be formed by converging light rays behind a lens, onto a piece of film?","[""a prism"", ""a photograph"", ""a mirror"", ""a kaleidoscope""]",1,sciq
What is citrate an ionized form of?,"[""carbonic acid"", ""protein"", ""hydrochloric acid"", ""citric acid""]",3,sciq
To which of the following phenomena do humans contribute the least?,"[""plate tectonics"", ""soil erosion"", ""air pollution"", ""deforestation""]",0,arc_easy
What are the three most common protective devices?,"[""fuses , circuit breaks & surge claws"", ""fuses, circuit breaks & surge protectors"", ""fuses , fabrication breaks & surge protectors"", ""tranistors, resistors & diodes""]",1,sciq
"If an animal gets too cold for its body to perform its functions, that animal will","[""perish due coldness"", ""laugh to death"", ""do math"", ""float""]",0,openbookqa
Chewying and swallowing a steak,"[""serves it hot"", ""breaks it down"", ""losses energy"", ""dies""]",1,openbookqa
What type of electrons are electrons that are not confined to the bond between two atoms?,"[""virtualized"", ""detached"", ""delocalized"", ""internalized""]",2,sciq
"What is the small, dense region at the center of the atom that consists of positive protons and neutral neutrons?","[""proton"", ""electron"", ""nucleus"", ""photon""]",2,sciq
What do vectors possess that scalars do not?,"[""height and polarity"", ""magnitude and direction"", ""magnitude and weight"", ""direction and texture""]",1,sciq
What type of alloys are used in musical instruments?,"[""plastics"", ""bronze"", ""copper"", ""brass""]",3,sciq
"In order for plants to grow, the cells require nutrients in the form of minerals. The minerals come from","[""soil."", ""air."", ""water."", ""pollen.""]",0,arc_easy
The process that a plant increases in size is known as what?,"[""fertilization"", ""growth"", ""harvest"", ""trend""]",1,sciq
"When astronauts walked on the Moon, they used weighted boots to help them walk due to the lower gravitational pull. What difference between Earth and the Moon accounts for the difference in gravity?","[""density"", ""diameter"", ""mass"", ""volume""]",2,arc_easy
What is an example of a change in the Earth?,"[""an expanse of water turning to forested land"", ""a duck living in the woods"", ""a forest growing larger"", ""a river flowing strongly""]",0,openbookqa
What does the gradient of bicoid protein determine?,"[""anterior-posterior axis"", ""east-west axis"", ""vertical-horizontal plane"", ""shallow - posterior axis""]",0,sciq
Which of the following can only be seen with a telescope?,"[""the moon-like phases of Venus"", ""the phases of Earth's moon"", ""a lunar eclipse"", ""a solar eclipse""]",0,arc_easy
What type of motor is used in most household devices with moving parts?,"[""cooling motors"", ""vacuum motors"", ""thermal motors"", ""electric motors""]",3,sciq
"If the north is cold and the midnorth is warm, there will be","[""snow"", ""stars"", ""air motion"", ""fires""]",2,openbookqa
What can be thought of as the most biologically productive regions on earth?,"[""estuaries"", ""forests"", ""coasts"", ""swamps""]",0,sciq
In which location would a groundhog hide from a wolf?,"[""beside a tree"", ""in the grass"", ""on a stump"", ""under the ground""]",3,openbookqa
Heat can can cause matter to,"[""shift phases"", ""become intelligent"", ""multiply"", ""disappear""]",0,openbookqa
A person who is unable to hunt for nourishment may still survive and even thrive if they,"[""harvest human organs"", ""burn crops"", ""purchase produce"", ""spend time alone""]",2,openbookqa
Compounds like sodium chloride form structures called what?,"[""ions"", ""crystals"", ""hydrocarbons"", ""microorganisms""]",1,sciq
What is the only light that humans can see?,"[""dark light"", ""distinct light"", ""bright light"", ""visible light""]",3,sciq
When Newton was 1st hit by the apple he created his famous,"[""last stand"", ""hypothesis"", ""hats"", ""apple pie""]",1,openbookqa
Ragweed and poison ivy are common causes of what?,"[""cancers"", ""allergies"", ""defects"", ""mutations""]",1,sciq
What are the trillions of bacteria living within the large intestine called?,"[""intastinal flora"", ""probiotic"", ""bacteria flora"", ""microflora""]",2,sciq
A whitetail that lives in a forest will be required to adapt to,"[""long sleeves"", ""harsh precipitation"", ""silly anecdotes"", ""boring movies""]",1,openbookqa
If an organism dies then the population of that organism will what?,"[""lessen"", ""skyrocket"", ""rise"", ""grow""]",0,openbookqa
"In multicellular organisms, essential biological functions are carried out by what?","[""atoms"", ""organs"", ""molecules"", ""cells""]",1,sciq
Reducing the number of molecules in a rigid container causes what to decrease?,"[""velocity"", ""demand"", ""pressure"", ""energy""]",2,sciq
The smallest particle of an element is,"[""an atom."", ""a mixture."", ""a molecule."", ""a compound.""]",0,arc_easy
The chloroplasts contain a green pigment called what?,"[""chloroplasm"", ""sodium"", ""melanin"", ""chlorophyll""]",3,sciq
"When Dennis operates his lawnmower, he notices the engine makes a lot of noise. He also notices that the engine gets very hot. Which best describes the heat and noise generated from the lawnmower?","[""a change in phase"", ""thermal expansion"", ""an increase in entropy"", ""mechanical advantage""]",2,arc_easy
The primary function of insulin in our bodies is to,"[""store fuel for later use."", ""regulate the amount of glucose in the blood."", ""increase the efficiency of fuel consumption."", ""prevent digestive bacteria from consuming glucose.""]",1,arc_easy
"An area is semiarid, has few trees, and is home to ground-nesting birds. This area is most likely part of which biome?","[""tundra"", ""taiga"", ""grassland"", ""desert""]",2,arc_easy
"Trees release what gas as a byproduct of photosynthesis, thereby facilitating human respiration?","[""methane"", ""carbon dioxide"", ""oxygen"", ""nitrogen""]",2,sciq
What is the energy that flows as a result of a difference in temperature?,"[""electricity"", ""polarity"", ""heat"", ""magnetism""]",2,sciq
What triangular feature is formed when a river empties into a large body of still water?,"[""flow"", ""confluence"", ""delta"", ""region""]",2,sciq
What is the process of a cell membrane surrounding a particle and engulfing it calles?,"[""phagocytosis"", ""mitosis"", ""active transport"", ""ingestion""]",0,sciq
What consists of two or more elements and forms as a result of a chemical reaction?,"[""molecule"", ""compound"", ""protein"", ""particle""]",1,sciq
"in order to better live in its habitat, camels have done one of these","[""adapted long ears the size of elephant's"", ""adapted a raised portion on their dorsal side"", ""adapted long snouts to drink from holes"", ""all of these""]",1,openbookqa
What occurs in a formerly inhabited area that was disturbed?,"[""spontaneous mutation"", ""mass extinction"", ""secondary succession"", ""natural selection""]",2,sciq
What are the largest phylum of the animal kingdom?,"[""Crustacea"", ""Chelicerata"", ""arthropods"", ""Pycnogonida""]",2,sciq
The major component of a solution is called what?,"[""solute"", ""solvent"", ""water"", ""mixture""]",1,sciq
Peristalsis is necessary for what basic bodily function?,"[""reproduction"", ""respiration"", ""digestion"", ""regeneration""]",2,sciq
"A person wants to signal to another person, but is lacking a flashlight. They can","[""shuffle sunlight with mirrors"", ""direct sunlight with cones"", ""direct others with glass"", ""direct shades with hands""]",0,openbookqa
What most likely happens to soil when crops are not rotated from year to year?,"[""The soil nutrients are depleted."", ""The soil fertility increases."", ""The soil becomes more porous."", ""The soil erodes less rapidly.""]",0,arc_easy
Long-term storage of what element occurs when matter from living organisms is buried deep underground and becomes fossilized?,"[""oxygen"", ""carbon"", ""hydrogen"", ""Nitrogen""]",1,sciq
What is responsible for the foul smell of rancid butt?,"[""butyric acid"", ""affixed acid"", ""ibogaine acid"", ""Fatty Acid""]",0,sciq
A student needs to measure out a precise amount of liquid. What is the best tool for the student to use?,"[""test tube"", ""meter stick"", ""balance scale"", ""graduated cylinder""]",3,arc_easy
"Where a cell resides, how it appears, and what it does define its what?","[""minute race"", ""slowing rate"", ""development fate"", ""life cycle""]",2,sciq
Trembling muscles spasms in animals can be caused in party by,"[""temperature in single digits"", ""temperatures in triple digits"", ""finding the right temperatures"", ""being unaware of the temperature""]",0,openbookqa
Ice cream in a bowl changed from solid to liquid in a few minutes. Which of the following most likely caused this change?,"[""Bacteria grew in the ice cream."", ""Heat was added to the ice cream."", ""Water evaporated from the ice cream."", ""Frozen berries were sprinkled on the ice cream.""]",1,arc_easy
What happens to the core of a star when it begins to run low on hydrogen?,"[""it expands"", ""it contracts"", ""it explodes"", ""it disappears""]",1,sciq
"In the past, biologists grouped living organisms into five kingdoms: animals, plants, fungi, protists, and what?","[""trees"", ""pathogens"", ""lizards"", ""bacteria""]",3,sciq
In which kind of species do open circulatory systems serve additional functions?,"[""some apes"", ""some seedlings"", ""some earthworms"", ""some invertebrates""]",3,sciq
What is the term for atherosclerosis of arteries that supply the heart muscle?,"[""coronary heart disease"", ""essential heart disease"", ""cardiovascular disease"", ""rapid heart disease""]",0,sciq
Producing light without heat is called what?,"[""osmosis"", ""thermoluminescence"", ""luminescence"", ""bioluminescence""]",2,sciq
Which of the following is certain to change as a ball accelerates?,"[""mass of the ball"", ""inertia of the ball"", ""velocity of the ball"", ""force acting on the ball""]",2,arc_easy
Where would you most likely find iron?,"[""the ocean"", ""the air"", ""a mine"", ""a forest""]",2,openbookqa
What kind of relationship exists between living things that depend on the same resources?,"[""parasitic"", ""competition"", ""antagonistic"", ""symbiotic""]",1,sciq
Which are likely slightly larger in size than its liquid counterparts?,"[""solid steel"", ""solid wood"", ""solid glaciers"", ""solid mercury""]",2,openbookqa
Which type of vegetation could you find in areas with low rainfall?,"[""sunflowers"", ""cacti"", ""rose bushes"", ""palm trees""]",1,openbookqa
The group 18 gases that have 8 valence electrons are referred to as what type of gases?,"[""novel"", ""noble"", ""metal"", ""important""]",1,sciq
When is hotter?,"[""desert"", ""night"", ""morning"", ""noon""]",3,openbookqa
What does the gizzard in birds contain that allows them to grind food?,"[""acid"", ""bile"", ""teeth"", ""swallowed stones""]",3,sciq
One process in the formation of sedimentary rocks is when rocks are,"[""compressed by moving plates."", ""heated and subjected to high pressure."", ""broken up and deposited in layers."", ""moved up along fault planes.""]",2,arc_easy
Thomson’s plum pudding model shows the structure of what?,"[""nucleus"", ""cell"", ""DNA"", ""atom""]",3,sciq
Metabolic pathways are a series of reactions catalyzed by multiple what?,"[""enzymes"", ""vitamins"", ""particles"", ""hormones""]",0,sciq
Which two processes could result in the formation of high mountains with well-rounded peaks?,"[""volcanic eruptions and global warming"", ""earthquakes and tidal activity"", ""collision of crustal plates and erosion"", ""production of greenhouse gases and weathering""]",2,arc_easy
The diaphragms in the microphone and speaker convert sound energy into,"[""light energy"", ""low voltage electricity"", ""back message"", ""heat energy""]",1,openbookqa
What is the distance between the nuclei of two identical atoms bonded together called?,"[""cycle radius"", ""bond radius"", ""sleep radius"", ""atomic radius""]",3,sciq
All matter is composed of tiny indivisible particles called atoms. all atoms of an element are identical in mass and this?,"[""acid properties"", ""liquid properties"", ""chemical properties"", ""electrical properties""]",2,sciq
What is the term for animals that  cannot raise their body temperature on their own?,"[""endothermic"", ""catabolic"", ""warm-blooded"", ""ectothermic""]",3,sciq
This organ will help in providing nutrients to your body,"[""lungs"", ""esophagus"", ""kidney"", ""bladder""]",1,openbookqa
"What term describes weathering that occurs as water expands when it freezes, wedging apart rock?","[""chemical weathering"", ""cleavage"", ""erosion"", ""mechanical weathering""]",3,sciq
Grey clouds are a source of,"[""hot weather"", ""electrical currents"", ""falling liquids"", ""vitamin D""]",2,openbookqa
The turbine of a windmill spins and creates what?,"[""grains"", ""pollution"", ""lightning"", ""electricity""]",3,sciq
Duplicated chromosomes are composed of two sister what?,"[""karyotypes"", ""chromatids"", ""nucleotides"", ""eukaryotes""]",1,sciq
A thing which ferns have in endless supply when expanding is,"[""oil"", ""dirt"", ""darkness"", ""castor""]",1,openbookqa
What is the term for the application of science to solve problems?,"[""technology"", ""research"", ""ingenuity"", ""mathematics""]",0,sciq
What do plants make to store extra glucose?,"[""starches"", ""fats"", ""sugars"", ""water""]",0,sciq
Which would best aid a scientist in discovering how Earth may have changed over time?,"[""finding the nest of a bald eagle"", ""tracking the footprints of a wolf"", ""analyzing the pollination of a sunflower"", ""discovering a fossil of a seashell in a wooded area""]",3,arc_easy
Which part of Earth's structure exists in the solid phase due to low temperatures?,"[""the inner core"", ""the outer core"", ""the lithosphere"", ""the asthenosphere""]",2,arc_easy
Fractures and faults are terms you hear when talking about?,"[""volcanoes"", ""earthquakes"", ""magnets"", ""storms""]",1,sciq
You couldn't discover the shape of an object if you had,"[""nose plug"", ""tape over mouth"", ""ear plugs"", ""hands behind back""]",3,openbookqa
What causes cumulus clouds to grow upward?,"[""moisture currents"", ""gas currents"", ""convection currents"", ""mantle currents""]",2,sciq
What is the job of hemoglobin in the body?,"[""infects oxygen"", ""transports oxygen"", ""transports neurons"", ""become scabs""]",1,sciq
Tuna have been shown to contain high levels of what metal?,"[""cadmium"", ""mercury"", ""iron"", ""titanium""]",1,sciq
Compound forms when atoms of nonmetals form molecules that are held together by what?,"[""phenotype bonds"", ""magnetic bonds"", ""covalent bonds"", ""dissonance bonds""]",2,sciq
Which statement describes the transfer of energy when an ice cube is placed in a cup of hot tea?,"[""Heat flows from the tea to the ice."", ""Cold flows from the ice to the tea."", ""Cold flows from the ice, and heat flows from the tea."", ""Heat flows simultaneously between the ice and the tea.""]",0,arc_easy
Moving electrons have a form of kinetic energy called what?,"[""potential energy"", ""electrical energy"", ""deformed energy"", ""electromagnetism""]",1,sciq
The mounds at the beach are made of,"[""heavily buttered bagels"", ""sauteed mushrooms"", ""silica"", ""high school students""]",2,openbookqa
"A person is considering various organs, and is looking at which ones will be most muscular. A contender for most muscular is","[""the lungs"", ""the kidney"", ""the heart"", ""the liver""]",2,openbookqa
What transition occurs as heat is added or removed from a substance?,"[""thermal reaction"", ""diffusion transition"", ""heat wave"", ""phase transition""]",3,sciq
"If pollination occurs, what does the zygote develop into?","[""an embryo"", ""a sperm"", ""an egg"", ""an ovum""]",0,sciq
What do you call the transfer of thermal energy between particles of matter that are touching?,"[""oxidation"", ""activation"", ""convection"", ""conduction""]",3,sciq
which of these are you most likely to find in a desert?,"[""a hammer head shark"", ""a big tilapia fish"", ""a prickly horned male lizard"", ""none of these""]",2,openbookqa
What term is used describe energy released during an earthquake?,"[""blast"", ""seismic load"", ""resonance"", ""magnitude""]",3,sciq
"The forelimb of the monkey, bat, penguin, and alligator look very different on the outside, but their skeletal structures are similar. This evidence suggests that these animals","[""may have evolved from a common ancestor."", ""all reproduce in a similar fashion."", ""live in similar environments."", ""should all be able to fly someday.""]",0,arc_easy
The smallest particle of matter that can be identified as an element is called,"[""an atom."", ""a proton."", ""an electron."", ""a molecule.""]",0,arc_easy
The invention of the telescope allowed which of the following to take place?,"[""the discovery of cells"", ""the identification of weather patterns"", ""detailed observation of planets"", ""communication between distant cities""]",2,arc_easy
There is more rain when the sky is,"[""gray"", ""red"", ""blue"", ""white""]",0,openbookqa
which one of these would be most nourished?,"[""a person who eats once daily"", ""a person fasting all day"", ""a person who only drinks water"", ""a person who feeds thrice daily""]",3,openbookqa
What monthy cycle causes changes in the ovaries and uterus?,"[""the menstrual cycle"", ""water cycle"", ""sleep-wake cycle"", ""tides""]",0,sciq
"Like simple hormone pathways, hormone cascade pathways typically involve what kind of feedback?","[""effective"", ""positive"", ""neutral"", ""negative""]",3,sciq
A student sees many plants around a pond. The student can determine which plants are nonvascular by,"[""observing if they lack true stems, roots, or leaves"", ""examining the plants for spores"", ""counting the number of leaves on each stalk"", ""noticing if the plants are near rocks""]",0,arc_easy
Which will most likely happen to a solid substance that is heated?,"[""It will melt."", ""It will boil."", ""It will harden."", ""It will evaporate.""]",0,arc_easy
"What gland is located in the neck, where it wraps around the trachea?","[""thyroid gland"", ""salivary gland"", ""pituitary gland"", ""adrenal gland""]",0,sciq
What rock group offers the richest source of fossils?,"[""metamorphic"", ""igneous"", ""geode"", ""sedimentary""]",3,sciq
"In the freshwater flatworms, protonephridia serve chiefly in what?","[""enculturation"", ""excretion"", ""thermoregulation"", ""osmoregulation""]",3,sciq
What do puffer fish produce to protect itself?,"[""teeth"", ""enzymes"", ""hormones"", ""venom""]",3,sciq
"In what way do transit systems, such as buses, benefit society?","[""by reducing the amount of pollution"", ""by increasing the number of car sales"", ""by increasing the amount of carbon dioxide in the air"", ""by eliminating the possibility of accidents""]",0,arc_easy
"When heat moves out of a system, what is the sign of the enthalpy?","[""it depends"", ""positive"", ""negative"", ""N/A (zero)""]",2,sciq
CO2 is released into the air when sugar eaters,"[""sigh"", ""touch"", ""think"", ""consider""]",0,openbookqa
Which process is most effective for separating sodium chloride from a saltwater solution?,"[""filtration"", ""evaporation"", ""magnetic separation"", ""chemical separation""]",1,arc_easy
A dog gets the energy it needs to run from ___.,"[""the air"", ""the Sun"", ""food"", ""water""]",2,arc_easy
A low level of radiation occurs naturally in the environment and is called what?,"[""background radiation"", ""Beta radiation"", ""Alpha radiation"", ""Gamma radiation""]",0,sciq
What type of cells detect stimuli?,"[""expressive nerve cells"", ""sensory nerve cells"", ""muscle cells"", ""grid nerve cells""]",1,sciq
What is defined as the product of a force times the distance over which the force acts?,"[""work"", ""motion"", ""energy"", ""matter""]",0,sciq
"All stars start forming in the same manner. Some follow the life cycle of the Sun, while others turn into neutron stars or black holes. Which property determines the fate of a star as it develops?","[""mass"", ""location"", ""luminosity"", ""temperature""]",0,arc_easy
Changing electric and mnagnetic fields radiate outward when?,"[""charged particles accelerate"", ""particles multiply"", ""firing particles accelerate"", ""particles lose their charge""]",0,sciq
What makes up most of a human skeleton?,"[""muscle"", ""bone"", ""skin"", ""blood""]",1,arc_easy
What system do trees need to transport nutrients?,"[""photosynthetic system"", ""passive transport membrane"", ""circulatory"", ""vascular""]",3,sciq
Ribosomes are cellular substructures where what are synthesized?,"[""Molecule"", ""cells"", ""acids"", ""proteins""]",3,sciq
What is anything that causes cancer called?,"[""chemical"", ""carcinogen"", ""bacteria"", ""pesticide""]",1,sciq
Standing in a canyon and yelling your name,"[""will cause the canyon to shake"", ""will cause your name to reverberate thru the canyon"", ""will cause complete silence"", ""will cause animals to run up to you""]",1,openbookqa
"When tectonic plates move, they can form different landforms. Which is least likely to be associated with the tectonic plate movement that forms volcanoes?","[""hot spot"", ""rift valley"", ""subduction zone"", ""transform boundary""]",3,arc_easy
"Which body system releases hormones that act on target cells to regulate development, growth, energy metabolism, reproduction, and many behaviors?","[""endocrine system"", ""lymphatic"", ""exocrine system"", ""pituitary""]",0,sciq
"The atmosphere of Earth changed when plant life increased. Before there were plants, the atmosphere contained much less","[""hydrogen."", ""oxygen."", ""nitrogen."", ""water.""]",1,arc_easy
What is the term for the process of exposing a person to a pathogen on purpose in order to develop immunity?,"[""evacuation"", ""ramping"", ""vaccination"", ""priming""]",2,sciq
Vertebrates evolved from primitive forms of which creature?,"[""chordates"", ""humanoids"", ""cephalopods"", ""arthropods""]",0,sciq
What are the two major atmospheric gases?,"[""nitrogen and oxygen"", ""nitrogen and hydrogen"", ""hydrogen and oxygen"", ""carbon and helium""]",0,sciq
By finding the distance of something you are,"[""totally clueless"", ""gathering data"", ""playing around"", ""wasting time""]",1,openbookqa
"Due to the difference in the distribution of charge, water is what type of molecule?","[""ionic"", ""polar"", ""crooked"", ""uneven""]",1,sciq
"If pressure is exerted on the rock from one direction, the rock forms layers. this is called what?","[""foliation"", ""stratification"", ""sedimentation"", ""protonation""]",0,sciq
What is the mode of breathing that occurs at rest and does not require the cognitive thought of the individual?,"[""quiet breathing"", ""small breathing"", ""forced breathing"", ""conscious breathing""]",0,sciq
matter is made of what?,"[""united atoms"", ""sound"", ""feelings"", ""bonds of friendship""]",0,openbookqa
What does the cell cycle do?,"[""only divide cells"", ""create new cells"", ""divide and reproduce cells"", ""only reproduce cells""]",2,sciq
Vultures are scavengers that most likely help ecosystems by quickly consuming dead organisms and,"[""speeding up the process of decay."", ""taking nonliving matter from the environment."", ""slowing the spread of disease."", ""helping to distribute seeds.""]",2,arc_easy
What do nearly all animals have in common with regards to digestion?,"[""external digestion of food"", ""complete digestion of food"", ""internal digestion of food"", ""problematic digestion of food""]",2,sciq
What does continental crust grade into at continental margins?,"[""ocean floor"", ""oceanic crust"", ""remnants crust"", ""storm crust""]",1,sciq
What is most likely to push objects?,"[""rivers"", ""rainfall"", ""photosynthesis"", ""sunlight""]",0,openbookqa
"A person needs to find a way to shore while on a raft. Another person tells the first person which direction to go in order to safely reach land, so the person directing is","[""navigating"", ""negating"", ""relying"", ""destroying""]",0,openbookqa
Which of the following organisms have the greatest effect on an ecosystem because of the changes they make to their environment?,"[""bees building a hive in a hollow tree"", ""wasps building a nest in a leafy bush"", ""beavers building a dam across a stream"", ""fish digging a burrow on a river bottom""]",2,arc_easy
What process changes a liquid to a gas without boiling?,"[""absorption"", ""evaporation"", ""bubbling"", ""melting""]",1,sciq
Medical problems associated with the body responding poorly to insulin are commonly associated with what disease?,"[""AIDS"", ""diabetes"", ""colitis"", ""pertussis""]",1,sciq
Which wind-water interaction is responsible for cycling nutrient-rich waters from the ocean floor to the sea surface?,"[""upwelling"", ""storm surge"", ""downwelling"", ""surface currents""]",0,arc_easy
What type of mammals are humans?,"[""somatic mammals"", ""placental mammals"", ""respiratory mammals"", ""marsupial mammals""]",1,sciq
What type of metal is a good conductor of electricity?,"[""copper"", ""Aluminium"", ""zinc"", ""Tin""]",0,sciq
What is the name for the transfer of thermal energy between particles of matter that are touching?,"[""activation"", ""induction"", ""convection"", ""conduction""]",3,sciq
What is the name of the bone that forms the forehead?,"[""forebone"", ""high bone"", ""frontal bone"", ""upper bone""]",2,sciq
What is the name of the project concerning genetics that is one of the landmark scientific events of the last 50 years?,"[""human organism project"", ""manhattan project"", ""human genome project"", ""blue beam project""]",2,sciq
What is considered to be a unique feature of echinoderms?,"[""oil vascular system"", ""water vascular system"", ""iron vascular system"", ""air vascular system""]",1,sciq
"What do you call materials able to conduct electricity with 100% efficiency, meaning that no energy is lost during the electrical transmission?","[""poor conductors"", ""superconductors"", ""super-insulators"", ""electromagnets""]",1,sciq
What do organisms use to store energy?,"[""tissues"", ""proteins"", ""lipids"", ""metabolytes""]",2,sciq
What part of earth do many animals use for navigation?,"[""oceans"", ""atmosphere"", ""magnetic field"", ""molten core""]",2,sciq
Which terms can be used to describe the properties of both a wave and a particle of light?,"[""charge and volume"", ""frequency and mass"", ""speed and frequency"", ""frequency and density""]",2,arc_easy
What form does water take on the planet mars?,"[""plasma"", ""ice"", ""liquid"", ""gas""]",1,sciq
What are composed of alternating positive and negative ions?,"[""ionic crystals"", ""polar bonds"", ""radioactive substances"", ""magnetic crystals""]",0,sciq
John's pet frog was sick because it wasn't staying warm enough. Maybe,"[""The frog was getting burned by a heat lamp"", ""the frog was unable to regulate its body temperature without an external heat source"", ""The frog was using too much ice in its drinks"", ""The water in the tank had dried up.""]",1,openbookqa
"If you drive or take the bus to school or work, you are using a vehicle that probably burns gasoline, a material that burns fairly easily and provides energy to power the vehicle. recall that burning is a?","[""physical change"", ""temperature change"", ""energy change"", ""chemical change""]",3,sciq
"Whan an alkene is aquired by an alkyl halide in an organic reaction, what kind of reaction is this?","[""migration"", ""subtraction"", ""elimination"", ""extinction""]",2,sciq
What do tube worms rely on for food?,"[""chemosynthetic microorganisms"", ""lentiviruses microorganisms"", ""sponges microorganisms"", ""fatty microorganisms""]",0,sciq
chloroplasts are rarely found in,"[""root hair cells"", ""Eukaryotic cells"", ""leaf guard cells"", ""rose petal cells""]",0,openbookqa
"Normal blood is comprised of nearly half erythrocytes, which is another word for what cells?","[""monocytes"", ""white blood cells"", ""plateletes"", ""red blood cells""]",3,sciq
Which two processes occur during the life spans of all animals?,"[""hibernation and migration"", ""growth and development"", ""changing color and shedding fur"", ""building nests and communication""]",1,arc_easy
"When sand is deposited along a shoreline, what is created?","[""island"", ""beach"", ""bay"", ""dunes""]",1,sciq
High per capita use of what means the ecological footprint of the united states is large?,"[""food"", ""resources"", ""green energy"", ""money""]",1,sciq
"The more often wildfires take place on a space of land, the more often we will see","[""animal groups in decline"", ""animal populations growing larger"", ""more birds moving in"", ""larger deer starting families""]",0,openbookqa
The directions for making a protein,"[""result in DNA."", ""are carried by DNA."", ""result in amino acids."", ""are carried by amino acids.""]",1,arc_easy
What were the electrons initially called?,"[""cathode rays"", ""plasma rays"", ""polymer rays"", ""gamma rays""]",0,sciq
What are large glaciers that cover a larger area than just a valley?,"[""icebergs"", ""ice caps"", ""ice floes"", ""glacial continents""]",1,sciq
Bacteria may become untreatable if they develop what in response to multiple antibiotics?,"[""affinity"", ""weakness"", ""resistance"", ""acceptance""]",2,sciq
Where deer and rabbits generally reside tends to be,"[""dark caverns"", ""leaf colored"", ""under water"", ""lava filled""]",1,openbookqa
An electric motor is designed to turn electrical energy into ___.,"[""solar energy"", ""potential energy"", ""static electricity"", ""mechanical energy""]",3,arc_easy
What is the principal blood vessel through which blood leaves the heart in order to circulate around the body?,"[""aorta"", ""the pulmonary vein"", ""the pulmonary artery"", ""the superior vena cava""]",0,sciq
The most daylight is two months after,"[""October"", ""July"", ""January"", ""April""]",3,openbookqa
"When the Northern Hemisphere is tilted toward the Sun, what season is occurring in Australia?","[""fall"", ""winter"", ""spring"", ""summer""]",1,arc_easy
"What term describes the long-term, predictable atmospheric conditions of a specific area?","[""hemosphere"", ""wind patterns"", ""solar activity"", ""climate""]",3,sciq
The skull consists of cranial bones and what other type of bones?,"[""nasal"", ""subdermal"", ""superficial"", ""facial""]",3,sciq
A boy wants to collect clams for supper and must therefore spend time,"[""in lake shallows"", ""in desert sands"", ""in rocky hills"", ""in sea depths""]",3,openbookqa
A single human body cell typically contains thousands of,"[""genes"", ""nuclei"", ""chloroplasts"", ""bacteria""]",0,arc_easy
"In ecosystems where people live, which of the following are most likely to cause an increase in diseases transmitted by water?","[""floods"", ""blizzards"", ""hailstorms"", ""avalanches""]",0,arc_easy
"When the smooth muscle relaxes, the arterioles dilate, allowing blood to enter the what?","[""bones"", ""arteries"", ""veins"", ""capillaries""]",3,sciq
What shape is the gametophyte in ferns?,"[""circular"", ""rectangular"", ""heart-shaped"", ""diamond""]",2,sciq
Lava on the ocean floor may build up upon itself. This is where,"[""birds may be thinking"", ""lone land mass develops"", ""musical notes are heard"", ""fish are buried in sand""]",1,openbookqa
"Lakes, ponds, streams, springs, and wetlands are?","[""fresh water bodies"", ""man-made structures"", ""land formations"", ""salt water bodies""]",0,sciq
"If hot water becomes trapped, pressure may build up. when the water breaks free, it creates what?","[""groundwater"", ""geyser"", ""glacier"", ""steam""]",1,sciq
Why does the body react to a loss of chloride ions?,"[""increased tricarbonate reabsorption"", ""decreased bicarbonate reabsorption"", ""increased bicarbonate reabsorption"", ""decreased tricarbonate reabsorption""]",2,sciq
"A population of wood mice lives in a cool, moist temperate forest. Several years of hot, dry weather have affected the plants in the area. Which mice in the population are most likely to survive this change and pass their genes on to their offspring?","[""those with the warmest coats and best camouflage"", ""the largest and strongest mice in the population"", ""those with traits most adapted to the new environment"", ""the youngest and fastest mice in the population""]",2,arc_easy
"If I were recreating water going in and out, I would need to make sure","[""I paint the water orange"", ""I include the animals"", ""I use the sun for gravity"", ""I repeat it twice""]",3,openbookqa
A storm moving over the earth will dump more rain on a,"[""meadow"", ""sandy area"", ""arctic"", ""desert""]",0,openbookqa
"What is the enclosed, fluid-filled membrane that surrounds and protects the fetus and is attached to the placenta?","[""epithelial sac"", ""umbilical sac"", ""womb"", ""amniotic sac""]",3,sciq
"Canadian physician Sir William Osler once said, ""In Science the credit goes to the man who convinces the world, not to the man to whom the idea first occurred."" How does this quote apply to scientific knowledge?","[""Famous scientists have the best ideas."", ""Ideas must be communicated to the public"", ""In order to be important, ideas must be believable."", ""The results are less important than the ideas in an experiment.""]",1,arc_easy
An organism is born with a genetic abnormality not present in any of its ancestors. This abnormality is most likely the result of,"[""circulation"", ""competition"", ""mutation"", ""respiration""]",2,arc_easy
What type of light is composed of many rays having random polarization directions?,"[""reflected light"", ""polarized light"", ""unpolarized light"", ""diffracted light""]",2,sciq
"Internal functions are coordinated and regulated so that the internal environment of a living thing is relatively constant, referred to as what?","[""stabilizer"", ""homeostasis"", ""homogenesis"", ""hypothesis""]",1,sciq
Holding a hot dog over a campfire makes it,"[""carbon dioxide"", ""vegan"", ""a marshmallow"", ""stiffer""]",3,openbookqa
What process can cause harmful alleles to become fixed?,"[""natural selection"", ""migration"", ""mutation"", ""genetic drift""]",3,sciq
What orifice in the body is particularly helpful in both digestion and respiration?,"[""nostril"", ""nose"", ""mouth"", ""anus""]",2,sciq
Melissa is creating a new product to quench people's thirst. She thinks it will be more popular if it is less flat. She decides to,"[""add more salt to the drink"", ""add some dissolved carbon dioxide"", ""shake up the drink bottles before shipping them to the stores"", ""boil the drink in a large vat""]",1,openbookqa
What is the shape of the thyroid gland?,"[""square-shaped"", ""snake - shaped"", ""butterfly-shaped"", ""triangle-shaped""]",2,sciq
Rocks and Earth and on the Moon are made of similar materials. What does this observation most likely suggest?,"[""Both the Moon and Earth split off from the Sun."", ""Life must have existed on the Moon at one time."", ""The Moon was probably formed from material from Earth."", ""The whole solar system is made up of the same kinds of rocks.""]",2,arc_easy
Which of these would need the fewest hydrocarbon chains containing eight carbon atoms?,"[""electric car"", ""turbocharged car"", ""gasoline car"", ""antique car""]",0,openbookqa
What are seamounts that rise above the water surface called?,"[""islands"", ""coasts"", ""reefs"", ""sandbars""]",0,sciq
The following statements are from an article in a fitness magazine. Which of these is an opinion?,"[""Exercise increases muscle mass."", ""Regular exercise reduces resting heart rate."", ""People should exercise because it makes them feel better."", ""Those who exercise regularly can increase their life span.""]",2,arc_easy
The size of the solute particles determines the rate of what?,"[""merging"", ""dissolving"", ""solution"", ""extracting""]",1,sciq
"The cecum is the first part of what structure, where wastes in a liquid state enter from the small intestine?","[""large intestine"", ""esophagus"", ""appendix"", ""duodenum""]",0,sciq
What is the pair of bean-shaped organs situated just above the waist?,"[""kidneys"", ""aorta"", ""lungs"", ""pancreas""]",0,sciq
"Oogenesis, which is gametogenesis in females, begins with what type of ste cells?","[""secretion"", ""digestive"", ""ovarian"", ""uterian""]",2,sciq
"Organic and biochemical equations show the initial and final products of the equation, respectively known as the reactants and what else?","[""consumers"", ""products"", ""reactors"", ""dividends""]",1,sciq
What bodily structures consist of the endothelium and its basal lamina?,"[""veins"", ""capillaries"", ""fibers"", ""muscles""]",1,sciq
The combustion of propane gas produces carbon dioxide and what else?,"[""methane"", ""water vapor"", ""phosphorous"", ""carbon monoxide""]",1,sciq
What does the structure of a protein start with?,"[""rna acids"", ""organism acids"", ""dna acids"", ""amino acids""]",3,sciq
"Sepals, petals, stamens, and carpels are what kind of organs?","[""animal"", ""reproductive"", ""marine"", ""floral""]",3,sciq
"After a rainstorm, a big pile of rocks blocks part of a mountain road. Which event most likely caused the rocks to move onto the road?","[""a tsunami"", ""a blizzard"", ""a landslide"", ""a hurricane""]",2,arc_easy
Ingestion and propulsion are the first two steps in which process that describes how humans process and consume food?,"[""absorption"", ""regeneration"", ""digestion"", ""respiration""]",2,sciq
lizards eat,"[""big dogs"", ""six legged creatures"", ""ears of corn"", ""well done steaks""]",1,openbookqa
Liquids with strong intermolecular forces have higher what than liquids with weaker forces?,"[""temperature"", ""melting point"", ""freezing point"", ""surface tension""]",3,sciq
"Rain dissolves fertilizer in the soil, what carries it away?","[""runoff?"", ""fossils"", ""clouds"", ""carbon ?""]",0,sciq
What evolutionary process has adapted protonephridia to different tasks in different environments?,"[""natural reproduction"", ""natural selection"", ""natural change"", ""natural variety""]",1,sciq
"What is the process called when liquid changes to gas, even though it has not become hot enough to boil?","[""expiration"", ""evaporation"", ""transpiration"", ""oxidation""]",1,sciq
Breasts are considered accessory organs of what body system?,"[""digestive system"", ""female reproductive system"", ""lymphatic system"", ""nervous system""]",1,sciq
What is the main source of raw material for the production of plastics?,"[""clay"", ""plants"", ""petroleum"", ""sand""]",2,arc_easy
What is the method of evolution by which advantageous heritable traits become more common over generations?,"[""artificial selection"", ""same selection"", ""flow selection"", ""natural selection""]",3,sciq
What makes toenails and fingernails hard?,"[""guanine"", ""cellulose"", ""taurine"", ""keratin""]",3,sciq
Which change would most likely cause deer to die or leave a woodland?,"[""a forest fire"", ""a rainstorm"", ""a snow storm"", ""a sinkhole""]",0,arc_easy
An amine is an organic compound that can be considered to be a derivative of what?,"[""nitrogen"", ""lead"", ""ammonia"", ""calcium""]",2,sciq
The zeros at the end of a number are known as what?,"[""rest zeros"", ""edge zeros"", ""remaining zeros"", ""trailing zeros""]",3,sciq
To get warm frogs can,"[""wear a Christmas sweater"", ""Drink a hot chocolate"", ""Go for a run"", ""sit under a lamp""]",3,openbookqa
Students went on a class field trip to Natural Bridge Caverns. They noticed rock formations in the cave called stalactites. Which of these processes caused the stalactites to form?,"[""heat"", ""pressure"", ""freezing"", ""deposition""]",3,arc_easy
he sun rising and setting causes cycles of,"[""evolution"", ""available luminance"", ""dancing"", ""cooking""]",1,openbookqa
"Body waves and surface waves are the two major types of what, which occur during earthquakes?","[""tidal waves"", ""current waves"", ""sound waves"", ""seismic waves""]",3,sciq
Dessication is an extreme and usually fatal form of what in animals?,"[""diarrhea"", ""depletion"", ""starvation"", ""dehydration""]",3,sciq
What may the jointed appendages of arthropods be used for?,"[""jumping"", ""crawling"", ""walking"", ""digging""]",2,sciq
Leaving your garage door open during a storm poses the risk of having animals going in due to them needing what,"[""some shoes"", ""death"", ""some shelter"", ""some candy""]",2,openbookqa
The vas deferens and ejaculatory ducts are part of what system?,"[""female adaptive system"", ""female reproductive system"", ""male reproductive system"", ""male circulatory system""]",2,sciq
Filling a bottle full of water and then placing it in the freezer can lead to,"[""loosening of the bottle lid"", ""deflation of the bottle"", ""ice cubes in the freezer"", ""bursting of the bottle""]",3,openbookqa
What are the two types of vascular tissues found in vascular plants?,"[""xylem and chloroplasm"", ""cytoplasm and chloroplasm"", ""xylem and phloem"", ""ectoderm and phloem""]",2,sciq
What is the name of the symbiotic relationship in which one species benefits while the other species is not affected?,"[""commensalism"", ""differentiation"", ""mutualism"", ""pollenation""]",0,sciq
Which is the best example of an object with kinetic energy?,"[""a plate sitting on a table"", ""a bird perching in a tree"", ""a marble rolling down a ramp"", ""a dam holding back some water""]",2,arc_easy
The main component in dirt is,"[""microorganisms"", ""broken stones"", ""pollution"", ""bacteria""]",1,openbookqa
"Animals require air, water, and what in order to live and survive?","[""food?"", ""mates"", ""shade"", ""time""]",0,sciq
What is destroying the layer of good ozone?,"[""greenhouse gas"", ""water pollution"", ""climate change"", ""air pollution""]",3,sciq
plant requires what for photosynthesis,"[""light that changes color"", ""light from our closest star"", ""the reflection of something shiny"", ""light reflected from our orbiting rock""]",1,openbookqa
"Depending on a tumor’s location, for example, cancer surgeons may be unable to remove it. radiation and chemotherapy are difficult, and it is often impossible to target only the cancer cells. the treatments inevitably destroy this?","[""carcinogens"", ""fertility"", ""host cells"", ""healthy cells""]",3,sciq
the earth is the source of,"[""joy"", ""natural resources"", ""humanity"", ""intellegence""]",1,openbookqa
How are bacterial cells and human cells alike?,"[""They allow oxygen through the cell wall."", ""They allow carbon dioxide through the cell wall."", ""They allow nutrients through the cell membrane."", ""They allow nutrients through the nuclear membrane.""]",2,arc_easy
What is a decomposer?,"[""a living thing that breaks down dead organisms"", ""a living thing that makes its own food"", ""an animal that eats live plants"", ""an animal that hunts other animals""]",0,arc_easy
The fossils of dinosaurs that lived millions of years ago can be found in,"[""the water of oceans."", ""the ice on ponds."", ""the trunks of trees."", ""rocks in the ground.""]",3,arc_easy
What is lowered when salts go into ion form?,"[""charge"", ""resistance"", ""power"", ""voltage""]",1,sciq
The excessive use of nitrogen-based fertilizers causes runoff that increases the nitrogen content of lakes and bays. These nitrogen compounds directly affect the aquatic ecosystems by,"[""interfering with the water cycle."", ""decreasing the predator population."", ""increasing the rate of algae growth."", ""causing aquatic animals to grow larger.""]",2,arc_easy
A viscous liquid found underground can be made to create something that,"[""feeds your dog"", ""foretells the future"", ""tastes like milk"", ""makes cars move""]",3,openbookqa
Which of these might use plants for an energy source,"[""television"", ""station wagon"", ""toy car"", ""action figure""]",1,openbookqa
What do you call a specialized type of plant tissue that transports water and nutrients throughout the plant?,"[""vascular tissue"", ""thermal tissue"", ""cambrium layer"", ""chloroplasm""]",0,sciq
What is the measure of the change in the velocity of a moving object called?,"[""transmission"", ""compression"", ""pressurization"", ""acceleration""]",3,sciq
What is the process that breaks down rocks into smaller pieces?,"[""erosion"", ""weathering"", ""bleaching"", ""bracing""]",1,sciq
Precipitation maps show the amount of what in different areas?,"[""population"", ""heat"", ""geographical variety"", ""rainfall""]",3,sciq
Redwoods are supported by,"[""donations from the environmental protection agency"", ""very large and thick trunks"", ""twenty chainsaw wielding psychopaths"", ""industrial plants near the ocean""]",1,openbookqa
Alex looked at an electric toothbrush that had a plug with three metal prongs. Why are these prongs made out of metal?,"[""Metal doesn't get hot and melt when you plug it into the outlet."", ""Metal is strong and is less likely to break when you plug it into the outlet."", ""Metal is an insulator and prevents shocks when you plug it into the outlet."", ""Metal is a conductor and completes a circuit when you plug it into the outlet.""]",3,arc_easy
The electron transport chains are located on the inner membrane of which organelle?,"[""mitochondrion"", ""lysosome"", ""axon"", ""chloroplast""]",0,sciq
What is the predominant stage in the life cycle of most scyphozoans?,"[""hydra"", ""spore"", ""medusa"", ""gamete""]",2,sciq
"What kind of water are cattails adapted for with narrow, strap-like leaves?","[""moving water"", ""saline water"", ""turbulent water"", ""stagnant water""]",0,sciq
A dead skunk in the middle of the road would be most appealing to,"[""a giraffe"", ""a politician"", ""a vulture"", ""a whale""]",2,openbookqa
A bird species may decide to relocate to hotter areas when weather,"[""sears"", ""cools"", ""warms"", ""burns""]",1,openbookqa
"Sound, like all waves, travels at a certain speed and has the properties of frequency and this?","[""gravity"", ""momentum"", ""wavelength"", ""energy""]",2,sciq
The mass of ground sliding down an embankment can be propagated by what?,"[""a storm"", ""forest fires"", ""global warming"", ""trees growing""]",0,openbookqa
What process can be triggered by a burst of ethylene production in the fruit?,"[""pickling"", ""hardening"", ""ripening"", ""drying""]",2,sciq
How many seasons occur in the span of three years,"[""ten"", ""twelve"", ""eight"", ""four""]",1,openbookqa
A bond is formed when an electron is transferred from a sodium atom to a chlorine atom. What happens to the sodium atom during this process?,"[""The mass of the atom increases."", ""The atom becomes an isotope."", ""The atomic number decreases."", ""The atom becomes a positive ion.""]",3,arc_easy
Fossils themselves and the order in which they appear in are generally collectively called what?,"[""fossil magnitude"", ""fossil record"", ""fuel cycle"", ""coal record""]",1,sciq
What are formed when crystals precipitate out from a liquid?,"[""diamonds"", ""chemical sedimentary rocks"", ""gaseous sedimentary rocks"", ""additive sedimentary rocks""]",1,sciq
All of the following contain chloroplasts but this,"[""rose bushes"", ""sea anemones"", ""seaweed"", ""algae""]",1,openbookqa
Objects used to hold sheets of paper together are often,"[""large"", ""wooden"", ""ferromagnetic"", ""electronic""]",2,openbookqa
"Mammoths, close genetic relatives of modern elephants, are believed to have gone extinct due to hunting by humans and what factor?","[""volcanic eruptions"", ""climate change"", ""migration change"", ""earthquakes""]",1,sciq
What conveys signals received by the eye to the brain?,"[""optic nerve"", ""sciatic nerve"", ""sensory nerve"", ""motor nerve""]",0,sciq
"Population size influences the chances of a species surviving, with very small populations generally at greatest risk of what fate?","[""adaptation"", ""extinction"", ""mutation"", ""accumulation""]",1,sciq
"Mineralocorticoids are hormones synthesized by the adrenal cortex that affect what balance, by regulating sodium and water levels?","[""blood pressure"", ""homeostasis"", ""equilibrium"", ""osmotic""]",3,sciq
"If a lake is polluted, which organism would most likely accumulate the highest concentration of contaminants?","[""bass"", ""minnows"", ""aquatic plants"", ""fish-eating birds""]",3,arc_easy
"As you go from farther away from an object to closer to it, the object will","[""get smaller"", ""hit you"", ""die"", ""get big""]",3,openbookqa
What do you call elements that contain only atoms of one type of element?,"[""native elements"", ""noble gases"", ""reactive elements"", ""typical elements""]",0,sciq
What devices convert mechanical energy to electric energy?,"[""electric generators"", ""transformation generators"", ""mechanical generators"", ""kinetic generators""]",0,sciq
Why can an Owl retain it's body temperature during the winter?,"[""It's neither"", ""It's both"", ""It's cold blooded"", ""It's warm blooded""]",3,openbookqa
A student plans to measure the thermal expansion of a strip of metal as it is heated from 0ºC to 50ºC. Which piece of equipment should he use to measure the expansion?,"[""a ruler"", ""a balance"", ""a compass"", ""a protractor""]",0,arc_easy
What organism carries out only fermentation or anaerobic respiration?,"[""metabolites"", ""aerobicc enzymes"", ""obligate anaerobes"", ""aldehydes""]",2,sciq
Which of the following relationships is true?,"[""Play-Doh can scratch diamond, therefore it is softer"", ""Diamond can scratch Play-Doh, therefore Play-Doh is harder"", ""Diamond can scratch Play-Doh, therefore diamond is harder"", ""Play-Doh can scratch diamond, therefore it is harder""]",2,openbookqa
What process provides more than 99% of energy?,"[""glycolysis"", ""photosynthesis"", ""cellular respiration"", ""nuclear fusion""]",1,sciq
What country put seven salyut space stations into orbit between 1971 and 1982?,"[""United States"", ""China"", ""Japan"", ""soviet union""]",3,sciq
which of these does a spinning motion?,"[""planet venus"", ""the earth"", ""planet mars"", ""all of these""]",3,openbookqa
"In animal skin tissue, cell division is responsible for","[""growth and repair"", ""sexual reproduction"", ""obtaining energy"", ""production of sex cells""]",0,arc_easy
"Diseases of the lungs, bronchial tubes, trachea, nose, and throat affect what organ system?","[""digestive"", ""respiratory"", ""heart"", ""skin""]",1,sciq
A substance that has two hydrogen atoms and an oxygen atom is,"[""green"", ""renewable"", ""alive"", ""radioactive""]",1,openbookqa
"If a cat has a body temp that is below average, it is in","[""good health"", ""a good place"", ""danger"", ""safe ranges""]",2,openbookqa
What is one of the most common biochemical compounds on earth and is found in all plants?,"[""carbon dioxide"", ""hydrogen"", ""cellulose"", ""sulfur""]",2,sciq
What is the term for preserved remains or traces of organisms that lived in the past?,"[""deposits"", ""bones"", ""remains"", ""fossils""]",3,sciq
With what does cytokinins act in concert to stimulate cell division and influence the pathway of differentiation?,"[""dna"", ""auxin"", ""ribosomes"", ""hormone""]",1,sciq
What does the driving of turbines by the heating of water to steam accomplish?,"[""depletion of electricity"", ""generation of electricity"", ""absorption of electricity"", ""diffusion of electricity""]",1,sciq
Which could be a possible way to prevent wildlife species from becoming endangered?,"[""drinking less water"", ""establishing more habitats"", ""cutting down more forests"", ""stopping underground coal mining""]",1,arc_easy
All metabolic functions carried out by a prokaryote take place in the plasma membrane or where else?,"[""extracellular"", ""Shell"", ""mitochondrial"", ""cytosol""]",3,sciq
One of the main features all vetebrates have in common is what?,"[""hard shell"", ""brain"", ""backbone"", ""skeleton""]",2,sciq
An idea that the universe originated with an explosion is supported by repeated observations of light from distant galaxies traveling away from Earth. An idea that has been tested repeatedly and is supported by repeated results is most likely a,"[""hypothesis."", ""theory."", ""law."", ""fact.""]",1,arc_easy
"Carpal, metacarpal and phalanx bones comprise what part of the body?","[""thumb"", ""hand"", ""foot"", ""pelvis""]",1,sciq
The smallest units of matter that retain the unique properties of an element are known as what?,"[""protons"", ""molecules"", ""neutrons"", ""atoms""]",3,sciq
"A person wants to find chloroplasts in great amounts, so they check","[""stems"", ""buds"", ""extended portions"", ""dry seeds""]",2,openbookqa
Making a pie produces a,"[""chemical reaction"", ""cake"", ""lots of sweat"", ""fear of ovens""]",0,openbookqa
A machine is any device that makes work easier by doing what?,"[""moving things"", ""changing a force"", ""removing barriers"", ""changing molecules""]",1,sciq
"If a blind person needs to know which cat has long hair and which has short hair, they can","[""look at it"", ""hear it"", ""grab it"", ""smell it""]",2,openbookqa
"When resources become limiting, populations follow a logistic growth curve in which the size will level off at a point called what?","[""believed capacity"", ""full capacity"", ""carrying capacity"", ""containing capacity""]",2,sciq
Which law refers to the electron charge remaining the same during transfer?,"[""law of conservation of charge"", ""law of change"", ""law of conservation of speculation"", ""law of construct of charge""]",0,sciq
A knife refuses to stick to a blanket due to,"[""luck"", ""gravity"", ""lack of magnetism"", ""tension.""]",2,openbookqa
What are sources of shelter for small animals?,"[""andesite"", ""wind"", ""sun"", ""air""]",0,openbookqa
"Compared to a regular swimmer, a scuba diver deals with more","[""heat"", ""pressure"", ""water"", ""air""]",1,openbookqa
What divide on their own by a process that resembles binary fission in prokaryotes?,"[""protazoa"", ""proteins"", ""mitochondria"", ""bacteria""]",2,sciq
"A drug company developed a pill to reduce cases of stomach virus. To test the medication, half of the participants got the pill with the new medicine and half got a sugar pill. Which term best identifies the participants who got a sugar pill?","[""control"", ""experimental"", ""dependent variable"", ""independent variable""]",0,arc_easy
"Extended stays in zero gravity are not healthy for human beings. thus, for the comfort of the astronauts, the station is rotated so that the astronauts feel there is what?","[""revealed gravity"", ""still gravity"", ""Fixed Gravity"", ""internal gravity""]",3,sciq
Earth orbiting the Sun causes,"[""the changing of the seasons."", ""daily tidal cycles."", ""day to become night."", ""the phases of the Moon.""]",0,arc_easy
What is the process in which a substance naturally moves from an area of higher to lower concentration called?,"[""diffusion"", ""osmosis"", ""convection"", ""activation""]",0,sciq
What is the apparatus used for carrying out an electrolysis reaction?,"[""an electrolytic cell"", ""catalyst"", ""an aqueous cell"", ""Golgi apparatus""]",0,sciq
"On the ventral side of the embryonic disc, opposite the amnion, cells in the lower layer of the embryonic disk (the hypoblast) extend into the blastocyst cavity and form this?","[""embryo sac"", ""neural sac"", ""algae sac"", ""yolk sac""]",3,sciq
A carp and a platypus share all attributes aside from,"[""blood heating ability"", ""egg laying"", ""having mouths"", ""having tails""]",0,openbookqa
What is found inside the pores of spongy bone?,"[""liquid marrow"", ""rupture marrow"", ""green marrow"", ""bone marrow""]",3,sciq
What causes cobalt chloride to turn pink?,"[""discussed 2 + ions"", ""show 2 + ions"", ""h20 + ions"", ""co 2+ ions""]",3,sciq
"What glands remove water, salts and other wastes from skin?","[""sex glands"", ""sweat glands"", ""water glands"", ""push glands""]",1,sciq
"Asexual, sexual, budding, and parthenogenesis are all forms of what?","[""reproduction"", ""hibernation"", ""absorption"", ""photosynthesis""]",0,sciq
Which are the best tools to use for growing and studying bacterial cultures?,"[""beakers"", ""Petri dishes"", ""microscopes"", ""graduated cylinders""]",1,arc_easy
What is the suns innermost layer called?,"[""core"", ""solar"", ""flare"", ""surface""]",0,sciq
Glaciers are slow-moving sheets of ice found on land. What process occurs when glacial ice is heated to 5° Celsius?,"[""evaporation"", ""freezing"", ""melting"", ""precipitation""]",2,arc_easy
"All of the chemical reactions that take place inside cells, including those that consume or generate energy, are referred to as what?","[""slowed metabolism"", ""genetic metabolism"", ""particles ' s metabolism"", ""cell ' s metabolism""]",3,sciq
Which of the following is the most basic need for a plant?,"[""shade"", ""heat"", ""water"", ""sand""]",2,arc_easy
a producer is a source of energy for,"[""shoes"", ""poetry"", ""external food eaters"", ""rubber""]",2,openbookqa
"The distribution of thermal speeds depends strongly on temperature. as temperature increases, the speeds are shifted to higher values and the distribution is what?","[""decreased"", ""improved"", ""broadened"", ""removed""]",2,sciq
Only finished mrnas are exported from the nucleus to what?,"[""amino acids"", ""cerebellum"", ""cytoplasm"", ""electron""]",2,sciq
"In a medium, the closer the distribution of the material gets to what state, the slower the rate of diffusion becomes?","[""erosion"", ""gas"", ""equilibrium"", ""elastic""]",2,sciq
Some berries may be eaten by,"[""a bear or person"", ""a bear or shark"", ""a bear or lion"", ""a bear or wolf""]",0,openbookqa
Which term is an example of a life process?,"[""coloration"", ""camouflage"", ""migration"", ""reproduction""]",3,arc_easy
Which of the following is the main role of flowers found on most flowering plants?,"[""to take in air"", ""to produce seeds"", ""to absorb nutrients"", ""to protect the stem""]",1,arc_easy
An example of a conductor might be,"[""carrots"", ""wood"", ""a nickel"", ""magic""]",2,openbookqa
"What do you call scientists that study the weather, specifically?","[""hydrologists"", ""forecasters"", ""meteorologists"", ""geologists""]",2,sciq
"Due to extreme pressure, the inner core of Earth is","[""solid."", ""liquid."", ""gas."", ""plasma.""]",0,arc_easy
"In order to survive and maintain what state, an organism must quickly adapt to changing environmental conditions?","[""ketosis"", ""acclimatization"", ""regulation"", ""homeostasis""]",3,sciq
Overpopulation may result,"[""from the deaths of many organisms"", ""from a boom in reproduction of an organism"", ""from natural predators hunting organisms"", ""from organisms self regulating their population""]",1,openbookqa
raccoons eat what?,"[""debris"", ""people"", ""fire"", ""dirt""]",0,openbookqa
Which reflects light?,"[""mirror"", ""camera"", ""telescope"", ""eyeglasses""]",0,arc_easy
Animals without teeth sometimes eat,"[""seeds"", ""bears"", ""humans"", ""whales""]",0,openbookqa
"What broad group of animals - which includes rats, dogs and camels - have highly developed brains and often perform work for humans?","[""arachnids"", ""reptiles"", ""amphibians"", ""mammals""]",3,sciq
What are the names of the products in the chemical equation shown below? HCl + NaHCO_{3} -> NaCl + CO_{2} + H_{2}O,"[""hydrochloric acid and sodium carbonate"", ""sodium chloride, carbon dioxide, and water"", ""hydrogen chloride and sodium bicarbonate"", ""sodium chloride, carbon monoxide, and dihydrogen oxide""]",1,arc_easy
What kind of potentially harmful compounds can barbecuing food create?,"[""mutagens"", ""carcinogens"", ""enzymes"", ""triglycerides""]",1,sciq
How many times does the Earth complete a revolution around the sun in a decade?,"[""twelve"", ""one"", ""ten"", ""two""]",2,openbookqa
Arctic animals often live on,"[""ice"", ""soil"", ""liquid water"", ""plants""]",0,openbookqa
"While hiking last year, Mike saw a large boulder next to a mountain trail. The boulder had no cracks. While hiking on the trail this year, he saw two large cracks in the boulder. Which of the following most likely caused these cracks to form?","[""shaking from high winds"", ""pressure from flowing water"", ""erosion due to falling rain and snow"", ""weathering due to freezing and thawing""]",3,arc_easy
"Low yields of nitric oxide, no, form when heating nitrogen and oxygen together. no also forms when lightning passes through air during this?","[""thunderstorms"", ""snowstorms"", ""tornadoes"", ""tidal waves""]",0,sciq
Omnivores are animals that eat both plant- and?,"[""recycled food"", ""liquid diets"", ""biofuel"", ""animal-derived food""]",3,sciq
What keeps various species from mating and reproducing outside their own species?,"[""digestive system incompatibility"", ""brain organ incompatibility"", ""reproductive organ incompatibility"", ""cancer organ incompatibility""]",2,sciq
What is the best way to guess a babies eye color?,"[""The surroundings they are born in."", ""Their parents usual diet."", ""Just take a random guess."", ""The genealogy records of their family.""]",3,openbookqa
Where would a polar bear be happiest?,"[""wherever an igloo could be built"", ""in a pile of fake snow in the desert"", ""in the same country where kangaroos live in the wild"", ""in a heated house""]",0,openbookqa
What are the ionic compounds that produce negative hydroxide ions when dissolved in water?,"[""isotopes"", ""acids"", ""bases"", ""enzymes""]",2,sciq
"Organs of what male biological system include the penis, testes, and epididymis?","[""immune system"", ""romantic system"", ""reproductive system"", ""circulatory system""]",2,sciq
"When a solution freezes, only what particles come together to form a solid phase, while the presence of solute particles interferes with that process?","[""pigment"", ""hydrogen"", ""diluent"", ""solvent""]",3,sciq
What is a body of freshwater that flows downhill in a channel?,"[""a stream"", ""an eddy"", ""a creek"", ""a river""]",0,sciq
What increases the number of pollinators a flower will attract?,"[""The amount of petals"", ""The amount of of fragrance the flower has"", ""The height of the stem"", ""The amount of leaves on the stem""]",1,openbookqa
What is more likely to have caused pollution in the air?,"[""it developed on its own"", ""a hurricane"", ""an action by a business"", ""a flock of birds""]",2,openbookqa
Cyanobacteria are bluish green in color because they contain what?,"[""chloroplasts"", ""microbial"", ""chlorophyll"", ""carbonate""]",2,sciq
What does photosynthesis change light energy into?,"[""electrical energy"", ""carbon energy"", ""chemical energy"", ""radiation energy""]",2,sciq
Where do plants get energy from to make food?,"[""air"", ""soil"", ""water"", ""sunlight""]",3,arc_easy
"Which organ protects the body from injury, water loss, and microorganisms?","[""kidney"", ""skin"", ""liver"", ""stomach""]",1,sciq
A coal miner would is most likely to get,"[""wet"", ""dirty"", ""sunburned"", ""windburned""]",1,openbookqa
What does the placenta sustain during pregnancy?,"[""the heart"", ""the mother"", ""the fetus"", ""the endocrine system""]",2,sciq
What are 3 types of light?,"[""complementary, incandescent, fluorescent"", ""infrared, visible, ultraviolet"", ""solar , visible , ultraviolet"", ""diffuse, ambient, opaque""]",1,sciq
Plants can use what as a pollinator?,"[""bees wax"", ""small extinct birds"", ""rhinos"", ""windy air""]",3,openbookqa
"In prokaryotes, what is composed of a single, double-stranded dna molecule in the form of a loop or circle?","[""allele"", ""rNA"", ""chromosomes"", ""genome""]",3,sciq
Putting heat on and around something like the following can cause a chemical reaction:,"[""a marble slab"", ""carrot cake batter"", ""a stone"", ""a dirt patch""]",1,openbookqa
Chloroplasts are the little green particles in plants made up of what colorful pigment?,"[""verdigris"", ""carbonate"", ""chlorophyll"", ""melanin""]",2,sciq
A crow that becomes used to a scarecrow and lands on it is an example of what?,"[""habituation"", ""adaptation"", ""dissociation"", ""assimilation""]",0,sciq
"If pollination and fertilization occur, a diploid zygote forms within an ovule, located where","[""bladder"", ""uterus"", ""ovary"", ""testicle""]",2,sciq
The distance that light can travel in a year is known as what?,"[""earth year"", ""beam year"", ""light year"", ""solar year""]",2,sciq
"When animals get rid of their gaseous waste, what is exhaled through their mouth and nose?","[""carbon dioxide"", ""carbon monoxide"", ""hydrogen"", ""oxygen""]",0,sciq
Energy from the Sun changes a liquid to a gas by the process of,"[""condensation."", ""evaporation."", ""freezing."", ""melting.""]",1,arc_easy
The lungs are a series of ever-narrowing tubes that end in a myriad of tiny sacs called what?,"[""alveoli"", ""testes"", ""glands"", ""brachii""]",0,sciq
Which of the following relationships are true?,"[""lemons :: sound energy"", ""doorbells :: sound energy"", ""doorbells :: light energy"", ""lightbulbs :: sound energy""]",1,openbookqa
A pollutions standard is something which,"[""will hopefully limit the amount of damage done to the environment by large producers"", ""a standard that gets applied to every person"", ""a way to get factories to make more product"", ""the best way to reduce poisoning the trees in Michigan""]",0,openbookqa
"A man wants to create a room that he can light up with the flick of a switch. To do this, he sends some electricity into a completed electrical circuit, through a conductor, which allows","[""light from the sun to shine"", ""lights to be burned out"", ""sunlight to shine through bulbs"", ""his plan to succeed""]",3,openbookqa
Turbines churning seawater can be used to produce what?,"[""a charge for appliances"", ""large quantities of soup"", ""large schools of fish"", ""creating some sharp cheese""]",0,openbookqa
All these statements concerning galaxies are accurate except,"[""They contain millions of stars."", ""Most can be seen without a telescope."", ""They are millions of light-years apart."", ""Space contains several billion galaxies.""]",1,arc_easy
"When the Earth is tilted on its axis, as it always is, certain tilts will make it summer one once continent","[""and birds fly around the moon"", ""and beans grow on the other side"", ""and another's celebrating Halloween"", ""and a desert on another""]",2,openbookqa
What is the electron domain geometry of ammonia?,"[""membranes"", ""tetrahedral"", ""neurons"", ""atoms""]",1,sciq
The sex of developing crocodilians is determined by what during incubation?,"[""the color of the eggs"", ""the size of the eggs"", ""the location of the eggs"", ""the temperature of the eggs""]",3,sciq
Which condition is the only autosomal trisomy where an affected individual may survive to adulthood?,"[""dwarfism"", ""progeria"", ""type 1 diabetes"", ""down syndrome""]",3,sciq
Teresa is making a list of the similarities and differences between a euglena and a volvox cell. In which way is the euglena different from the volvox cell?,"[""A euglena can respond to light."", ""A euglena can live in fresh water."", ""A euglena can regulate water intake."", ""A euglena can only reproduce asexually.""]",3,arc_easy
What are the lipids containing phosphorus?,"[""eukaryotes"", ""phospholipids"", ""alkaloids"", ""hemoglobin""]",1,sciq
What property means that something can return to its original shape after being stretched or compressed?,"[""viscosity"", ""elasticity"", ""friction"", ""homeostasis""]",1,sciq
What kind of muscle relationship generally produces back-and-forth movement of a body part?,"[""complementary muscles"", ""cooperative muscles"", ""antagonistic muscles"", ""synchronized muscles""]",2,sciq
What is a collection of lymphatic tissue that combines with epithelial tissue lining the mucosa throughout the body?,"[""mucosa associated lymphoid tissue (malt)"", ""spheroids associated lymphoid tissue ( malt )"", ""cottony associated lymphoid tissue ( malt )"", ""unassociated lymphoid tissue""]",0,sciq
Which is an example of a group of cells with a common structure and function?,"[""stomach"", ""muscle tissue"", ""mitochondria"", ""digestive system""]",1,arc_easy
Which occurs as a result of Earth's tilt on its rotating axis?,"[""movement of the tides"", ""prevalent or trade winds"", ""seasonal changes in the climate"", ""light and dark changes of day and night""]",2,arc_easy
What are lipids that contain phosphorus called?,"[""phospholipids"", ""alkaloids"", ""eukaryotes"", ""amino acids""]",0,sciq
In which area does conduction mainly happen?,"[""higher atmosphere"", ""lower atmosphere"", ""mesosphere"", ""thermosphere""]",1,sciq
"What is extracted from rock by heap leaching, flotation, or smelting?","[""methane"", ""copper"", ""fuel"", ""ore""]",3,sciq
"According to early accounts, newton was inspired to make the connection between falling bodies and astronomical motions when he saw an apple fall from a tree and realized that if the gravitational force could extend above the ground to a tree, it might also reach this?","[""stars"", ""moon"", ""sun"", ""horizon""]",2,sciq
"Compounds that are capable of accepting electrons, such as o 2 or f2, are called what?","[""oxidants"", ""Oxygen"", ""residues"", ""antioxidants""]",0,sciq
What involves sensing and focusing light from people and objects?,"[""vision"", ""sensory perception"", ""projection"", ""echolocation""]",0,sciq
The mature pollen grain is composed of two cells: the pollen tube cell and which other cell?,"[""generative cell"", ""glial cell"", ""photosynthesis cell"", ""ova""]",0,sciq
the closest star to the human planet delivers solar energy to the planet,"[""maybe"", ""the moon"", ""this is uncertain"", ""this is affirmative""]",3,openbookqa
What is the large muscle that extends across the bottom of the chest below the lungs called?,"[""diaphragm"", ""pectoral"", ""abdomen"", ""uterus""]",0,sciq
Volcano chains form as an oceanic plate moves over what?,"[""dust spot"", ""hot spot"", ""melt spot"", ""Water spot""]",1,sciq
What makes up the dense outer layer of bones?,"[""marrow"", ""scales"", ""compact bone"", ""cartilage""]",2,sciq
Roger poured water over a pile of sand. Some of the sand washed away. This process is similar to which of the following?,"[""The eruption of a volcano"", ""The erosion of the walls of a canyon"", ""The uplifting of mountain ranges"", ""The forming of dunes or mounds in a desert""]",1,arc_easy
"Fragmentation with subsequent regeneration is a method of what, exhibited by animals such as sea stars?","[""asexual reproduction"", ""bacteria reproduction"", ""microscopic reproduction"", ""sexual reproduction""]",0,sciq
The conversion factor between solubility and molar solubility of a compound is known as what?,"[""mass effect"", ""molar mass"", ""molar value"", ""stochastic mass""]",1,sciq
Some blind people have demonstrated bat-like skills by:,"[""sensing shapes by light and shadows"", ""having a unusually strong sense of smell"", ""sensing nearby objects by temperature change"", ""using sound to 'see'""]",3,openbookqa
What is the common name of mixtures of hydrocarbons that formed over millions of years from the remains of dead organisms?,"[""fossil record"", ""renewable resources"", ""fossil fuels"", ""non-renewable fuel""]",2,sciq
"Potential energy is not only associated with the location of matter, but also with the structure of matter. even a spring on the ground has potential energy if it is what?","[""ignored"", ""watched"", ""coupled"", ""compressed""]",3,sciq
A shrew requires this for survival.,"[""radiation"", ""air"", ""silicone"", ""clothes""]",1,openbookqa
Cooling a mixture of equal parts nitric oxide and nitrogen dioxide to −21 °c produces what?,"[""nitrate trioxide"", ""chloride trioxide"", ""carbon trioxide"", ""dinitrogen trioxide""]",3,sciq
Hormones often regulate what through antagonistic functions?,"[""homeostasis"", ""consciousness"", ""breathing"", ""hypothesis""]",0,sciq
"What normally prevent a positively charged particle from colliding and reacting with a positively charged nucleus, but may be overcome by kinetic energy?.","[""kinetic repulsions"", ""toxic repulsion"", ""electrostatic repulsions"", ""evaporation repulsions""]",2,sciq
"The male gametophyte releases what, which swim - propelled by their flagella - to reach and fertilize the female gamete or egg?","[""sperm"", ""tadpoles"", ""dna"", ""cytoplasm""]",0,sciq
Which is likely to be a step in a shrub's reproductive process?,"[""a logger chops the shrub down"", ""a fire ravages the shrub and its local ecosystem"", ""a human makes a smoothie out of some raspberries"", ""a hare eats its berries and deposits leftovers far away""]",3,openbookqa
Water is bubbling. What characteristic is it likely to have?,"[""intense heat"", ""cool water"", ""melted water"", ""easier to transport""]",0,openbookqa
Which process causes rocks at the earth's surface to change form?,"[""bleaching"", ""remodeling"", ""weathering"", ""eroding""]",2,sciq
What disease is generally caused by mutations in genes that regulate the cell cycle?,"[""heart disease"", ""arthritis"", ""cancer"", ""pneumonia""]",2,sciq
"When a seed is produced by apomixis, the embryo develops without what?","[""infection"", ""fertilization"", ""infection"", ""stimulation""]",1,sciq
What part of the eye allows light to enter?,"[""eyelid"", ""pupil"", ""iris"", ""retina""]",1,sciq
What work together in pairs to bend or straighten a joint?,"[""nerve fibers"", ""collagen bands"", ""cartilage tissues"", ""muscles""]",3,sciq
A weak and temporary dipole that influences nearby atoms through electrostatic attraction and repulsion is known as what?,"[""an instantaneous dipole"", ""an incomplete dipole"", ""an debased dipole"", ""a fused dipole""]",0,sciq
Which best describes why winds at the beach change direction between day and night?,"[""because the temperatures over land and over water change"", ""because warm air over land sinks and stays in place over land"", ""because cool air rises and is replaced by warm air from the ocean"", ""because cool air sinks and stays in place over land""]",0,arc_easy
"A student placed an ice cube on a plate in the sun. Ten minutes later, only water was on the plate. Which process caused the ice cube to change to water?","[""condensation"", ""evaporation"", ""freezing"", ""melting""]",3,arc_easy
The metacarpophalangeal joints in the finger are examples of what kind of joints?,"[""fibrous"", ""saddle"", ""hinge"", ""condyloid""]",3,sciq
A series of arches that support the gills of aquatic amphibians and fish are known as what?,"[""branchial arches"", ""aquatic arches"", ""scythian arches"", ""cochlear arches""]",0,sciq
What is in the soil that causes mars to look red?,"[""carbon"", ""iron"", ""sand"", ""garnet""]",1,sciq
The creation of a voltage across a current-carrying conductor by a magnetic field is known as what?,"[""hall effect"", ""newton effect"", ""show effect"", ""off effect""]",0,sciq
Turning a piece of paper into a ball is an example of,"[""folding"", ""flattening"", ""squashing"", ""restoring""]",2,openbookqa
The news often talks about how global warming could change environmental conditions on Earth. Which best explains why global warming is such a concern?,"[""Glaciers will advance."", ""The sea level will rise."", ""Earthquake activity will increase."", ""The overall temperature will decrease.""]",1,arc_easy
Which system carries out long-distance transport of materials between the root and shoot systems?,"[""circulatory tissue system"", ""vascular tissue system"", ""perceptual tissue system"", ""reproductive tissue system""]",1,sciq
Which of the following causes a chemical change?,"[""sugar added to soda"", ""detergent added to water"", ""lemon juice added to milk"", ""salt added to water""]",2,arc_easy
Shivering helps the body return to a stable what?,"[""pH level"", ""temperature"", ""mood"", ""weight""]",1,sciq
"Gram-negative bacteria have a cell wall made of peptidoglycan, whereas gram-positive bacteria have a cell wall made of what?","[""choanocyte acid"", ""solmization acid"", ""hydrolic acid"", ""lipoteichoic acid""]",3,sciq
In which process do signaling molecules from embryonic cells cause transcriptional changes in nearby target cells?,"[""replication"", ""induction"", ""orientation"", ""maturation""]",1,sciq
All animals need air to survive. An insect gets air through tiny holes on the sides of its body. A whale breathes through a blow hole. What body part do fish use to breathe?,"[""gills"", ""skin"", ""nose"", ""mouth""]",0,arc_easy
Which animal interacts most with a peony?,"[""human"", ""bee"", ""elephant"", ""worm""]",1,openbookqa
Which animal will eat only plants?,"[""snake"", ""fish"", ""slug"", ""deer""]",3,openbookqa
Folding up rocks can happen when,"[""deer shiver"", ""snakes rattle"", ""birds quiver"", ""bunkers shake""]",3,openbookqa
What are mammals called that reproduce by laying eggs?,"[""marsupials"", ""monotremes"", ""amphibians"", ""Fish""]",1,sciq
What is a measure of the amount of space a substance or an object takes up?,"[""speed"", ""density"", ""mass"", ""volume""]",3,sciq
studying a soil sample means studying the microorganisms in the,"[""dirt"", ""air"", ""lava"", ""water""]",0,openbookqa
Plants that are different from each another may have similar structures. Which structure do all plants have in common?,"[""flowers"", ""fruit"", ""roots"", ""trunks""]",2,arc_easy
What are the messenger molecules of the endocrine system?,"[""neurons"", ""enzymes"", ""hormones"", ""acids""]",2,sciq
"Conversely, very large forces are created by liquids and solids when they try to expand but are constrained from doing so—which is equivalent to compressing them to less than their normal volume. this often occurs when a contained material warms up, since most materials expand when they do this?","[""increase density"", ""increase mass"", ""increase temperature"", ""decrease temperature""]",2,sciq
Many cities encourage people to recycle. The items that can be recycled are placed in a special container and picked up each week from people's homes. How does recycling most likely help the environment?,"[""Recycling reduces littering."", ""Recycling makes products last longer."", ""Recycling puts less trash in the city landfill."", ""Recycling increases the amount of dust in the air.""]",2,arc_easy
What blood pressure reading measures the pressure in the vessels between heartbeats?,"[""metabolic"", ""diastolic"", ""systolic"", ""plasma""]",1,sciq
What type of chemistry is the study of the composition of matter?,"[""analytical"", ""reactive"", ""symbolic"", ""philosophical""]",0,sciq
"Spontaneous reactions release what type of energy, meaning it is available to do work?","[""potential energy"", ""radioactive energy"", ""free energy"", ""kinetic energy""]",2,sciq
Meadow vales are,"[""carnivores"", ""hard of hearing"", ""very large"", ""potatoes""]",1,openbookqa
Which hormone is secreted by the pancreas in a human body?,"[""growth hormone"", ""progesterone"", ""estrogen"", ""insulin""]",3,sciq
"""endocrine"" and ""exocrine"" are two types of what?","[""organs"", ""fluids"", ""glands"", ""cells""]",2,sciq
Why does neptune's appearance change?,"[""the seasons"", ""the changing orbit"", ""the speed of rotation"", ""turbulent atmosphere""]",3,sciq
What kind of solids have particles that are arranged in a regular repeating pattern?,"[""carbon-based solids"", ""crystalline solids"", ""metabolic solids"", ""salts""]",1,sciq
Wetlands are extremely important as an ecosystem and as a filter for what?,"[""wind"", ""pollutants"", ""storms"", ""clouds""]",1,sciq
Water affects the availability of what important element in aquatic environments and in flooded soils?,"[""oxygen"", ""nitrogen"", ""carbon dioxide"", ""carbon""]",0,sciq
What cellular structure is used during endocytosis to allow molecules to enter the cell?,"[""nucleus"", ""vesicles"", ""membranes"", ""tissues""]",1,sciq
It's most likely to rain when the color of the sky looks,"[""Seven"", ""eggshells"", ""meteor strike"", ""dark and Silvery""]",3,openbookqa
Marta has a radio in her room. It requires electricity in order to play. Which of the following is necessary in order for electricity to move from the source to the radio?,"[""a circuit"", ""a magnet"", ""a light bulb"", ""an insulator""]",0,arc_easy
"During its lifetime, which object is known to change in brightness, color, and temperature?","[""star"", ""moon"", ""asteroid"", ""planet""]",0,arc_easy
The complete hydrolysis of starch yields what?,"[""glutamate"", ""insulin"", ""glucose"", ""sucrose""]",2,sciq
Newly made proteins are modified in which organelle?,"[""ribosome"", ""endoplasmic reticulum"", ""mitochondrion"", ""nuclear envelop""]",1,arc_easy
Roundworms are intervertebrates that belong to which phylum?,"[""nematoda"", ""Gordiacea"", ""amoebozoa"", ""annelida""]",0,sciq
Matter that is vibrating is producing ___.,"[""gas"", ""light"", ""sound"", ""shadows""]",2,arc_easy
What happens to water vapor as it rises?,"[""it warms"", ""it vibrates"", ""it cools"", ""it disperses""]",2,sciq
As altitude increases air pressure will do what?,"[""increase"", ""rise"", ""fly"", ""plummet""]",3,openbookqa
At which location are oceans the deepest?,"[""Mid-ocean ridge"", ""Abyssal plain"", ""Ocean trench"", ""Volcanic island""]",2,arc_easy
Minerals that are not pure elements are made of what?,"[""isotopes"", ""chemical compounds"", ""metalloids"", ""noble gases""]",1,sciq
What are bundles of collecting ducts that transport urine made by nephrons to the calyces of the kidney for excretion?,"[""cartoid"", ""esophagus"", ""cuticle"", ""papillae""]",3,sciq
"if the earth was a living room, what can be done to melt the glaciers?","[""someone would turn up the room heater"", ""someone would turn up the air conditioner"", ""someone would turn up the music"", ""someone would turn on the light""]",0,openbookqa
"In the heart there is a group of specialized cells that regulates the frequency of the heartbeat. During strenuous exercise, the group of cells will most likely","[""cause the arteries to expand."", ""decrease the heart rate."", ""increase the heart rate."", ""send fewer signals.""]",2,arc_easy
Which of the following actions qualifies as cooking food?,"[""setting it in the sun"", ""shaking it up and down"", ""putting it in the freezer"", ""running it under water""]",0,openbookqa
"What type of joint are ball-and-socket, hinge, and pivot examples of?","[""movable"", ""artificial"", ""fixed"", ""retractable""]",0,sciq
Decaying vegetation is part of the process that,"[""enables nuclear power to function"", ""enables to emitting of light beams"", ""enables gas powered motors to operate"", ""enables windmills to power electric grids""]",2,openbookqa
"The human body is composed of different systems made of specialized cells, tissues, and organs. Each of these structures has a specific function that aids in the survival of the human species. Which organs are used in reproduction?","[""brain, spinal cord, and eyes"", ""lungs, esophagus, and heart"", ""mouth, stomach, and gallbladder"", ""ovaries, uterus, and fallopian tubes""]",3,arc_easy
The regulation of gene expression is extremely important during the development of what?,"[""cells"", ""protein"", ""tissues"", ""organism""]",3,sciq
Which is most likely a pollinating animal?,"[""bear"", ""spider"", ""Anthophila"", ""crocodile""]",2,openbookqa
A person with a pet amphibian will likely feed it,"[""deer"", ""wax"", ""steak"", ""meal worms""]",3,openbookqa
A guy wants to be able to remember the evening. He can be sure that he has a visual and audio backup of the night by,"[""bringing his camera"", ""bringing his son"", ""bringing a drink"", ""bringing a chair""]",0,openbookqa
What is the name of a long and low hill of sediments which have been deposited by a glacier?,"[""a mountain"", ""a drumlin"", ""a floodplain"", ""a crag""]",1,sciq
To replenish the shade in a city that had been provided by trees that were felled by a storm:,"[""grow gills and live on a raft"", ""use a large lawn mower"", ""get out your weed whacker"", ""introduce replacement timber items""]",3,openbookqa
"A person takes buckets of water from the house and begins to add it to a pond in the yard. After a certain point, the pond","[""bloats"", ""breaks"", ""sinks"", ""drowns""]",0,openbookqa
Organisms can be preserved in,"[""Sandstone"", ""Water pipes"", ""Cars."", ""Trees""]",0,openbookqa
"What ear structure has three fluid filled ducts, including the organ of corti, where sound waves in air go to vibration?","[""semicirciular canal"", ""saccule"", ""cochlea"", ""utricle""]",2,sciq
What term describes an imbalance of attractive forces between liquid molecules at the surface of a liquid?,"[""currents tension"", ""molecular tension"", ""obsolute tension"", ""surface tension""]",3,sciq
Which is the most likely scenario,"[""squirrels save nuts when summer is hotter than the current season"", ""squirrels never save food"", ""squirrels eat when it rains outside only"", ""squirrels save nuts when humans make them""]",0,openbookqa
"If the Earth did not tilt on its axis in relation to the sun, which of the following would also be true?","[""There would be no seasons."", ""One Earth-year would be 14% longer."", ""The Earth would spin at a different rate."", ""Temperatures at the Earth's equator would cool.""]",0,arc_easy
"On the edge of many deserts, there is a delicate area with abundant vegetation. Sometimes cattle are allowed to graze in these areas. The hooves of the cattle compact the topsoil making it less absorbent. Which environmental concern is most likely to happen at the edge of the desert when cattle graze there?","[""erosion"", ""nutrient depletion"", ""atmospheric heating"", ""groundwater contamination""]",0,arc_easy
Love canal was an infamous example of what type of pollution?,"[""industrial waste dumping"", ""Land Pollution"", ""Visual Pollution"", ""thermal pollution""]",0,sciq
Which of the following comprises the energy that fuels a toaster?,"[""microns"", ""protons"", ""electrons"", ""TRONs""]",2,openbookqa
What do you call people who study science and are experts in one or more fields of science?,"[""chemists"", ""animals"", ""doctors"", ""scientists""]",3,sciq
"All natural resources on Earth are either renewable or nonrenewable. Whether a resource is renewable or nonrenewable depends on how fast or slow the resource is replaced. If the resource is used faster than it is replaced, then the resource will, in time, disappear. Which statement describes the use of a renewable natural resource?","[""A home burns natural gas for heat."", ""A city burns coal to generate electricity."", ""A farmer plants different types of crops to protect the soil."", ""A construction crew builds a road from rock, sand, and gravel.""]",2,arc_easy
Young eutherians complete their embryonic development within what?,"[""pollen grains"", ""ovaries"", ""spores"", ""uterus""]",3,sciq
A company is making prototypes for a new computer system. Which of the following statements best describes an advantage of making several different prototypes?,"[""They can be tested at the same time."", ""They can be produced in large numbers."", ""They will be bought by many different users."", ""They will be sold for more than they cost to build.""]",0,arc_easy
"When electrons move from one atom to another, they become what?","[""particles"", ""ions"", ""atoms"", ""neons""]",1,sciq
"How long might a bear likely to remain its den without eating, drinking, or excreting after November?","[""The first few weeks of December"", ""Until it hears the call of the wild"", ""For around twenty weeks"", ""until hunters kill it for its pelt""]",2,openbookqa
Air is made up of many gases. Which gas is found in the greatest amount?,"[""Nitrogen"", ""Oxygen"", ""Carbon dioxide"", ""Hydrogen""]",0,arc_easy
The order of the elements in the periodic table is determined by their,"[""abundance in nature."", ""number of protons."", ""number of isotopes."", ""atomic mass.""]",1,arc_easy
Where are hormones released?,"[""bloodstream"", ""lungs"", ""brain"", ""liver""]",0,sciq
"In the Adirondack forests of New York, some trees have died. The change in the forest is thought to be related to air pollution and rain. Which abiotic factor most likely has been changed as a result of the pollution and rain which resulted in the death of the trees?","[""a decrease in the amount of available oxygen"", ""an increase in the amount of sunlight"", ""a decrease in the pH of the soil"", ""an increase in soil nutrients""]",2,arc_easy
What kind of climates are found at or near the equator?,"[""tropical climates"", ""tundra"", ""arctic climates"", ""dry grasslands""]",0,sciq
"In genetics, what does it mean when the amount is longer since the amount of time since a species diverged?","[""greater differences in dna"", ""tilt differences in dna"", ""Less difference in DNA"", ""greater making in dna""]",0,sciq
What decreases in an environment as the amount of rain increases?,"[""solar light"", ""water"", ""rivers"", ""hydration""]",0,openbookqa
"The human immunodeficiency virus (HIV) causes AIDS. The first known human cases AIDS were in Africa in the late 1950s. Since then, tens of millions of people have died from the disease, and tens of millions more people all over the world are infected. Which term best describes the disease AIDS?","[""isolated cases"", ""outbreak"", ""epidemic"", ""pandemic""]",3,arc_easy
"The hardest natural substance, diamond is a form of what element?","[""zirconium"", ""carbon"", ""hydrogen"", ""zenon""]",1,sciq
What is the process by which plants and animals increase in size?,"[""birth"", ""growth"", ""activity"", ""reproduction""]",1,sciq
"What kingdom of organisms is characterized by having sensory organs, movement, and internal digestion?","[""animals"", ""fungi"", ""plants"", ""bacteria""]",0,sciq
What is the only amphibian without legs?,"[""alligators"", ""frogs"", ""newts"", ""caecilians""]",3,sciq
What do we call the seasonal movement of animals?,"[""population"", ""migration"", ""immigration"", ""trade""]",1,sciq
The theory of evolution by what (and other processes) explains both the diversity of organisms and how populations of organisms change over time?,"[""natural evolution"", ""characteristic selection"", ""natural selection"", ""genocide""]",2,sciq
What determines whether a volcanic eruption will be explosive or not?,"[""lava temperature"", ""magma velocity"", ""thickness of magma"", ""curve of magma""]",2,sciq
Which particles make up the mass of an atom?,"[""protons and neutrons"", ""protons and electrons"", ""neutrons and molecules"", ""electrons and molecules""]",0,arc_easy
Why might wolves a new area where a lot of deer live?,"[""The wolves eat the same things that the deer eat"", ""They wanted to be friends with the deer."", ""The wolves stay near the deer for protection"", ""The wolves use the deer for nutrition""]",3,openbookqa
"Osteoporosis, osteoarthritis, fractures, and sprains are problems affecting what system?","[""skeletal system"", ""nervous system"", ""tissues system"", ""digestive system""]",0,sciq
"In plants and algae, photosynthesis takes place in which organelles?","[""chloroplasts"", ""fibroblasts"", ""cells"", ""stems""]",0,sciq
Covalent solids are formed by networks or chains of atoms or molecules held together by what?,"[""ionic bonds"", ""bail bonds"", ""covalent bonds"", ""gravitational bonds""]",2,sciq
Some compounds form rigid frameworks called what?,"[""grids"", ""ions"", ""crystals"", ""chemicals""]",2,sciq
"What can destroy living cells, produce mutations and cause cancer?","[""plasma rays"", ""gamma rays"", ""prismatic rays"", ""stingrays""]",1,sciq
Violet and red are two types of what kind of light?,"[""infrared"", ""visible"", ""radioactive"", ""ultraviolet""]",1,sciq
When do the eggs in a female's ovaries start to mature?,"[""maturity"", ""adolescence"", ""adulthood"", ""puberty""]",3,sciq
If a tree is cut down what will happen to it?,"[""vitality extinguishing"", ""growth"", ""vigor"", ""life""]",0,openbookqa
Dolphins use echolocation to hunt for,"[""santa claus"", ""school children"", ""tasty morsels"", ""direction in life""]",2,openbookqa
Sound travels as a,"[""wave without a medium."", ""series of compressions only."", ""pattern of up and down vibrations."", ""pattern of compressions and rarefactions.""]",3,arc_easy
An example of an adult animal laying eggs is all aside from,"[""penguins"", ""snakes"", ""turtles"", ""kittens""]",3,openbookqa
The products of photosynthesis are glucose and what else?,"[""carbon"", ""hydrogen"", ""oxygen"", ""nitrogen""]",2,sciq
The body contains how many types of muscle tissue?,"[""two"", ""seven"", ""four"", ""three""]",3,sciq
The largest region of each of the palatine bone is the what?,"[""big plate"", ""abnormal plate"", ""horizontal plate"", ""magnetic plate""]",2,sciq
What processes involve a transfer of electrons between the wire and the solution?,"[""radioactive"", ""magnetic"", ""thermal"", ""electrochemical""]",3,sciq
Organisms that live in freshwater environments often possess a contractile vacuole that prevents cells from taking in too much water through what process?,"[""electrolysis"", ""glycolysis"", ""hemostasis"", ""osmosis""]",3,sciq
The part of the ecosystem required by a particular species is endangered when human activity threatens loss of what?,"[""habitat"", ""primary speciation"", ""biodiversity"", ""primary producers""]",0,sciq
What is produced by the reaction of metal oxide with water?,"[""heat energy"", ""rust"", ""hydrogen gas"", ""soluble metal hydroxides""]",3,sciq
"Some molecules used to manufacture plastic objects are long and tangled. They straighten when force is applied to them and then return to their shorter, tangled shape. Which common object is most likely made using such molecules?","[""helmet shells"", ""rubber bands"", ""plumbing pipes"", ""drinking cups""]",1,arc_easy
More sleep leads to,"[""worst health"", ""restlessness"", ""insomnia"", ""sense of well-being""]",3,openbookqa
Examples of hypothesis is,"[""September 11th was a terrorist attack"", ""Rain falls from the sky"", ""Fish swim in water"", ""Drinking sugary drinks daily leads to obesity""]",3,openbookqa
Sister chromatids separate as part of anaphase in what process?,"[""mitosis"", ""vesicles"", ""angiogenesis"", ""osmosis""]",0,sciq
"Potassium, calcium, and magnesium are considered what kind of nutrients?","[""macronutrients"", ""minor nutrients"", ""major nutrients"", ""micronutrients""]",0,sciq
A student is measuring a liquid in a graduated cylinder. The student is not tall enough to read the measurement at eye level. Which of these is the best action for the student to take to read the measurement correctly?,"[""stand on a chair"", ""estimate the amount"", ""pour out some of the liquid until it is at eye level"", ""move the graduated cylinder to a lower table""]",3,arc_easy
What is the name for substances with a ph above 7?,"[""acid"", ""bases"", ""protein"", ""nutrient""]",1,sciq
"Ethanol is a type of alcohol made from plants. Sugarcane and corn, which are both used in foods such as cereals and breads, are used to make ethanol. Burning ethanol provides a clean source of energy because the products of ethanol are water and carbon dioxide. Therefore, mixing ethanol with gasoline reduces harmful waste products. In the 1970s, many Brazilians drove cars with engines that used an ethanol gasoline mixture. This alternative fuel conserved the limited supply of gasoline available at that time. In the 1990s, gasoline became cheaper than ethanol, and Brazilians returned to driving more gasoline-fueled cars. Recently, Brazilians started driving more cars that use an ethanol-gasoline mixture. Ethanol is a good alternative fuel because it","[""reduces air pollution"", ""increases biodiversity"", ""reduces sound pollution"", ""increases ozone emissions""]",0,arc_easy
Robins will often devour,"[""rocks"", ""wood"", ""glue"", ""grasshoppers""]",3,openbookqa
Honeybees doing the waggle dance or spiders spinning a web are examples of what type of behavior?,"[""intuitive"", ""genuine"", ""learned"", ""innate""]",3,sciq
Which structure controls what enters both plant cells and animal cells?,"[""nucleus"", ""cell wall"", ""chloroplast"", ""cell membrane""]",3,arc_easy
Sea turtles share space with,"[""geckos"", ""catfish"", ""sea weed"", ""river otters""]",2,openbookqa
"A person wants to use a raw material to make a toy, so they use","[""bronze"", ""plastic"", ""denim"", ""logs""]",3,openbookqa
"Corals are small marine organisms that live in groups and make hard outer skeletons to protect their bodies. Over time, these outer skeletons can build up to make large coral reefs. Which of the following statements best describes one way the formation of a coral reef changes the ocean ecosystem?","[""It makes the ocean water saltier."", ""It removes sand from the ocean floor."", ""It causes ocean waves to become stronger."", ""It creates a habitat for some ocean animals.""]",3,arc_easy
Which of the following objects is probably the most flexible?,"[""a ceramic dish"", ""a wooden block"", ""a short steel rod"", ""a new rubber hose""]",3,arc_easy
"During the early 1990s, people began using cell phones to communicate. The development of the cell phone was most likely a response to the need of society to","[""be able to communicate when sick."", ""provide a safer method of communicating."", ""provide more jobs in the communication industry."", ""be able to communicate when away from home.""]",3,arc_easy
Adults that go through incomplete metamorphosis may have,"[""love"", ""feelings"", ""horns"", ""attached flying contraptions""]",3,openbookqa
What are the only regions of space that electrons can occupy?,"[""galaxies"", ""inside nuclei"", ""inside protons"", ""orbits""]",3,sciq
What process do single cell organisms use to remove waste and get nutrients into their cell?,"[""convection"", ""filtration"", ""Measured"", ""diffusion""]",3,sciq
Chemistry is the study of matter and energy and how they what?,"[""distinct"", ""interact"", ""interaction"", ""division""]",1,sciq
"When birds fly south for the winter, they are exhibiting","[""courtship."", ""mimicry."", ""learned behavior."", ""instinctive behavior.""]",3,arc_easy
What can alkenes and alkynes be reduced with to form alkanes?,"[""acids"", ""oxygen"", ""hydrogen gas"", ""enzymes""]",2,sciq
What type of matter often sinks into cracks between rocks?,"[""liquid"", ""vapor"", ""energy"", ""algae""]",0,sciq
I have to plug in a processor of food because it,"[""Is used for grinding metal"", ""is an oil machine"", ""is an electric Motor"", ""is a battery operated machine""]",2,openbookqa
What will reflect the most light,"[""A car tire"", ""A bath towel"", ""sheet of paper"", ""silver spoon""]",3,openbookqa
Smog is one example of what type of pollution?,"[""light"", ""energy"", ""air"", ""sound""]",2,sciq
What is the mechanism that accounts for the drifting of continents?,"[""ridges spreading"", ""earth spreading"", ""seafloor spreading"", ""volcanic spreading""]",2,sciq
Continental climates are generally found in what areas of landmasses?,"[""inland"", ""buttes"", ""wetlands"", ""northerly""]",0,sciq
Some dairy farmers want their cows to produce greater amounts of milk than average cows. Which process will help the dairy farmers develop cows with this trait?,"[""selective breeding"", ""behavioral modification"", ""ecological succession"", ""geographical isolation""]",0,arc_easy
What system helps the body defend itself against disease while maintaining the levels of body fluids?,"[""nervous"", ""digestive"", ""lymphatic"", ""integumentary""]",2,arc_easy
"As a result of decreased water, what will happen to tree rings?","[""Lose shape"", ""Become narrow"", ""Become wider"", ""Disappear Completely""]",1,openbookqa
Which part of the plant conduct water and minerals as well as anchor the plant.,"[""leaves"", ""cilia"", ""roots"", ""stem""]",2,sciq
In which example does an object move because of the force of gravity?,"[""a girl hitting a ball with a bat"", ""a boy pushing a box across the floor"", ""a girl hammering a nail into a wall"", ""a boy falling from a tree onto the ground""]",3,arc_easy
What are ionic compounds that produce hydroxide ions when dissolved in water?,"[""isotopes"", ""acids"", ""enzymes"", ""bases""]",3,sciq
Electronegativities are used to determine the polarity of covalent bonds. the polarity of a covalent bond can be judged by determining the difference of the electronegativities of what involved in the covalent bond?,"[""seven atoms"", ""two atoms"", ""three atoms"", ""six atoms""]",1,sciq
A river can disappear over a period of time?,"[""this is uncertain"", ""this is sure"", ""all of these"", ""maybe""]",1,openbookqa
What rigid layer surrounds the cell membrane of a plant cell?,"[""bark"", ""epidermis"", ""cuticle"", ""cell wall""]",3,sciq
All types of cells are enclosed by what?,"[""substrate"", ""membrane"", ""stoma"", ""cell wall""]",1,sciq
What is it called when body’s internal environment is stable?,"[""synchronicity"", ""hypothesis"", ""homeostasis"", ""ketosis""]",2,sciq
"Moles are underground a lot of the time, and since few animals live there, they are unlikely to be","[""dirty"", ""killed by others"", ""in dirt"", ""near worms""]",1,openbookqa
Where various seasons currently take place depends upon,"[""the globe's size"", ""the world's view"", ""the earth's consideration"", ""the globe's turning""]",3,openbookqa
"When performing a new experiment for the first time, a scientist reaches an unexpected conclusion. What must the scientist do in order to have the conclusion accepted by other scientists?","[""write a brief report"", ""repeat the experiment"", ""purchase new equipment"", ""make a data chart""]",1,arc_easy
"Because most gas particles in the atmosphere are concentrated close to earth's surface, air pressure is greatest where?","[""ground level"", ""seabed floor"", ""atmosphere"", ""at sea level""]",3,sciq
A tiny sand particle came from,"[""another world"", ""boiling water"", ""candle fragments"", ""larger mineral chunks""]",3,openbookqa
What two types of juices help digestion within the small intestine?,"[""chyme and phloem"", ""amniotic fluid, bile"", ""bile and lymph"", ""intestinal and pancreatic""]",3,sciq
The properties of the alkali metals are similar to each other as expected for elements in the same what?,"[""class"", ""family"", ""farm"", ""branch""]",1,sciq
What weather phenomena can crack your windshield?,"[""condensation"", ""a gentle breeze"", ""clouds"", ""ice precipitation""]",3,openbookqa
What is the period during which humans become sexually mature called?,"[""adulthood"", ""maturity"", ""adolescence"", ""puberty""]",3,sciq
"A student is collecting water samples. The student needs a container that holds water, will not break easily, and can be used many times. Which of the following containers will best meet the student's needs?","[""a glass jar"", ""a paper cup"", ""a wooden box"", ""a plastic bottle""]",3,arc_easy
Living in a large colony requires good communication. ants communicate with chemicals called what?,"[""alkalides"", ""hormones"", ""peptides"", ""pheromones""]",3,sciq
What occurs when spores from two parents fuse and form a zygospore?,"[""twins"", ""asexual reproduction"", ""internal reproduction"", ""sexual reproduction""]",3,sciq
Photosynthesis takes the energy of sunlight and combines water and carbon dioxide to produce sugar and oxygen as this?,"[""secondary product"", ""waste product"", ""primary product"", ""reactive product""]",1,sciq
Which tool is the best to use when studying small organisms not visible to the eye?,"[""telescope"", ""hand lens"", ""microscope"", ""magnifying glass""]",2,arc_easy
The cells of most eukaryotic and many prokaryotic organisms can carry out what type of respiration?,"[""anaerobic"", ""aerobic"", ""energetic"", ""kinetic""]",1,sciq
What drifts above the earth longer?,"[""an iron throne"", ""a rock"", ""a fat crowd-worker"", ""an inflatable toy""]",3,openbookqa
"If you took all of the atoms out of a chair, what would be left?","[""The chair would still be there, but it would weigh less."", ""The chair would be exactly the same as it was before."", ""There would be nothing left of the chair."", ""Only a pool of liquid would be left on the floor.""]",2,arc_easy
What could be used to fill a beach ball?,"[""Aluminium"", ""Iron"", ""Oxygen"", ""Water""]",2,openbookqa
What takes place where septa is found?,"[""forming of stem cells"", ""forming of brain cells"", ""forming of muscle tissue"", ""forming of reproductive cells""]",3,sciq
Electrons flow through wires to create what?,"[""electromagnetism"", ""electric current"", ""balanced reaction"", ""hydroelectric power""]",1,sciq
What protists absorb food molecules across their cell membranes?,"[""dielectric"", ""fibrous"", ""solid"", ""absorptive""]",3,sciq
"When the pesticide DDT was first used, it killed nearly every mosquito it touched. Within a few years, however, many mosquitoes became resistant to DDT and survived. What enabled this to happen?","[""meiosis"", ""migration"", ""immune responses"", ""gene mutations""]",3,arc_easy
"Sodium chloride, commonly called ""table salt,"" is made up of sodium and chlorine that have been combined chemically. Which term best describes sodium chloride?","[""Acid"", ""Atom"", ""Element"", ""Compound""]",3,arc_easy
Taking shorter hot showers,"[""will increase water usage"", ""will aid in preserving the water supply"", ""will aid in consumption of the water supply"", ""will overwork the water heater""]",1,openbookqa
"What are the newest, outer layers of secondary xylem called?","[""bark"", ""sapwood"", ""vascular"", ""fibrous""]",1,sciq
Cells that conduct messages are known as,"[""skin cells"", ""nerve cells"", ""blood cells"", ""kidney cells""]",1,arc_easy
How do we describe chemical reactions?,"[""balanced reactions"", ""equilibrium"", ""atomic numbers"", ""chemical equations""]",3,sciq
Which of these will most likely result from small meteoroids entering the atmosphere of Earth?,"[""a decrease in air temperature"", ""the appearance of shooting stars"", ""an decrease in atmospheric ozone"", ""the appearance of the Northern Lights""]",1,arc_easy
What type of shape does sodium chloride have?,"[""cubic"", ""trianguler"", ""oblong"", ""round""]",0,sciq
What layer high in the atmosphere protects living things from most of the sun’s harmful uv rays?,"[""Mesosphere"", ""troposphere"", ""ozone layer"", ""stratosphere""]",2,sciq
Cross-pollination—or out-crossing—leads to greater genetic diversity because the microgametophyte and megagametophyte are derived from what?,"[""the same species"", ""different plants"", ""dead plants"", ""the same plant""]",1,sciq
Variation in muscle cells gives further insight into some benefits of what type of respiration?,"[""natural"", ""enzymatic"", ""aerobic"", ""anaerobic""]",3,sciq
"When the moon, sun, and earth line up, tides are at their","[""lower"", ""increased"", ""gone away"", ""just okay""]",1,openbookqa
Which of these materials transfers heat energy quickest?,"[""metal"", ""glass"", ""plastic"", ""wood""]",0,arc_easy
"Hiv has proteins called what, internal to the envelope, which help stabilize virion shape?","[""reduction proteins"", ""step proteins"", ""matrix proteins"", ""sphere proteins""]",2,sciq
What offers a tree with stability and a way to distribute nutrients throughout the plant?,"[""sap"", ""leaves"", ""fruit"", ""trunk""]",3,openbookqa
A unique type of organism is also known as what?,"[""taxonomy"", ""parasites"", ""species"", ""element""]",2,sciq
Which process acts as a natural complement for cellular respiration?,"[""glycolysis"", ""atherosclerosis"", ""photosynthesis"", ""absorption""]",2,sciq
What can help scientist gather information for an investigation?,"[""variables"", ""controls"", ""observations"", ""conclusions""]",2,sciq
A unicellular organism is best described as being,"[""a complex organism."", ""a microorganism."", ""an organism with specialized cells."", ""an organism with different types of tissues.""]",1,arc_easy
What do living things need to survive?,"[""nutrients"", ""heat"", ""molecules"", ""oxygen""]",0,sciq
Making associations between experiences is often a part of what activity?,"[""learning"", ""eating"", ""sleeping"", ""dying""]",0,sciq
In how many ways ca a living organism obtain chemical energy,"[""three"", ""two"", ""four"", ""seven""]",1,sciq
"In their pure form, all elements have an oxidation number of what?","[""zero"", ""2"", ""7"", ""3""]",0,sciq
Recognition of pathogens is a function of what type of response?,"[""digestion"", ""immune"", ""hormones"", ""inhalation""]",1,sciq
"The coccyx, or tailbone, results from the fusion of four small what?","[""rib vertebrae"", ""coccygeal vertebrae"", ""alangulam vertebrae"", ""arsine vertebrae""]",1,sciq
What is the term for a symbiotic relationship in which one species benefits while the other species is not affected?,"[""parasitism"", ""commensalism"", ""pollenation"", ""mutualism""]",1,sciq
Kinetic energy is the energy of what?,"[""heat"", ""light"", ""motion"", ""wind""]",2,sciq
What boils at the boiling point?,"[""Kool-Aid"", ""Cotton"", ""Paper towel"", ""Hair""]",0,openbookqa
The chemical symbol of which ion is written first in ionic compounds?,"[""positive metal ion"", ""good metal ion"", ""last ion"", ""negative ion""]",0,sciq
"The Greek philosopher Aristotle described matter with the phrase ""unable to be divided."" The modern concept that grew from Aristotle's idea is the","[""atom."", ""proton."", ""neutron."", ""electron.""]",0,arc_easy
Does pressure increase or decrease when gas particles heat up?,"[""decreases"", ""increase"", ""stagnates"", ""stays constant""]",1,sciq
Animals that molt their exoskeletons belong to which clade?,"[""protists"", ""ecdysozoa"", ""trichina"", ""spirogyra""]",1,sciq
What do you call the patterns and groups of stars in the sky that ancient people observed and made stories about?,"[""planets"", ""meteors"", ""asteroid fields"", ""constellations""]",3,sciq
"After a long time, a paw print may end up","[""in water"", ""on a tree"", ""in a building"", ""underground""]",3,openbookqa
Wearing personal protective equipment such as goggles and gloves during an experiment is an example of what?,"[""pollution precaution"", ""safety precaution"", ""office politics"", ""lab organization""]",1,sciq
What kind of motion characterizes waves?,"[""round"", ""breathing"", ""bending"", ""repetitive""]",3,sciq
"In solids, particles can't overcome the force of attraction between them because they lack what?","[""kinetic energy"", ""residual energy"", ""momentum"", ""gravity""]",0,sciq
What do rocket-based systems use to propel itself into space?,"[""chemical reactions"", ""hydrogen reactions"", ""nuclear reactions"", ""water reactions""]",0,sciq
What kind of atomic molecule is oxygen gas?,"[""diatomic"", ""symbiotic"", ""dramatic"", ""aromatic""]",0,sciq
How did lamarck believe species change over time?,"[""became larger"", ""lose of acquired traits"", ""inheritance of acquired characteristics"", ""ecological of acquired characteristics""]",2,sciq
Where are ribosomes made?,"[""cell membrane"", ""the nucleolus"", ""protoplasm"", ""mitochondria""]",1,sciq
"During a sandstorm, a bird looks for a","[""worm"", ""mate"", ""stream"", ""bush""]",3,openbookqa
An example of a learned behavior is,"[""driving a car"", ""having blue eyes"", ""shivering in the cold"", ""breathing air""]",0,arc_easy
A learned behavior is exhibited when,"[""squinting in bright light"", ""nailing up a picture frame"", ""blinking and gulping air"", ""inhaling and exhaling during sleep""]",1,openbookqa
"Proteins are categorized according to shape and what property, which correlates with it?","[""viscosity"", ""solubility"", ""salinity"", ""size""]",1,sciq
What is the most common type of organic compound?,"[""proteins"", ""carbohydrates"", ""vitamins"", ""fats""]",1,sciq
What is the chemical formula for carbon dioxide?,"[""CO"", ""CO2"", ""C"", ""O2""]",1,arc_easy
Which type of graph would best display the changes in temperature over a 24 hour period?,"[""line graph"", ""pictograph"", ""circle (pie) graph"", ""stem-and-leaf graph""]",0,arc_easy
What are different versions of a gene known as?,"[""modes"", ""alleles"", ""genomes"", ""ion""]",1,sciq
"Strangeness, charm, bottomness, and topness are properties of what subatomic particle?","[""pion"", ""dark matter"", ""quarks"", ""molecules""]",2,sciq
"Haumea, which is the third brightest kuiper belt object has an odd oval shape which is probably caused by what?","[""unusually rapid rotation"", ""particularly rapid rotation"", ""extremely rapid rotation"", ""Slow rotation""]",2,sciq
Chemical elements and water are recycled through what cycle?,"[""biogenic"", ""biogeochemical"", ""dynamical"", ""evaporation""]",1,sciq
How many bones fuse together to form the cranium?,"[""6"", ""8"", ""8"", ""3""]",1,sciq
"Coral reefs and tropical rainforests are ecosystems known for what, contributing greatly to the species in existence on earth?","[""commensalism"", ""mass migrations"", ""spontaneous mutation"", ""biodiversity""]",3,sciq
What is another name for mother of pearl?,"[""pigment"", ""nacre"", ""calcium"", ""enamel""]",1,sciq
What is it called when a mistake occurs in dna replication.,"[""mutation"", ""degradation"", ""radiation"", ""adaptation""]",0,sciq
"During an experiment, a student reports that a liquid turned green when mixed with another liquid. This is an example of","[""a measurement"", ""a prediction"", ""an explanation"", ""an observation""]",3,arc_easy
What is the fourth planet from the sun?,"[""Pluto"", ""Saturn"", ""mars"", ""Mercury""]",2,sciq
The length of the sloped surface of a ramp is referred to as what?,"[""input distance"", ""output distance"", ""furlong"", ""accumulation distance""]",0,sciq
Which human body systems work directly together to allow locomotion?,"[""circulatory, excretory, and respiratory"", ""circulatory, endocrine, and reproductive"", ""skeletal, muscular, and nervous"", ""skeletal, digestive, and respiratory""]",2,arc_easy
Geologists found that the youngest rocks on the seafloor were where?,"[""early - ocean ridges"", ""late - ocean ridges"", ""mid - ocean ridges"", ""seabed floor""]",2,sciq
"In a mixture, a magnet is used to separate some particles from sand. The dark particles are most likely made of which element?","[""sodium"", ""iron"", ""sulfur"", ""copper""]",1,arc_easy
Magnetism can cause,"[""How to Swim"", ""Radiation isotope creation"", ""Head to Rotate"", ""Clouds to Move""]",1,openbookqa
What state is achieved when the forward and reverse reactions proceed at equal rates?,"[""neutrality"", ""equilibrium"", ""constant"", ""equality""]",1,sciq
A source of heat may come from,"[""a cold shower"", ""holding hands"", ""holding ice"", ""Antartica""]",1,openbookqa
"If you wanted to make a necklace, how long would you have to wait for the materials to appear inside the Earth?","[""millions of years"", ""1 day"", ""10 days"", ""100 days""]",0,openbookqa
A person has a restaurant where they have a salad bar. The salad bar is packed with ice to keep food cold. The ice may last longer if,"[""the room is warm"", ""salt is heavily applied"", ""people eat the food"", ""food is already warm""]",1,openbookqa
The longitude of a location determines which time zone it is in. Different time zones are the result of,"[""Earth's rotation"", ""Earth's revolution"", ""the Moon's rotation"", ""the Moon's revolution""]",0,arc_easy
"What helps to regulate consciousness, arousal, and sleep states?","[""hypothalamus"", ""hippocampus"", ""cerebral cortex"", ""thalamus""]",3,sciq
"Common forms of what include light, chemical and heat, along with kinetic and potential?","[""fuel"", ""reactions"", ""energy"", ""pressure""]",2,sciq
"In phyisics, what is considered to be the rotational version of force?","[""torque"", ""energy"", ""pressure"", ""work""]",0,sciq
A refraction of light that splits into all different colors often occurs after,"[""clouds"", ""rain"", ""heat"", ""earthquakes""]",1,openbookqa
"If plants are chilled in evening air,","[""put them in a fire pit"", ""put them in a glass pile"", ""put them in an igloo"", ""put them in a glass building""]",3,openbookqa
Which activity would most likely increase water turbidity in a nearby stream?,"[""rolling steel into thin sheets"", ""burning coal for electricity"", ""clear-cutting a forest"", ""planting a cover crop""]",2,arc_easy
Which form of energy is required for a television set to work?,"[""electrical"", ""heat"", ""light"", ""solar""]",0,arc_easy
A person wants to mine something that will attract metals. The person decides to search out some,"[""ceramic stones"", ""iron pebbles"", ""glass beads"", ""plastic beads""]",1,openbookqa
Which is likeliest to metamorphose?,"[""a live insect"", ""a human"", ""a plant"", ""a dead butterfly""]",0,openbookqa
All three types of convergent plate boundaries produce what destructive phenomenon?,"[""storm"", ""tornado"", ""earthquake"", ""volcano""]",2,sciq
What type of transport requires no energy and occurs when substances move from areas of higher to lower concentration?,"[""immune transport"", ""bacterial transport"", ""active transport"", ""passive transport""]",3,sciq
"Biceps brachii, brachialis, and brachioradialis work to flex what part of the body?","[""forearm"", ""foot"", ""lungs"", ""leg""]",0,sciq
What is the source of most electricity?,"[""coal"", ""the Sun"", ""air"", ""methane""]",0,sciq
"Bacteria will build up on food if you leave it out, so if you make sure its protected from the air, you can","[""go to space"", ""lift a bus"", ""Fly"", ""avoid falling ill""]",3,openbookqa
Redox reactions can always be recognized by a change in what number of two of the atoms in the reaction?,"[""fermentation"", ""oxygen"", ""oxidation"", ""precipitation""]",2,sciq
"Salt concentration, water temperature, plankton, and the whale shark might all be used in a description of an ocean","[""climate."", ""food web."", ""ecosystem."", ""population.""]",2,arc_easy
"What is needed to create muscles, regulate chemical reactions, and transport oxygen?","[""proteins"", ""lipids"", ""enzymes"", ""cytoplasm""]",0,sciq
A pond is near river but not connected to it. What would most likely allow fish to move from the pond to the river?,"[""a fire"", ""a drought"", ""a snowstorm"", ""a flood""]",3,arc_easy
What types of energy is released during a chemical reaction?,"[""human, magnetic, electrical"", ""temperature , electricity , light"", ""magnetism, electricity, light"", ""heat, electricity, light""]",3,sciq
What force causes waves to topple over and break on the shore?,"[""momentum"", ""friction"", ""vibration"", ""tension""]",1,sciq
"Skills are learned characteristics. To get better at doing something, you must stretch yourself in ways that","[""may be very uncomfortable at first"", ""take very little time"", ""are without learning from others and past experiences"", ""are without goals and commitment""]",0,openbookqa
"A son inherits a feature from his father through DNA, so the son is likely to have his dad's","[""sense of humor"", ""temper"", ""aversion to garlic"", ""nose""]",3,openbookqa
What substances are secreted by specialized cells usually located in endocrine glands?,"[""lipids"", ""protein"", ""hormones"", ""acid""]",2,sciq
"What is the common term for erythrocytesare, specialized cells that circulate delivering oxygen to cells and are formed from stem cells in the bone marrow?","[""plateletes"", ""white blood cells"", ""red blood cells"", ""monocytes""]",2,sciq
Most motions in nature follow ________ rather than straight lines?,"[""vertical paths"", ""sharp paths"", ""curved paths"", ""horizontal paths""]",2,sciq
A gardener wants to increase the ability of garden soil to retain water. Which of these should the gardener add to the soil?,"[""coarse sand"", ""loose gravel"", ""nitrogen pellets"", ""organic material""]",3,arc_easy
What is the name of the muscle that contracts to cause the joint to straighten?,"[""flexor"", ""abductor"", ""extensor"", ""opposing""]",2,sciq
"During a biochemical reaction, pyruvate (C3H4O3) is converted into carbon dioxide (CO2) and water (H2O). In what cellular organelle does this biochemical reaction occur?","[""nucleus"", ""cytoplasm"", ""mitochondria"", ""endoplasmic reticulum""]",2,arc_easy
What term is used to describe the way that animals interact with each other or their environment?,"[""animal behavior"", ""animal decline"", ""animal range"", ""animal magnetism""]",0,sciq
"When a transverse wave passes from right to left through a medium, what happens to the particles of the medium?","[""Particles travel from right to left along the wave."", ""Particles travel from left to right along the wave."", ""Particles move back and forth parallel to the wave."", ""Particles move back and forth perpendicular to the wave.""]",3,arc_easy
"When mountains are formed, there is an interaction between areas of Earth. Which two will interact and result in the formation of mountains?","[""hydrosphere and biosphere"", ""troposphere and ionosphere"", ""hydrosphere and lithosphere"", ""asthenosphere and lithosphere""]",3,arc_easy
How does the latitude of a region affect its climate?,"[""by increasing the length of days throughout the year"", ""by increasing the amount of energy the land can absorb"", ""by determining the angle of sunlight throughout the year"", ""by determining the rate that tectonic plates can move""]",2,arc_easy
"The earth has continents that experience different things at different times, depending on where on Earth's axis it is, such as","[""cartoons"", ""forests"", ""lunch"", ""Christmas""]",3,openbookqa
Mitosis is nuclear division during which duplicated chromosomes are segregated and distributed into what?,"[""father nuclei"", ""long nuclei"", ""daughter nuclei"", ""woman nuclei""]",2,sciq
A supermodel with a big nose probably,"[""ate an animal with a big nose"", ""had a parent also with one"", ""didn't pay the photographer enough"", ""ate dog food a lot""]",1,openbookqa
"Inside a cylinder, thermal energy is converted to what type of energy of the moving piston?","[""residual energy"", ""horsepower"", ""electrochemical energy"", ""kinetic energy""]",3,sciq
Which human body system system moves nutrients and other substances throughout the body?,"[""Digestive system"", ""cardiovascular system"", ""Integumentary system"", ""Muscular system""]",1,sciq
Ac is better than dc for doing what?,"[""cooking electrcal energy"", ""storing electrical energy"", ""stopping electrical ebergy"", ""transporting electrcal energy""]",3,sciq
Which type of energy is transferred from one object to another by simple machines?,"[""mechanical"", ""chemical"", ""nuclear"", ""electrical""]",0,arc_easy
A flashlight converts chemical energy into what kind of energy?,"[""light snacks"", ""greens"", ""food"", ""illumination""]",3,openbookqa
Yeast deposited in an oven from a closet,"[""rises"", ""compresses"", ""falls"", ""requires antifungal cream""]",0,openbookqa
What is formed when a subducting plate flows under another tectonic plate?,"[""magma"", ""boundary plate"", ""fault line"", ""volcanic arc""]",3,sciq
The depth of the atmosphere is greatest where?,"[""under water"", ""sea level"", ""the stratosphere"", ""the ionosphere""]",1,sciq
"Red blood cells, white blood cells and what other cell is found in blood?","[""hemoglobin"", ""plasma cells"", ""antibodies"", ""platelets""]",3,sciq
"According to the rock cycle, when liquid magma cools into a solid, what is formed?","[""lava"", ""glaciers"", ""igneous rock"", ""metamorphic rock""]",2,arc_easy
Which theory describes the benzene molecule and other planar aromatic hydrocarbon molecules as hexagonal rings of sp2-hybridized carbon atoms with the unhybridized p orbital of each carbon atom perpendicular to the plane of the ring?,"[""hybrid orbital theory"", ""valence bond theory"", ""molecular orbital theory"", ""covalent bond theory""]",1,sciq
How many lizards live in desert habitats?,"[""all"", ""some"", ""fifteen"", ""none""]",1,openbookqa
"Fossil records support the idea that periods of little change may be interrupted by bursts of rapid change, an evolutionary model contrasted by what?","[""gradualism"", ""darwinian"", ""minimalism"", ""elitism""]",0,sciq
"Fires, mainly caused by what, are a natural disturbance in temperate grasslands?","[""lightning"", ""humans"", ""cigarettes"", ""campfires""]",0,sciq
"A thermite reaction is thermodynamically spontaneous, and because it is associated with a significant release of heat, it is regarded as what?","[""exothermic"", ""endotropic"", ""endothermic"", ""biochemical""]",0,sciq
What is the most widely accepted theory explaining how muscle fibers contract?,"[""sliding pigment theoery"", ""sliding tritium theory"", ""sliding filament theory"", ""sliding carbon theory""]",2,sciq
The logistics of carrying out cellular metabolism sets limits on what physical property of the cell?,"[""surface"", ""composition"", ""layer"", ""size""]",3,sciq
What can be hard or even impossible to perform in a scientific sense?,"[""hypothesises"", ""idea"", ""experiments"", ""theorys""]",2,sciq
"In mammals, sound waves are collected by the external, cartilaginous part of the ear called the pinna, then travel through the auditory canal and cause vibration of the thin diaphragm called the tympanum or this?","[""speaker drum"", ""microphone drum"", ""ear drum"", ""head drum""]",2,sciq
"In a gasoline-powered car, chemical energy from gasoline is transformed to make the car move. The motion of the car is what form of energy?","[""radiant energy"", ""nuclear energy"", ""electrical energy"", ""mechanical energy""]",3,arc_easy
The afferent arterioles service about 1.3 million of what in each kidney?,"[""dendrites"", ""axons"", ""nephrons"", ""neurons""]",2,sciq
Pressure relationships inspiration (or inhalation) and expiration (or exhalation) are dependent on the differences in pressure between the atmosphere and these?,"[""salts"", ""enzymes"", ""lungs"", ""bones""]",2,sciq
Toxins and poisons are ______ enzyme inhibitos,"[""reversible"", ""cancerous"", ""observable"", ""irreversible""]",3,sciq
What is the amount of force pushing against a given area?,"[""inertia"", ""power"", ""pressure"", ""energy""]",2,sciq
Vertebrates have tissues which are organized into organs which in turn are organized into  what?,"[""artificial systems"", ""information systems"", ""maturation systems"", ""organ systems""]",3,sciq
The rate of what process depends on how many of an organism’s genes have changed over a period of time and on the generation time of a particular species?,"[""digestion"", ""evolution"", ""photosynthesis"", ""respiration""]",1,sciq
Topographic maps have a horizontal scale to indicate what distances?,"[""diagonal"", ""vertical"", ""perpendicular"", ""horizontal""]",3,sciq
"In the humoral response, what protein substances help neutralize or eliminate toxins and pathogens in the blood and lymph?","[""platelets"", ""antibodies"", ""parasites"", ""membranes""]",1,sciq
diamonds exist because of the existence of,"[""raw carbon"", ""work force"", ""plant feeding"", ""machines""]",0,openbookqa
Toy submarines bob up and down when put in a bowl of,"[""rice"", ""vinegar"", ""ice"", ""sand""]",1,openbookqa
What will become magnetic in an electromagnet if the battery becomes active?,"[""A construction nail"", ""A plastic nail"", ""A nail box"", ""A wooden nail""]",0,openbookqa
"What is the major artery of the body, taking oxygenated blood to the organs and muscles of the body?","[""carotid"", ""capillary"", ""aorta"", ""diastolic""]",2,sciq
What is the least dangerous radioactive decay?,"[""beta decay"", ""gamma decay"", ""zeta decay"", ""alpha decay""]",3,sciq
migration is when animals travel from the northern most state to Texas during what segment of time?,"[""birds"", ""spring"", ""lake fronts"", ""winter""]",3,openbookqa
Pit bulls thin their thicker coats by,"[""getting a haircut"", ""shaving"", ""shedding"", ""selling""]",2,openbookqa
"Electrons in the ""outer shell"" are also known as what kind of electrons?","[""charged"", ""intermediate"", ""static"", ""valence""]",3,sciq
What is the term for the transfer of heat by a current?,"[""conduction"", ""convection"", ""diffusion"", ""radiation""]",1,sciq
An object's energy due to motion is known as?,"[""residual energy"", ""inertia"", ""thermodynamic energy"", ""kinetic energy""]",3,sciq
What theory says stresses build on both sides of a fault?,"[""Geiger theory"", ""seismic load theory"", ""elastic rebound theory"", ""Big Bang theory""]",2,sciq
Which would increase atmospheric carbon by the lowest degree?,"[""trees"", ""humans"", ""cattle"", ""dogs""]",0,openbookqa
A parent may genetically share with a child of their own conception,"[""many freckles"", ""new songs"", ""big pizzas"", ""silly faces""]",0,openbookqa
What type of reactions form compounds?,"[""chemical reactions"", ""consumption reactions"", ""physical reactions"", ""mineral reactions""]",0,sciq
A lymphocyte is the type of which cell involved in an immune system response?,"[""red blood cell"", ""white blood cell"", ""white brain cell"", ""white immunity cell""]",1,sciq
You're more likely to shiver on a,"[""seaside coast"", ""high mountain peak"", ""ocean island"", ""sunny beach""]",1,openbookqa
"If a battery in an electromagnet is active, then what will happen to a nail in that electromagnet?","[""it loses its magnetization"", ""it loses its charge"", ""it may become magnetized"", ""it gains a charge""]",2,openbookqa
The identifying characteristic of an element is its number of,"[""protons."", ""neutrons."", ""electrons."", ""orbitals.""]",0,arc_easy
A small town is building their first water treatment plant. Their primary disinfectant is UV radiation. Which contaminant will UV radiation eliminate?,"[""bacteria"", ""metals"", ""sediment"", ""oil""]",0,arc_easy
Regulation of the reproductive system is a process that requires the action of hormones from which gland?,"[""salivary gland"", ""adrenal gland"", ""pituitary gland"", ""thyroid gland""]",2,sciq
A thing that avoids all harm for its entire life will most likely avoid ever experiencing,"[""having a warm shelter"", ""drinking plenty of water"", ""being given a meal"", ""being set on fire""]",3,openbookqa
A load of earth and stone that folds upon itself repeatedly could be considered,"[""a still"", ""a group"", ""a range"", ""a pond""]",2,openbookqa
What secures teeth in the mouth?,"[""plug"", ""muscles"", ""cartilage"", ""socket""]",3,sciq
What are the two main components in a battery?,"[""filter and a cathode"", ""vortex and a cathode"", ""anode and a cathode"", ""anode and a vortex""]",2,sciq
What occurs when light interacts with our atmosphere?,"[""prism effect"", ""eclipse"", ""rayleigh scattering"", ""rainbow formation""]",2,sciq
What is the name of the scientific field that deals with the general study of the solid earth?,"[""geology"", ""physics"", ""chemistry"", ""astronomy""]",0,sciq
"In the rock cycle, sedimentary rock forms when rock is","[""crystallized into natural glass."", ""exposed to great temperature."", ""melted into liquid magma."", ""broken down by weathering.""]",3,arc_easy
What does a leaf need to do to absorb the most sunlight that it can?,"[""Hide in shade"", ""Remain small"", ""Grow very large"", ""Change colors""]",2,openbookqa
What is the division of the cytoplasm in eukaryotic cells?,"[""electrolysis"", ""cytokinesis"", ""metamorphosis"", ""andronisis""]",1,sciq
The process by which organisms with favorable variations reproduce at higher rates than those without such variations is,"[""disruptive selection."", ""natural selection."", ""sexual selection."", ""directional selection.""]",1,arc_easy
What type of mechanical weathering occurs when one rock bumps against another rock?,"[""absorption"", ""abrasion"", ""disintegration"", ""refraction""]",1,sciq
What neurotransmitter is associated with the fight-or-flight response?,"[""stomach acid"", ""adrenaline"", ""endorphins"", ""bile""]",1,sciq
Why are there more deer when there's a lot of rain?,"[""all the dolphins fly south for the winter"", ""more rain means nothing grows"", ""A biblical character took every other animal with him"", ""abundant water means more vegetation""]",3,openbookqa
New seafloor forms when what object cools?,"[""ash"", ""debris"", ""rain"", ""lava""]",3,sciq
Chemical reactions either require or release what?,"[""energy"", ""electricity"", ""enzymes"", ""light""]",0,sciq
The periodic table is one of the cornerstones of chemistry because it organizes all the known elements on the basis of their what?,"[""chemical properties"", ""liquid properties"", ""acid properties"", ""size properties""]",0,sciq
Intestinal cells combine with proteins to create what?,"[""amino acids"", ""chondrocytes"", ""lipoproteins"", ""chylomicrons""]",3,sciq
Meiosis and mitosis are both preceded by one round of what?,"[""internal fertilization"", ""dna replication"", ""cellular respiration"", ""germination""]",1,sciq
What is the main element in organic compounds?,"[""oxygen"", ""carbon"", ""hydrogen"", ""helium""]",1,sciq
What species do humans belong to?,"[""homo sapiens"", ""hominids"", ""monkeys"", ""homo erectus""]",0,sciq
What is the term for a natural situation which arises to physically divide organisms?,"[""assimilation"", ""reproduction"", ""extinction"", ""vicariance""]",3,sciq
Water dissolving minerals out of rocks makes ocean water what?,"[""muddy"", ""salty"", ""sweet"", ""bitter""]",1,sciq
"When calculating impulse, consider the change in _______ of one of the objects in the collision?","[""sound"", ""potential energy"", ""momentum"", ""velocity""]",2,sciq
What does the pull of the moon's gravity on earth cause?,"[""tides"", ""storms"", ""waves"", ""earthquakes""]",0,sciq
What type of matter makes up most of the universe?,"[""plasma"", ""liquid"", ""gas"", ""carbon""]",0,sciq
"In most animals, what sense is related to balance or equilibrium?","[""vision"", ""tasting"", ""feeling"", ""hearing""]",3,sciq
What includes the bones and cartilage?,"[""skull"", ""skeleton"", ""fossil"", ""lungs""]",1,sciq
"In many places, small hills rise above the ocean floor. these hills are undersea volcanoes, called what?","[""seamounts"", ""corals"", ""ridges"", ""reefs""]",0,sciq
What are fresh water biomes defined by?,"[""high salt content"", ""moving water"", ""animal species"", ""low salt concentration""]",3,sciq
What kind of behavior occurs only after experience or practice and describes most human behaviors?,"[""innate behavior"", ""learned behavior"", ""practiced behavior"", ""inherited behavior""]",1,sciq
"The brain, spinal cord, and nerves are organs that perform which primary function?","[""supporting the body and enabling it to move"", ""transporting oxygen, wastes, and nutrients throughout the body"", ""producing male and female gametes"", ""conducting messages to coordinate body functions""]",3,arc_easy
What influences the types of plants and animals that inhabit a specific biome?,"[""climate"", ""Water"", ""cooling"", ""carbon""]",0,sciq
A student hears on the radio that the outside temperature is 32°C. What type of weather will the student most likely expect when she steps outside?,"[""cool, rainy fall weather"", ""cold, snowy winter weather"", ""hot, sunny summer weather"", ""spring weather with flowers blooming""]",2,arc_easy
Which of the following is best classified as a nonrenewable resource?,"[""Grass"", ""Aluminum"", ""Sunlight"", ""Oxygen""]",1,arc_easy
The diversity of alleles and genotypes within a population is known as genetic what?,"[""group"", ""variance"", ""variable"", ""density""]",1,sciq
A skunk produces a bad what?,"[""heat"", ""smeller perception"", ""cold"", ""color""]",1,openbookqa
An example of evaporation is a body of water drying by by absorbing what energy?,"[""hotness"", ""electrical"", ""cool"", ""chilly""]",0,openbookqa
"Anita heats a beaker containing water. As the temperature of the water increases, which change to the water molecules occurs?","[""The molecules move at a faster rate."", ""The molecules become more massive."", ""The molecules expand and become wider."", ""The molecules separate into atoms of hydrogen and oxygen.""]",0,arc_easy
How high or low a sound seems is associated with what property of the sound?,"[""decibel"", ""frequency"", ""pitch"", ""wavelength""]",2,sciq
What causes earthquakes at mid-ocean ridges to be small and shallow?,"[""plates are thin , young , and hot"", ""plates are thick , young , and cold"", ""plates are thick , old , and hot"", ""plates are thin , young , and cold""]",0,sciq
"The hypothalamus is actually part of the brain, but it also secretes what?","[""enzymes"", ""acids"", ""electrolytes"", ""hormones""]",3,sciq
The use of mercury-based dental amalgam has gone under question in recent years because of concerns regarding what?,"[""the expense"", ""the toxicity"", ""the variability"", ""the oxygen""]",1,sciq
"A puppy wakes up and needs to to for a walk. In order to have the ability to do this, he will require","[""pebbles"", ""lunch"", ""toys"", ""wheels""]",1,openbookqa
Which object helps people understand what makes up white light?,"[""Barometer"", ""Prism"", ""Microscope"", ""Thermometer""]",1,arc_easy
Some species of sea anemones may be highly toxic to whom?,"[""Sarah"", ""Metal"", ""Cars"", ""Wood""]",0,openbookqa
"Stretching is considered an important step before engaging in sports. In an investigation to see whether stretching before physical exertion reduces sports injuries, who would the control group most likely be?","[""athletes who stretch before working out"", ""non-athletes who stretch before working out"", ""athletes who do not stretch before working out"", ""non-athletes who do not stretch before working out""]",2,arc_easy
What body system gets rid of waste?,"[""digestive system"", ""Muscular system"", ""nervous system"", ""excretory system""]",3,sciq
The thalamus acts as a gateway to and from what?,"[""cortex"", ""medulla oblongata"", ""spine"", ""pons""]",0,sciq
Which is an example of water condensing? 1.,"[""puddle disappearing on a hot summer afternoon"", ""Sweat forming on your forehead after you do a lot of exercise"", ""Ice cubes melting when you put them out in the sun"", ""Dew forming on plants during a cold night""]",3,arc_easy
The organ systems of the body work together to carry out life processes and maintain what?,"[""movement"", ""homeostasis"", ""consciousness"", ""freshness""]",1,sciq
"In some plants, the sporophyte is diploid, while the gametophyte is what?","[""haploid"", ""humanoid"", ""meiosis"", ""gametes""]",0,sciq
Camel humps are a good example of,"[""Iraqi roadside prime cuisine"", ""seats for desert dwellers"", ""a popular brand of shoe"", ""changing to meet the environment""]",3,openbookqa
The phagocytes that are part of the body’s second line of defense attack any of what that they encounter?,"[""viruses"", ""vaccines"", ""pathogens"", ""parasites""]",2,sciq
What type of relationship is it when one variable increases the other variable decreases?,"[""divergence"", ""curve"", ""inverse"", ""regression""]",2,sciq
The elements changed America's tallest peaks into,"[""marble blocks"", ""ivory castles"", ""towers of gold"", ""loose rocks""]",3,openbookqa
About how full is the outer energy level in metalloids?,"[""nearly empty"", ""three-fourth full"", ""a quarter full"", ""half full""]",3,sciq
What state is achieved when the body's internal environment is kept more-or-less constant?,"[""cancerous"", ""hypothesis"", ""homeostasis"", ""consciousness""]",2,sciq
What material is transported in a process called longshore drift?,"[""sediment"", ""foods"", ""grass"", ""boats""]",0,sciq
Which element has an atomic number of 16?,"[""sulfur"", ""methane"", ""oxygen"", ""acid""]",0,sciq
"Mrs. Henderson's class has five small, covered boxes. One contains perfume; another contains dried onions. There is also a box of pine needles, a box of lemon pieces, and a box with a paper towel wet with vanilla flavoring. Which should they do to get the best information about what is in each box?","[""Shake the boxes."", ""Smell the boxes."", ""Listen to the boxes."", ""Weigh the boxes.""]",1,arc_easy
Where would rocks be the smoothest?,"[""where thunder was heard"", ""where water has flowed for years"", ""where wind has blown for days"", ""where the human population is the highest""]",1,openbookqa
Where do stratus clouds occur in the troposphere?,"[""mid to high region"", ""high"", ""low"", ""mid-region""]",2,sciq
A full moon is visible,"[""bimonthly"", ""biweekly"", ""every two months"", ""every four weeks""]",3,openbookqa
What is an ionic bond in nature?,"[""electrostatic"", ""radioactive"", ""kinetic"", ""magnetic""]",0,sciq
"Magnets have a ""north"" and a ""south"" what?","[""arch"", ""pole"", ""temperature"", ""grid""]",1,sciq
Enzymes in the stomach and small intestine break down proteins into what components?,"[""atoms"", ""antioxidants"", ""lactic acids"", ""amino acids""]",3,sciq
Blood pressure is significantly affected by what physical force?,"[""gravity"", ""volume"", ""density"", ""mass""]",0,sciq
Skeletal muscles are attached to bones by what?,"[""plasma"", ""tendons"", ""veins"", ""enzymes""]",1,sciq
All animals need to be what during cold conditions in order to survive?,"[""in space"", ""warm enough"", ""Freezing"", ""lying down""]",1,openbookqa
A certain plant is in a field and bees suddenly surround it and climb all over it and fly away. The next year,"[""there are fewer total plants"", ""that plant type rolls out"", ""there is an earthquake"", ""there is exactly two trees""]",1,openbookqa
What features of a salamander's skin help protect itself from predators ?,"[""brightly colored and poisonous"", ""slimy and camouflaged"", ""thick and impenetrable"", ""camouflaged and thin""]",0,sciq
Which concept was most likely modified due to the invention of the microscope?,"[""size of subatomic particles"", ""composition of living things"", ""number of the moons of Jupiter"", ""formation of sedimentary rocks""]",1,arc_easy
This can be used to light up a light bulb,"[""grass"", ""dirt"", ""stones."", ""biofuel""]",3,openbookqa
"Plants may use leaves, especially waxy ones, in order to","[""create a way to grow"", ""collect and hold on to dampness"", ""store food for themselves"", ""water themselves in droughts""]",1,openbookqa
How many different kinds of ions are produced when sodium chloride dissociates ?,"[""five"", ""one"", ""two"", ""three""]",2,sciq
Some lizards form eggs where,"[""in space"", ""in fire"", ""in ice"", ""in their interiors""]",3,openbookqa
if liquid is changing its state to gas then that liquid is,"[""slimy"", ""cold"", ""condensing"", ""hot""]",3,openbookqa
"What produces hormones referred to as thymosins, which contribute to the development of the immune response in infants?","[""pancreas"", ""thymus"", ""receptors"", ""heart""]",1,sciq
"When observing animals in the wild, which of these are you most likely to see?","[""A frog stalking a rabbit"", ""A bear sticking its claws in the river"", ""A wolf hunting an eagle"", ""A tiger hunting a dolphin""]",1,openbookqa
"As members of a food web, humans are considered to be","[""producers."", ""consumers."", ""decomposers."", ""scavengers.""]",1,arc_easy
What is an example of a biochemical lipid that contributes to weight gain?,"[""acids"", ""sugars"", ""proteins"", ""fats""]",3,sciq
Who invented dynamite in 1866?,"[""Louis Pasteur"", ""alfred nobel"", ""Albert Einstein"", ""Madame Curie""]",1,sciq
The earth has completed half of its yearly orbit of the sun and will complete the other half in,"[""two weeks"", ""seven months"", ""365 days"", ""182 days""]",3,openbookqa
Overpopulation of an organism can,"[""strain the resources of an ecosystem"", ""cause boundless growth of resources"", ""lead to extinction of the organism"", ""cause the ecosystem to flourish""]",0,openbookqa
As a body of waters surface area increases what else will increase?,"[""vaporization"", ""evaporating milk"", ""coals"", ""fires""]",0,openbookqa
"Like people with type 1 diabetes, people with type 2 diabetes must frequently check what level?","[""glucose"", ""pulse"", ""blood sugar"", ""heartbeat""]",2,sciq
The usual kind of weather in a location is called what?,"[""warmth"", ""fog"", ""zone conditions"", ""visibility""]",2,openbookqa
Myofibrils are long cylindrical structures that lie parallel to and run the entire length of what fibers?,"[""uplift muscle fibers"", ""luminous muscle fibers"", ""heart muscle fibers"", ""skeletal muscle fibers""]",3,sciq
What kind of weather do psychrophiles need to grow and reproduce?,"[""cold temperatures"", ""Hot temperatures"", ""water temperatures"", ""mixed temperatures""]",0,sciq
The active site can only bind certain what?,"[""electrons"", ""substrates"", ""proteins"", ""membranes""]",1,sciq
You can experience a change of pressure when,"[""Yelling really loud"", ""Soaring the skies"", ""Going walking"", ""riding a bike""]",1,openbookqa
Amides are carbonyls attached to one nitrogen atom and one carbon or which other atom?,"[""helium"", ""nitrogen"", ""hydrogen"", ""calcium""]",2,sciq
What are the best-known extinct vertebrates?,"[""dinosaurs"", ""trees"", ""trilobites"", ""snakes""]",0,sciq
What is the name of the procedure where an unknown compound can be analyzed in the laboratory in order to determine the percentages of each element contained within it?,"[""electrical analysis"", ""chemical analysis"", ""gaseous analysis"", ""elemental analysis""]",3,sciq
What happens when someone on top of a bicycle starts pushing it's peddles in a circular motion?,"[""the bike wheelies"", ""the bike turns"", ""the bike brakes"", ""the bike accelerates""]",3,openbookqa
What are nutrients a source of energy for?,"[""water"", ""whales"", ""stars"", ""plastids""]",1,openbookqa
"if a book was intact on the desk in the morning, but in shreds in the afternoon, what happened?","[""it had spontaneous combustion"", ""the book was made of plastic"", ""it underwent a tearing process"", ""the book committed suicide""]",2,openbookqa
What are solid lipids that animals use to store energy called?,"[""steroids"", ""cholesterol"", ""hydrocortisol"", ""fats""]",3,sciq
An atom has a mass of 24 and a nuclear charge of 12. Which statement about the atom is accurate?,"[""It has twice as many protons as electrons."", ""It has twice as many neutrons as protons."", ""It has equal numbers of neutrons and protons."", ""It has equal numbers of nuclear particles and electrons.""]",2,arc_easy
"In a wheel and axle, when force is applied either to the wheel or axle, what aspect of the force does not change?","[""speed"", ""pressure"", ""shift"", ""direction""]",3,sciq
Which scientist is credited with using a telescope in the seventeenth century to discover the moons of Jupiter?,"[""Galileo"", ""Kepler"", ""Einstein"", ""Newton""]",0,arc_easy
Tree sap enclosing an organism in amber or an organism preserved in tar or ice are actually examples of what?,"[""fossils"", ""corals"", ""fuels"", ""bones""]",0,sciq
What is the most common plant-like protist?,"[""mundane algae"", ""unicellular algae"", ""esoteric algae"", ""invasive algae""]",1,sciq
Mice live in holes where?,"[""pastureland"", ""lakes"", ""oceans"", ""skyscrapers""]",0,openbookqa
Green plants get the energy they need to make food from,"[""water"", ""air"", ""soil"", ""sunlight""]",3,arc_easy
In what form is most of the earth's freshwater?,"[""gas"", ""liqued"", ""frozen"", ""steam""]",2,sciq
"Exemplified by a lit match bursting into flame or the process that forms fossil fuels, chemical reactions vary greatly in terms of what?","[""duration"", ""density"", ""power"", ""speed""]",3,sciq
Andy adds a small amount of water to sand and makes shapes with the wet sand. Which of these best describes the wet sand?,"[""a mixture"", ""a solution"", ""an element"", ""a compound""]",0,arc_easy
The minimum amount necessary for self-sustained fission of a given nuclide is called what?,"[""its half-life"", ""its molar mass"", ""its activation energy"", ""its critical mass""]",3,sciq
examples of pollution include all but,"[""acid rain"", ""smog"", ""chemical run-off"", ""laundry soup""]",3,openbookqa
A company plants trees on a bare hillside. Which of these is the BEST reason for planting the trees?,"[""The trees provide oxygen for the soil."", ""The trees prevent soil from washing away."", ""The trees make shade for animals living there."", ""The trees cause animals to move to other places.""]",1,arc_easy
"Life itself could not exist without what energy, which plays a vital role in photosynthesis?","[""time energy"", ""spin energy"", ""magnetic energy"", ""light energy""]",3,sciq
A person in the tundra without a clothing will,"[""fly"", ""shiver"", ""experience heatstroke"", ""undress""]",1,openbookqa
Allergy symptoms can be treated with medications such as?,"[""antibiotics"", ""channel blockers"", ""hormone treatments"", ""antihistamines""]",3,sciq
Some natural disasters can have a large effect on the global climate. Which type of natural disaster would produce the greatest decrease in solar radiation reaching the surface of Earth for the longest period of time?,"[""a giant tsunami"", ""a strong earthquake"", ""a powerful hurricane"", ""a large volcanic eruption""]",3,arc_easy
In a lake near a farm the growth of algae suddenly increased. This increase was most likely due to which of the following?,"[""a decrease in air temperature"", ""a decrease in water level"", ""fertilizer runoff from the farm"", ""exhaust gases from farm equipment""]",2,arc_easy
Which of these activities makes the MOST air pollution?,"[""Storing trash bags"", ""Reusing trash bags"", ""Burning trash bags"", ""Recycling trash bags""]",2,arc_easy
Bacterial stis can be cured with what?,"[""pesticides"", ""antioxidants"", ""antiviral drugs"", ""antibiotics""]",3,sciq
Sarah's class is learning about mixtures and solutions. Her teacher writes four statements on the board. Which statement best describes a mixture?,"[""Both substances mix evenly."", ""Both substances can evaporate."", ""One substance dissolves into another."", ""One substance can be separated from the other.""]",3,arc_easy
Blood enters the kidney through the which artery?,"[""renal artery"", ""vas deferens"", ""jugular"", ""cardiac artery""]",0,sciq
Each lymph organ has a different job in what system?,"[""immune"", ""respiratory"", ""nervous"", ""circulatory""]",0,sciq
A person protecting the environment they have control over will most likely,"[""block in their yard"", ""salt their whole yard"", ""burn trash in their yard"", ""flood their whole yard""]",0,openbookqa
Scientists have observed an increase in global temperatures over the past 100 years. Which phenomena do scientists believe contributes to the increase in temperatures?,"[""an increase in undersea volcanic activity"", ""a decrease in the distance between Earth and the Sun"", ""an increase in certain gases released during the use of fossil fuels"", ""a decrease in the amount of water on Earth due to overconsumption""]",2,arc_easy
Stopped means lack of what?,"[""warmth"", ""velocity"", ""height"", ""plants""]",1,openbookqa
Icy objects that have very elliptical orbits around the sun are called?,"[""comets"", ""asteroids"", ""craters"", ""meteors""]",0,sciq
the gravitational pull between two objects increases as they are,"[""spun around"", ""brought together"", ""exposed to light"", ""moved apart""]",1,openbookqa
"Tissue is made up of layers of tightly packed cells that line the surfaces of the body, such as skin.","[""weak tissue"", ""neural tissue"", ""epithelial tissue"", ""resultant tissue""]",2,sciq
"if a toy car needed to be measured for its content capacity, which of these might help?","[""an aluminum coated barometer"", ""a metal wind vane"", ""a mercury filled thermometer"", ""a cylinder with standardized markings""]",3,openbookqa
Which is least likely to make a tasty meal for a predator?,"[""a rabbit"", ""a deer"", ""a skunk"", ""a baby moose""]",2,openbookqa
"A system in what state cannot spontaneously change, and therefore can do no work?","[""equality"", ""balance"", ""equilibrium"", ""stability""]",2,sciq
Which of the following would be a reason you are sick?,"[""a cut on your thumb allowed bacteria inside"", ""your hair follicles get dirt on them"", ""your stomach digested a delicious breakfast"", ""your nose allowed water inside""]",0,openbookqa
The western coast of the United States has been increasing in size for millions of years. Which process has added material to the western coast of the United States?,"[""deposition at transform boundaries"", ""accretion at convergent boundaries"", ""landslides at divergent boundaries"", ""meteorite impact at convergent boundaries""]",1,arc_easy
Shivering is when an animal creates heat by shaking to keep the body what?,"[""frozen"", ""freezing"", ""cold"", ""agreeable temperature""]",3,openbookqa
Which elements are found to the right of the zigzag line in the periodic table?,"[""liquids"", ""metals"", ""metals and gases"", ""nonmetals and gases""]",3,arc_easy
What do you call a mixture in which some particles settle out of it when it is left standing?,"[""emulsion"", ""alloy"", ""homogenous"", ""suspension""]",3,sciq
"What are drumlins, eskers, and kettle lakes formed by?","[""earthquakes"", ""meteors"", ""tsunamis"", ""glaciers""]",3,sciq
What is the basic chemical building block of matter; it is the simplest chemical substance?,"[""atoms"", ""element"", ""hydrogen"", ""helium""]",1,sciq
What is the term for a mixture that varies in its composition?,"[""homogeneous"", ""heterogeneous"", ""mixed composition"", ""amorphous""]",1,sciq
Glaciers have been melting since what period?,"[""industrial age"", ""bronze age"", ""pleistocene ice age"", ""stone age""]",2,sciq
What occurs when a population reaches the carrying capacity?,"[""growth stops"", ""growth increases"", ""core stops"", ""impact stops""]",0,sciq
Which profession likely relies most on the Earth's poles?,"[""a bus driver"", ""a salesman"", ""a mechanic"", ""a seaman""]",3,openbookqa
Which rapid changes are caused by heat from inside Earth?,"[""landslides"", ""volcanoes"", ""avalanches"", ""floods""]",1,arc_easy
"A temperature in the negatives during the night got slightly less negative during the day, which means it got more","[""cold"", ""positive"", ""negative"", ""unpredictable""]",1,openbookqa
Some sea grasses grow near a group of palm trees on a sandy shore. Which best describes the role of both the palm trees and sea grasses?,"[""They get energy from living organisms."", ""They turn decaying matter into nutrients."", ""They provide food for other organisms."", ""They absorb oxygen from the environment.""]",2,arc_easy
What basic structures of the nervous system innervate the muscles of the respiratory system and are responsible for controlling and regulating pulmonary ventilation?,"[""toxins"", ""enzymes"", ""neurons"", ""ions""]",2,sciq
What season causes people to look forward to spring?,"[""winter"", ""fall"", ""summer"", ""autumn""]",0,sciq
A plant that forms special tissues for storing water in an arid climate is an example of the plant evolving what?,"[""consciousness"", ""adaptations"", ""divergence"", ""additions""]",1,sciq
What is the name of the tube that joins the mouth to the digestive and respiratory tracts?,"[""larynx"", ""esophagus"", ""pharynx"", ""fallopian tube""]",2,sciq
"Archaeans help break down sewage in waste treatment plants, so they fulfill what important role?","[""producers"", ""consumers"", ""pollenation"", ""decomposer""]",3,sciq
What type of invisible waves are used in microwaves?,"[""convection"", ""electric"", ""thermal"", ""radiation""]",3,sciq
A lion with bones protruding from underneath its fur has been,"[""in a wardrobe"", ""overfed"", ""animated"", ""underfed""]",3,openbookqa
Alicia has lots of old bicycle parts. She wants to build something new with the parts. What is the first thing Alicia should do?,"[""plan the new item"", ""construct the new item"", ""try out the new item"", ""evaluate the new item""]",0,arc_easy
"What part of a sample can be represented by the mean, median, and mode?","[""present tendency"", ""central tendency"", ""outer tendency"", ""large tendency""]",1,sciq
A pulley is used to lift a flag on a flagpole by,"[""moving a rope sideways"", ""putting something in the air"", ""moving things with wheels"", ""yanking string up a wheel""]",3,openbookqa
The formation of the Grand Canyon has most likely taken how long?,"[""several years"", ""hundreds of years"", ""thousands of years"", ""millions of years""]",3,arc_easy
What kind of weathering changes the size of a mineral or rock but does not change its chemical composition?,"[""molecular weathering"", ""chemical reaction"", ""mechanical weathering"", ""radiation""]",2,sciq
Explosions can cause harm to what?,"[""clouds"", ""radio waves"", ""ground crawlers"", ""airflow""]",2,openbookqa
How is the structure of an atom best described?,"[""a negative core surrounded by densely packed matter"", ""a neutral core surrounded by mostly empty space"", ""a positive core surrounded by mostly empty space"", ""a positive core surrounded by densely packed matter""]",2,arc_easy
A chemical reaction can be caused by,"[""pouring soda into milk"", ""putting vinegar in a bowl"", ""bleach vinegar combo solution"", ""pouring baking soda out of a box""]",2,openbookqa
Which continent is covered with an ice cap?,"[""asia"", ""greenland"", ""antarctica"", ""australia""]",2,sciq
What are the two layers of the skin?,"[""dermis and epithelial"", ""epidermis and dermis"", ""epithelial and endometrial"", ""sebaceous and salivary""]",1,sciq
What determines the length and thickness of dna chromosomes?,"[""degree of rna coiling"", ""degree of dna coiling"", ""number of chromosomes"", ""type of dna""]",1,sciq
What can cause objects to repel each other?,"[""fake magnets"", ""smell"", ""identical charges"", ""sunlight""]",2,openbookqa
"Aside from plants, lizards also eat bugs for","[""singing"", ""crying"", ""nothing"", ""sustenance""]",3,openbookqa
"What is a measure of the average amount of energy of motion, or kinetic energy, a system contains called?","[""size"", ""temperature"", ""precipitation"", ""variation""]",1,sciq
Scientists that study dolphins and other life in the ocean are called what?,"[""marine geneticists"", ""marine biologists"", ""ocean biologists"", ""sea biologists""]",1,sciq
Fertilization occurs when an egg and sperm come together to form a what?,"[""cell"", ""infant"", ""zygote"", ""eukaryote""]",2,sciq
What component of cells is present in plant and bacterial cells but not animal cells?,"[""nucleus"", ""plasma"", ""cell wall"", ""mitochondria""]",2,sciq
"Lymph vessels, like veins, have what objects that prevent the backflow of fluid?","[""valves"", ""pores"", ""fibers"", ""pumps""]",0,sciq
Enthalpy changes are measured by using what?,"[""fluorescence"", ""calorimetry"", ""infraction"", ""inversion""]",1,sciq
"Chelicerata are know for their first pair of appendages, also know as what?","[""chelicerae"", ""chelicides"", ""maxillae"", ""ambers""]",0,sciq
"Because conifers carry both male and female sporophylls on the same mature sporophyte, they are considered what type of plant?","[""siliceous"", ""bioecious"", ""dioecious"", ""monoecious""]",3,sciq
"When boron10 absorbs a neutron, what does it emit?","[""particle"", ""light"", ""proteins"", ""calcium""]",0,sciq
What do the cells in the front of a volvox typically develop to help swim towards light?,"[""tumors"", ""sunspots"", ""eyespots"", ""vertebrates""]",2,sciq
Which factor has the greatest effect on a community's stores of freshwater?,"[""the location of the nearest ocean"", ""the average annual rainfall"", ""the location of the nearest mountain"", ""the average winter temperature""]",1,arc_easy
Mitochondria are cell organelles that play a large role in energy processes within the body. Which cells are most likely to have a greater amount of mitochondria?,"[""skin"", ""bone"", ""blood"", ""muscle""]",3,arc_easy
What are two of Earth's natural resources?,"[""nuclear power plants and batteries"", ""forests and nuclear power plants"", ""batteries and waterfalls"", ""forests and waterfalls""]",3,arc_easy
What do we call the force of attraction or repulsion between electrically charged particles?,"[""chemical force"", ""mechanical force"", ""gravitational pull"", ""electromagnetic force""]",3,sciq
"Something that is beneficial to plants, especially garden plants, can be formed","[""in dog bowls"", ""in swamp waters"", ""in living rooms"", ""in microwaves""]",1,openbookqa
Where might you find the primary ingredient for making grilled rabbit in a spicy marinade?,"[""a spacious area mostly covered with trees and undergrowth"", ""inside of an AA battery"", ""an enclosed bank vault"", ""at the bottom of a bleached coral reef""]",0,openbookqa
Some caterpillars use camouflage to look like,"[""Anger"", ""poop"", ""love"", ""Sarcastic""]",1,openbookqa
it's important to recycle metals because they are,"[""dangerous to produce"", ""nonrenewable"", ""hard to mine"", ""expensive""]",1,openbookqa
"Besides the endocrine system, what other system exerts control over all the organ systems of the body?","[""circulatory system"", ""abnormal system"", ""skeleton system"", ""nervous system""]",3,sciq
To keep a pet salamander healthy what would come in handy?,"[""live house flies"", ""a dog"", ""plant fertilizer"", ""snakes""]",0,openbookqa
Genetic equilibrium occurs when what process doesn't exist within the population?,"[""movement"", ""reproduction"", ""variation"", ""evolution""]",3,sciq
"Once a plant cell becomes specialized, what can they no longer do?","[""photosynthesis"", ""divide"", ""osmosis"", ""cellular respiration""]",1,sciq
A group of cells performing the same function in the body is called,"[""a tissue."", ""an organelle."", ""an organism."", ""a system.""]",0,arc_easy
What might arthropods use as legs for walking?,"[""jointed appendages"", ""flagella"", ""cloven hooves"", ""antennae""]",0,sciq
"Our bodies use what, primarily in the form of glucose, for our immediate energy needs - although they are not as energy dense or capable of long-term storage as lipids?","[""enzymes"", ""carbohydrates"", ""proteins"", ""electrolytes""]",1,sciq
"When light is bounced off a mirror, the light is","[""reflected."", ""refracted."", ""absorbed."", ""diffracted.""]",0,arc_easy
What is the primary function of skin cells?,"[""to deliver messages to the brain"", ""to generate movement of muscles"", ""to provide a physical barrier to the body"", ""to produce carbohydrates for energy""]",2,arc_easy
A person avoiding UV rays would,"[""gather seashells at the beach"", ""sunbathe in their yard"", ""dig a trench outdoors"", ""close their bedroom blinds""]",3,openbookqa
The seven bones of the ankle are called the what?,"[""ankular"", ""femurs"", ""tarsals"", ""termals""]",2,sciq
"An ocean, a forest, and a grassy meadow are each examples of a complete ecosystem. Complete ecosystems contain only","[""animals."", ""rocks and water."", ""living and nonliving things."", ""populations of plants and animals.""]",2,arc_easy
Which type of ecosystem has the greatest variation in temperature from its top to its bottom?,"[""lake"", ""pond"", ""ocean"", ""estuary""]",2,arc_easy
In which of these locations is the winter solstice on December 21st?,"[""Panama"", ""New Zealand"", ""South Africa"", ""Argentina""]",0,openbookqa
What's the name for an organic compound in which halogen atoms are substituted for hydrogen in a hydrocarbon?,"[""sodium halide"", ""alkyl halide"", ""alcohol"", ""glucose""]",1,sciq
What type of equations allows calculation of the wavelength of any moving object?,"[""fluctuations wave"", ""debroglie wave"", ""develpoment wave"", ""disc wave""]",1,sciq
"What system in both males and females consists of structures that produce reproductive cells, or gametes, and secrete sex hormone?","[""reproductive"", ""immune system"", ""digestion"", ""circulatory system""]",0,sciq
Characteristics of an organism are passed from one generation to the next through what?,"[""genes"", ""sperm"", ""eggs"", ""ribosomes""]",0,sciq
What happens to water when it freezes?,"[""changes to gas"", ""it shrinks"", ""changes volume"", ""it expands""]",3,sciq
"The cytoskeleton is a cellular ""scaffolding"" or ""skeleton"" that crisscrosses what?","[""golgi apparatus"", ""cerebellum"", ""cell membrane"", ""cytoplasm""]",3,sciq
The electronegativity of an element increases with increasing of what state?,"[""isolation"", ""oxidation"", ""conduction"", ""evaporation""]",1,sciq
To protect against the noon day sun you might use,"[""an opaque bandana"", ""a short haircut"", ""transparent baseball cap"", ""a sunny smile""]",0,openbookqa
Melanin in skin is produced in response to exposure to what type of light?,"[""x rays"", ""visible light"", ""uv light"", ""infrared light""]",2,sciq
Name the process of removing wastes from the body.,"[""excretion"", ""depletion"", ""degradation"", ""filtration""]",0,sciq
What comes directly from the source?,"[""Plastic"", ""Denim"", ""Lumber"", ""White sugar""]",2,openbookqa
What type of machines generally have lower efficiency but greater mechanical advantage?,"[""calculation machines"", ""simple machines"", ""radical machines"", ""compound machines""]",3,sciq
What information would be most helpful to a person with allergies when selecting food products?,"[""the ingredients"", ""the serving size"", ""the nutritional information"", ""the company that makes it""]",0,arc_easy
From what did the first proto-oncogenes arise?,"[""viral infections"", ""carcinogens"", ""bacteria"", ""spores""]",0,sciq
A student wants to know which type of soil holds the most water. Which action should the student most likely do to answer the question?,"[""compare how the soils are alike"", ""put the soils into different groups"", ""record the weight of the soil"", ""watch how quickly the soil drains""]",3,arc_easy
What happens when mercury is placed in water?,"[""it dissolves"", ""it sinks"", ""it floats"", ""it hardens""]",1,openbookqa
Surviving megaspores develop into what?,"[""multicellular male gametophytes"", ""multicellular female gametophytes"", ""singular celled female gametophytes"", ""null gametophytes""]",1,sciq
A farmer sprayed his orange trees with a pesticide to eliminate the insects damaging the trees. Some of the insects survived and produced offspring that were also resistant to the insecticide. Which process is illustrated by the pesticide resistance of the offspring?,"[""natural selection"", ""selective breeding"", ""aerobic respiration"", ""sexual reproduction""]",0,arc_easy
What is the smallest particle of an element that still has the properties of that element is called?,"[""atom"", ""neutron"", ""proton"", ""nucleus""]",0,sciq
Which of these statements best describes the rock cycle?,"[""Layers of rock are broken by faults."", ""Rocks in the ocean become rocks on land."", ""Lunar rocks change into terrestrial rocks."", ""New rocks form from older rocks.""]",3,arc_easy
A binary molecular compound is a molecular compound that is composed of what?,"[""two atoms"", ""four atoms"", ""two elements"", ""four elements""]",2,sciq
Which statement best describes how energy transfer within Earth's atmosphere can affect a weather condition?,"[""During radiation, objects directly transfer heat to each other which affects the air temperature."", ""During radiation, electromagnetic waves transfer heat and light energy which affects the air temperature."", ""During convection, objects directly transfer heat to each other which affects the amount of precipitation."", ""During convection, electromagnetic waves transfer heat and light energy which affects the amount of precipitation.""]",1,arc_easy
Where are electrons located in relation to the nucleus?,"[""outside the nucleus"", ""In a sack attached to the nucleus"", ""though the nucleus"", ""in the nucleus""]",0,sciq
What is the term for an infection caused by a fungal parasite?,"[""mydriasis"", ""mycosis"", ""acrobasis"", ""mitosis""]",1,sciq
Oscillations in the transcription of certain genes are at the heart of the molecular mechanisms underlying what biological rhythms?,"[""circadian rhythms"", ""brain rhythms"", ""reproductive rhythms"", ""metastasis rhythms""]",0,sciq
What is the name for medical doctors that specialize in the diagnosis and treatment of diseases of the heart?,"[""physicists"", ""cardiologists"", ""Doctors"", ""surgeons""]",1,sciq
"A creature of a certain age lays a clutch, so it is probably a","[""deer"", ""hare"", ""falcon"", ""bear""]",2,openbookqa
What basic plant structure is the site of photosynthesis?,"[""leaves"", ""spores"", ""roots"", ""nucleus""]",0,sciq
A granite counter top,"[""will always cost more than a mountain"", ""should be cleaned with mineral water"", ""is only found in a kitchen"", ""is made of minerals""]",3,openbookqa
What is the term for a random change in allele frequencies that occurs in a small population?,"[""genetic drift"", ""speciation"", ""mutation"", ""evolution""]",0,sciq
Muscle groups are controlled by what mechanism?,"[""activation energy"", ""motor cortex"", ""growth hormones"", ""cerebral cortex""]",1,sciq
A student performed an experiment to see how long it would take for a cup of water to freeze. Which information would another student most likely need in order to perform the same experiment?,"[""the time to begin"", ""the volume of the cup"", ""the temperature of the ice"", ""the type of thermometer to use""]",1,arc_easy
What is the goal of science?,"[""improve knowledge"", ""increase knowledge"", ""gain scholarships"", ""improve life expectancy""]",1,sciq
"Which law states that a pair of alleles is separated, or segregated, during the formation of gametes?","[""de facto segregation"", ""law of segregation"", ""separation anxiety"", ""law of equals""]",1,sciq
Roots grow in length and width from the primary and secondary what?,"[""pistil"", ""meristem"", ""leaf"", ""frill""]",1,sciq
What produces hormones that directly regulate body processes?,"[""hippocampus"", ""lymph glands"", ""hypothalamus"", ""pancreas""]",2,sciq
"Mark wants to make lemonade for his friends. He uses water, lemon juice, and sugar. Which of these best describes the lemonade?","[""a mixture"", ""a metal"", ""an element"", ""a compound""]",0,arc_easy
Mutations cannot be passed on to offspring if they occur in what type of cells?,"[""body cells"", ""kept cells"", ""blood cells"", ""put cells""]",0,sciq
Most taste buds on the tongue are associated with nipple-shaped projections called what?,"[""antennae"", ""mucosa"", ""cilia"", ""papillae""]",3,sciq
Poison causes harm to what things?,"[""vibrant"", ""mineral"", ""dead"", ""decaying""]",0,openbookqa
A decrease in trees may be attributed to,"[""dendrophilia"", ""hiking enthusiasts"", ""increased chainsaw sales"", ""nature photographers""]",2,openbookqa
Water molecules move about continuously due to what type of energy?,"[""seismic"", ""potential"", ""optical"", ""kinetic""]",3,sciq
What is one way of classifying organisms called?,"[""cluster"", ""tuck"", ""clade"", ""spasm""]",2,sciq
A mother births what?,"[""light"", ""elements"", ""younglings"", ""nothing""]",2,openbookqa
What two elements make up about 99 percent of the air?,"[""nitrogen and phosphorus"", ""helium and boron"", ""nitrogen and oxygen"", ""phosphorus and oxygen""]",2,sciq
What does fluorine attract better than any other element?,"[""ionic bonds"", ""shared electrons"", ""magnets"", ""electron shells""]",1,sciq
"Part of the fossil record, stromatolites belong to what rock group and are formed when minerals are precipitated out of water by prokaryotes in a microbial mat?","[""metamorphic"", ""sedimentary"", ""crystalline"", ""igneous""]",1,sciq
A microscope is useful for looking at,"[""giraffes"", ""trees"", ""butterflies"", ""sea life""]",3,openbookqa
Which adaptation allows a walrus to stay warm in cold water?,"[""reddish coat"", ""bristly mustache"", ""wrinkled skin"", ""thick layer of blubber""]",3,arc_easy
Which is most likely a cause of camouflage's effectiveness?,"[""a predator's eye sight"", ""a predator's sense of hearing"", ""a predator's sense of style"", ""a predator's poor smelling""]",0,openbookqa
A person speaks English as her first language because,"[""media is mainly in English"", ""school is in English"", ""she was genetically predisposed"", ""she watched her parents speak""]",3,openbookqa
What can we learn by studying fossils?,"[""how hurricanes formed long ago"", ""how the solar system was formed"", ""the cause of strong earthquakes"", ""how Earth's environments have changed""]",3,arc_easy
A tree uses gas A to produce gas B. An animal uses gas B to produce gas A. What is gas B in this cycle?,"[""oxygen"", ""nitrogen"", ""carbon dioxide"", ""carbon monoxide""]",0,arc_easy
What is another term for foodborne illness?,"[""pathogen"", ""disease"", ""cancer"", ""food poisoning""]",3,sciq
"A student performs an experiment and the results are shown below: Before- Iron filings are brown, small, and magnetic: Copper sulfate crystals are blue, brittle, and not magnetic. After- The copper formed was reddish, solid, and not magnetic: Iron sulfide solution was colorless and not magnetic. Which statement supports that a chemical reaction took place?","[""Changes in color occurred."", ""A new substance was formed."", ""A physical change in the iron occurred."", ""The original substances were present after.""]",1,arc_easy
What is a complex machine that burns fuel to produce thermal energy and then uses the thermal energy to do work?,"[""vapor engine"", ""convection oven"", ""battery"", ""combustion engine""]",3,sciq
What slow process is required for formation of soil?,"[""leaching"", ""weathering"", ""fossilization"", ""digestion""]",1,sciq
"A person makes dresses and everyone in a location buys them. Once everyone has bought a dress, the dress sales","[""boom"", ""grow"", ""cease"", ""increase""]",2,openbookqa
"In humans, pharyngeal slits later develop into what?","[""middle ear"", ""outer ear"", ""long ear"", ""inner ear""]",0,sciq
"Ms. Bristol measured the mass of a closed beaker containing several ice cubes. The mass was 100 g. An hour later, after the ice cubes had melted, Ms. Bristol measured the mass of the beaker again. What was the mass of the beaker of water the second time?","[""50 g"", ""75 g"", ""100 g"", ""125 g""]",2,arc_easy
Which describes the proper usage of bird beaks?,"[""skinny beats are best for sucking blood, fat beaks eat only eggs"", ""skinny beaks work in only large spaces, fat beaks can only fit in narrow spaces"", ""skinny beaks work to reach small spaces, fat beaks crack nuts"", ""skinny beaks work to filet fish, fat beaks are useless""]",2,openbookqa
What is the term for the unconscious movements controlled by the somatic nervous system?,"[""senses"", ""mechanisms"", ""reflexes"", ""tremors""]",2,sciq
The reaction of an alkyl halide with an inorganic hydroxide base at elevated temperature produces what?,"[""blood"", ""methane"", ""yeast"", ""an alcohol""]",3,sciq
"When Earth's shadow falls on the Moon, the shadow causes a","[""high tide"", ""low tide"", ""lunar eclipse"", ""Moon phase""]",2,arc_easy
"In a lab, a bacterial strain shows resistance to an antibiotic. The presence of the antibiotic allows an existing variant within the genetic code to help the bacteria survive. The resistance of bacteria due to an existing genetic variant can be best described as which process?","[""natural selection"", ""selective breeding"", ""asexual reproduction"", ""behavioral adaptation""]",0,arc_easy
"Catalytic converters used on motor vehicles break down pollutants in what, yielding non-toxic compounds?","[""muffler"", ""exhaust"", ""oil"", ""intake""]",1,sciq
What attracts the earth to the sun?,"[""weight"", ""light"", ""gravity"", ""the moon""]",2,sciq
"The diet of a brown bear includes roots, grasses, berries, nuts, fish, insects, and mammals. Based on this description, in what category is a brown bear?","[""carnivore"", ""herbivore"", ""omnivore"", ""decomposer""]",2,arc_easy
What item's housing is made of metal?,"[""butter"", ""cola"", ""tea"", ""syrup""]",1,openbookqa
"A person takes a page out of a book and crumples it, so the page is","[""flat"", ""smooth"", ""torn"", ""round""]",3,openbookqa
Xylem cells have very thick walls. They make up most of a tree trunk and its branches. What system in vertebrates provides the same function as the xylem cells in a tree?,"[""the skeletal system"", ""the endocrine system"", ""the respiratory system"", ""the integumentary system""]",0,arc_easy
"Objects moving at different speeds, in different directions have different what?","[""velocities"", ""vibrations"", ""electrons"", ""protons""]",0,sciq
Which would cause the most soil to erode from a river bank in just a few days?,"[""animals climbing up the river bank"", ""acid rain falling onto the river bank"", ""heat from the sun drying the river bank"", ""water from a flood flowing over the river bank""]",3,arc_easy
How do they classify tornadoes?,"[""wind density"", ""amount of destruction"", ""wind temperature"", ""wind speed""]",3,sciq
Which situation is the best example of ecological succession?,"[""An organism survives a difficult winter."", ""The populations in an area remain the same."", ""One species replaces another species in an ecosystem."", ""Each of several species uses the same amount of resources.""]",2,arc_easy
What collect data on the land and sea in regards to the weather?,"[""weather stations"", ""thermal stations"", ""wind stations"", ""turbine stations""]",0,sciq
"In an experiment studying phototropism, students grew bean plants in labeled cardboard milk cartons. Afterward, the plants and soil were properly discarded. Which instruction line BEST conserves the remaining resources?","[""recycle the markers, reuse the milk cartons"", ""reuse the markers, discard the milk cartons"", ""discard the markers, reuse the milk cartons"", ""reuse the markers, recycle the milk cartons""]",3,arc_easy
A diet rich in calcium and what vitamin may reduce the risk of osteoporosis and related bone fractures?,"[""niacin"", ""vitamin d"", ""vitamin C"", ""vitamin A""]",1,sciq
What kind of insects lays eggs during the adult stage of its life cycle?,"[""All"", ""large"", ""queen"", ""Male""]",2,openbookqa
"What can be inferred from a food product advertisement that claims ""30% less fat than our leading competitors""?","[""It is a sugar-free product."", ""It will help a person lose weight."", ""It is the healthiest choice available."", ""The fat content of the item is reduced.""]",3,arc_easy
In which state does matter need to be for nuclear fusion?,"[""plasma state"", ""solid state"", ""gaseous state"", ""cells state""]",0,sciq
The actinides are all what type of elements?,"[""radioactive"", ""nuclear"", ""multiple"", ""large""]",0,sciq
"Living organisms are comprised of organic compounds, which are molecules built around what element?","[""carbon"", ""silicon"", ""helium"", ""oxygen""]",0,sciq
Which organ in the body controls the amount of water loss in urine in response to maintaining homeostasis?,"[""lungs"", ""liver"", ""spleen"", ""kidneys""]",3,sciq
A boy that has two legs and two arms has parents that have,"[""nearly an arm and a leg"", ""the same number limbs"", ""their left arms only"", ""one right leg each""]",1,openbookqa
What planet has the most volcanoes?,"[""Mars"", ""Earth"", ""uranus"", ""venus""]",3,sciq
What do covalent bonds give atoms a more stable arrangement of?,"[""electrons"", ""neutrons"", ""cell walls"", ""protons""]",0,sciq
The fungus benefits from the constant supply of food produced by what?,"[""the host"", ""the spermatophyte"", ""the phytoflagellate"", ""the photosynthesizer""]",3,sciq
What is the scientific term for the act of eating or feeding?,"[""secretion"", ""ingestion"", ""swallowing"", ""excretion""]",1,sciq
The calvin cycle and light reactions are the two stages of what process?,"[""condensation"", ""evaporation"", ""photosynthesis"", ""cell growth""]",2,sciq
Energy transferred solely due to a temperature difference is called?,"[""chemical energy"", ""magnetic energy"", ""heat"", ""humidity""]",2,sciq
"In humans, there are five primary tastes, and each taste has only one corresponding type of what?","[""organ"", ""neuron"", ""membrane"", ""receptor""]",3,sciq
Nitrogen wastes are produced by the breakdown of what during normal metabolism?,"[""enzymes"", ""proteins"", ""lipids"", ""hormones""]",1,sciq
What exactly happens during rna translation?,"[""carbohydrate is synthesized"", ""protein is synthesized"", ""chromosome is synthesized"", ""membrane is synthesized""]",1,sciq
Which term best describes body system defects that offspring may express when born?,"[""congenital"", ""environmental"", ""acquired"", ""infectious""]",0,arc_easy
"Population growth depends on birth rates and death rates, as well as what?","[""industrialization"", ""communication"", ""marriage"", ""migration""]",3,sciq
G2 and s are phases in what process that is important in cell division?,"[""tissues"", ""osmosis"", ""cytokinesis"", ""mitosis""]",3,sciq
The force necessary to keep planets in orbit around the Sun is,"[""gravity."", ""friction."", ""magnetism."", ""nuclear.""]",0,arc_easy
Which of the following is a description of an organism's development?,"[""A sunflower grows toward the Sun."", ""A Venus's-flytrap plant closes its leaves around a fly."", ""An egg hatches, grows into a tadpole and then into a frog."", ""A lizard loses its tail and grows a new one.""]",2,arc_easy
A toad would have better hiding places,"[""on a house rooftop"", ""in a glass bottle"", ""on a forest floor"", ""with a parachute skydiving""]",2,openbookqa
In which way do sunspots occur?,"[""by themselves"", ""in fours"", ""in threes"", ""in pairs""]",3,sciq
The hepatitis virus attacks only cells of what organ?,"[""lungs"", ""kidney"", ""brain"", ""liver""]",3,sciq
What is the main problem in both types of diabetes?,"[""metabolism"", ""blood concentration"", ""blood pressure"", ""insulin production""]",3,sciq
What is it called when sound is reflected off an object?,"[""echo"", ""amplification"", ""reverberation"", ""signal""]",0,sciq
What living species of bird is considered the  largest of the raptors?,"[""California condor"", ""peregrine falcon"", ""pteradactyl"", ""golden eagles""]",3,sciq
What do scientists think are the oldest eukaryotes?,"[""arthropods"", ""fungi"", ""protists"", ""prokaryotes""]",2,sciq
Burning fossil fuels releases what into the atmosphere?,"[""carbon monoxide"", ""phosphorus dioxide"", ""nitrogen dioxide"", ""carbon dioxide""]",3,sciq
Bacteria,"[""is lacking in any benefits to an organism"", ""is unable to infect any organisms"", ""can be beneficial and detrimental to an organism's health"", ""is always harmful to an organism""]",2,openbookqa
What property of food is determined by burning the food and measuring the heat released?,"[""acidity"", ""nutrients"", ""additives"", ""calories""]",3,sciq
Hydras and sea anemones are examples of what form?,"[""node"", ""lesions"", ""polyp"", ""anemone""]",2,sciq
Which is the least massive?,"[""the Earth"", ""the moon"", ""the sun"", ""the solar system""]",1,openbookqa
A difference between the oceanic crust and the continental crust is that the oceanic crust is,"[""composed chiefly of sedimentary rocks."", ""more dense than the continental crust."", ""older than the continental crust."", ""continually being created.""]",1,arc_easy
In which part of a tree does photosynthesis most likely take place?,"[""bark"", ""roots"", ""trunk"", ""leaves""]",3,arc_easy
"The small, rocky bodies that orbit the sun are called what?","[""asteroids"", ""meteorites"", ""fossils"", ""comets""]",0,sciq
"If a lot of people have forgotten about a product, the amount of money made by the person selling it will be","[""much higher"", ""unchanged"", ""rising slowly"", ""lower than before""]",3,openbookqa
Who's health does illness impact?,"[""an animate object"", ""a blue object"", ""a dead object"", ""an inanimate object""]",0,openbookqa
What is the only mechanism that consistently causes adaptive evolution?,"[""natural selection"", ""neutral selection"", ""artificial selection"", ""genetic drift""]",0,sciq
Plants can tell the time of day and time of year by sensing and using various wavelengths of what,"[""moisture"", ""lunar cycles"", ""precipitation"", ""sunlight""]",3,sciq
Lymph capillaries collect fluid that leaks out of what?,"[""bladder"", ""alveoli"", ""blood capillaries"", ""lymph nodes""]",2,sciq
What results when the water vapor from a hot shower contacts the cooler surface of a mirror?,"[""the mirror breaks"", ""mirror brightens"", ""cleaner mirror"", ""foggy mirror""]",3,sciq
"Spirals, spheres, and rods are examples of what distinguishing property of bacteria?","[""function"", ""color"", ""organ"", ""shape""]",3,sciq
A student places a pan of water on the stove. What happens to some of the water as it is heated to a boil?,"[""It becomes a gas."", ""It becomes a solid."", ""It gets new atomic bonds."", ""It gets destroyed.""]",0,arc_easy
Being stronger has what impact on a creatures health?,"[""bad impact"", ""unexpected complications"", ""minimum effect"", ""good influence""]",3,openbookqa
Which involves the greatest variety of cell types?,"[""a tissue"", ""an organ"", ""an organ system"", ""an organism""]",3,arc_easy
What has more mass than the moon?,"[""your home planet"", ""Skylab"", ""the Atlantic ocean"", ""pluto""]",0,openbookqa
What makes breathing difficult due to respiratory system disease?,"[""weak lungs"", ""slippery air passages"", ""narrow air passages"", ""water in the lungs""]",2,sciq
What happens when turgid cells in a nonwoody tissue push against each other?,"[""the tissue stiffens"", ""the tissue melts"", ""the tissues merge"", ""the tissue dies""]",0,sciq
A phase diagram plots temperature and what else?,"[""pressure"", ""power"", ""movement"", ""friction""]",0,sciq
What makes luminous dials glow in the dark?,"[""phosphorescent substances"", ""devil substances"", ""eerie substances"", ""polymer substances""]",0,sciq
"Named after the dutch physicist, the van de graaff is a type of what device used for nuclear research?","[""accelerator"", ""electromagnetic"", ""barometer"", ""radiation detector""]",0,sciq
An animal species' population may decrease because of,"[""construction activity"", ""mating"", ""more food"", ""growth""]",0,openbookqa
Two fridge decorations when touched back to back,"[""shove each other away"", ""are attracted to each other"", ""have very little reaction"", ""are reflective when together""]",0,openbookqa
More sunlight will be absorbed by,"[""a daffodil with curled leaves"", ""small plant with tiny leaves"", ""a plant with wide, smooth leaves"", ""a daisy with thin, short leaves""]",2,openbookqa
Energy from sunlight is absorbed by what pigment in the thylakoid membrane of chloroplasts?,"[""chlorophyll"", ""keratin"", ""melatonin"", ""tannin""]",0,sciq
What type of tissue covers the outside of a plant?,"[""porous"", ""anterior"", ""epidermal"", ""dermal""]",3,sciq
What is the structure which hangs from a newly hatched salmon larva?,"[""air sac"", ""liquid sac"", ""stomach sac"", ""yolk sac""]",3,sciq
"What type of gases are used for balloons, light bulbs and lighted signs?","[""ignoble"", ""noble"", ""heavy"", ""helium""]",1,sciq
What requires energy for survival?,"[""air"", ""giraffes"", ""rocks"", ""sand""]",1,openbookqa
Which of these are required for a mother cat to have the same whisker length as her daughter?,"[""rock music"", ""jeans"", ""magic"", ""genes""]",3,openbookqa
All alkaline earth metals have similar properties because they all have two what?,"[""balanced electrons"", ""transitions electrons"", ""valence electrons"", ""caesium electrons""]",2,sciq
What is the largest organelle in a eukaryotic cell?,"[""epidermis"", ""nucleus"", ""apoptosis"", ""cortex""]",1,sciq
An example of instinctive behavior is,"[""southern winter flight"", ""foreging"", ""climbing"", ""relocation""]",0,openbookqa
What group of elements does sodium belong to?,"[""alkali metals"", ""metalloids"", ""noble gases"", ""halogens""]",0,sciq
The phases of the Moon are daily changes in the appearance of the Moon. One reason Moon phases occur is because the Moon reflects sunlight. Which is another reason that the phases of the Moon occur?,"[""Earth is tilted on the axis."", ""The Moon rises and sets."", ""The Moon orbits Earth."", ""Earth orbits the Sun.""]",2,arc_easy
The electromagnetic spectrum is described as a,"[""series of colors of the rainbow."", ""list of radioactive elements."", ""band of frequencies of light waves."", ""range of conductivity of metals.""]",2,arc_easy
Chitin is a substance that is found in what part of animals like beetles and lobsters?,"[""brains"", ""tails"", ""eggs"", ""shell""]",3,sciq
What is the most important way that humans communicate?,"[""language"", ""painting"", ""instinct"", ""inheritance""]",0,sciq
To protect yourself from blisters you may try,"[""a bandaid"", ""fur"", ""a rainbow"", ""a chicken""]",0,openbookqa
A storm moving over the earth will dump more rain on a,"[""arctic"", ""desert"", ""meadow"", ""sandy area""]",2,openbookqa
They looked where the log decayed to garden as it would leave the earth,"[""richer"", ""dryer"", ""sandy"", ""harder""]",0,openbookqa
A plant needing to photosynthesize will best be able to,"[""in a roofless room"", ""in a cardboard box"", ""in a windowless room"", ""in a car with tinted windows""]",0,openbookqa
If you wanted to see snow year round you would go to the,"[""new zealand"", ""arctic"", ""hawaii"", ""beach""]",1,openbookqa
What branch of science deals with the effects people have on the environment?,"[""physical science"", ""environmental science"", ""ecological science"", ""cultural science""]",1,sciq
What are these examples of: a person riding a carousel and a skydiver in free fall?,"[""vibration"", ""acceleration"", ""centripetal force"", ""centrifugal force""]",1,sciq
New vaccines for diseases are being developed all the time. How do vaccines most likely help people?,"[""Vaccines help prevent illnesses."", ""Vaccines keep the environment cleaner."", ""Vaccines help cure people who are sick."", ""Vaccines kill bacteria that cause infections.""]",0,arc_easy
The shape of the moon appears to change regularly during each month. Which of the following best explains why the shape of the moon appears to change?,"[""The Earth turns on its axis."", ""The Moon turns on its axis."", ""The Moon orbits around the Earth."", ""Clouds cover the Moon.""]",2,arc_easy
"In the u. s. , the majority of electricity is produced by burning coal or what else?","[""hydroelectic"", ""solar"", ""fossil fuels"", ""wind power""]",2,sciq
The limit to how much solute will dissolve in a given amount of solvent is called what?,"[""density"", ""potency"", ""solubility"", ""strength""]",2,sciq
What is the vector sum of all the torques acting on the object called?,"[""critical torque"", ""total torque"", ""net torque"", ""gross torque""]",2,sciq
The energy a chemical reaction needs to get started is called what kind of energy?,"[""function"", ""activation"", ""fusion"", ""conduction""]",1,sciq
Carbon and what are the second and third most abundant elements in your body?,"[""helium"", ""hydrogen"", ""calcium"", ""mercury""]",1,sciq
"The more factories and cars there are releasing gas in the air, the harder it will be to","[""lay down"", ""to space"", ""go stargazing"", ""sit down""]",2,openbookqa
An aquifer is an underground layer of rock that is saturated with what?,"[""ocean water"", ""wastewater"", ""groundwater"", ""oil""]",2,sciq
"Pheromones enable what, which is vital for organisms like ants that live in a large community?","[""adaptation"", ""communication"", ""migration"", ""asexual reproduction""]",1,sciq
"If a sunbeam shoots through a rainstorm,","[""hues show up"", ""fields are burned"", ""trees blow up"", ""mice grow up""]",0,openbookqa
To prepare hamburgers and hot dogs for eating you need,"[""glitter"", ""a firepit"", ""snowmen"", ""arsenic""]",1,openbookqa
Pumpkin pie spice comes from,"[""animals"", ""plants"", ""rocks"", ""air""]",1,openbookqa
Which must be present in order for something to be classified as an organism?,"[""nucleus"", ""organ"", ""cell"", ""organelle""]",2,arc_easy
"What occurs when the crests of one wave overlap the troughs, or lowest points, of another wave?","[""harmful interference"", ""random interference"", ""constructive interference"", ""destructive interference""]",3,sciq
"if the particles in an electric rig were immobile, what would result from that?","[""there will be a shock current"", ""the circuit will fail to power"", ""there would be a short circuit"", ""there would be current overload""]",1,openbookqa
What word describes a carbonyl where the carbon atom makes single bonds with two others?,"[""ketones"", ""ions"", ""photons"", ""acetone""]",0,sciq
What can be calculated given the mass and speed of an object?,"[""harmonic energy"", ""residual energy"", ""systematic energy"", ""kinetic energy""]",3,sciq
"Capillaries in the chorionic villi filter fetal wastes out of the blood and return clean, oxygenated blood to the fetus through what?","[""umbilical vein"", ""Back Vein"", ""skin vein"", ""separates vein""]",0,sciq
Termites eat wood but cannot digest it. Protozoans live in the termites' stomachs and use enzymes to break down the wood. The digested wood provides nutrition for both the termites and the protozoans. What type of relationship is this?,"[""mutualism"", ""parasitism"", ""predation"", ""commensalism""]",0,arc_easy
"In a recycling program, people can separate paper from their other trash. The paper is sent to factories and turned into new products. What does paper recycling help conserve the most?","[""air"", ""gasoline"", ""trees"", ""water""]",2,arc_easy
What is most necessary for a  bitcoin operation,"[""abacus"", ""metal"", ""plastic"", ""wood""]",1,openbookqa
What is considered the center of the solar system?,"[""sun"", ""earth"", ""heat"", ""nebulla""]",0,sciq
"After fertilization, how many cells does a zygote form into?","[""two"", ""one"", ""six"", ""three""]",0,sciq
What is most energy that is lost to the environment lost as?,"[""gravity"", ""vapor"", ""heat"", ""precipitation""]",2,sciq
Matter undergoing chemical reactions and physical changes can release or absorb heat. a change that releases heat is called what?,"[""magnetic process"", ""exothermic process"", ""biochemical process"", ""oxidized process""]",1,sciq
An animal needing to be warmer could,"[""starve"", ""eat more"", ""go out"", ""diet""]",1,openbookqa
Which is most responsible for reflecting incoming solar heat back to space?,"[""clouds"", ""mountains"", ""ozone layers"", ""trade winds""]",0,arc_easy
Why do  berries exist?,"[""reproducing"", ""food for animals"", ""growth"", ""food storage""]",0,openbookqa
"Jake's cats eat food from a can. The cats come running into the kitchen when they hear the electric can opener. Now, each time Jake's mother opens a can of corn, the cats come running. This is an example of","[""learned behavior"", ""correct behavior"", ""instinct"", ""migration""]",0,arc_easy
"Red blood cells do not perform aerobic respiration, but they do perform what process that is nearly universal to organisms?","[""glycolysis"", ""reproduction"", ""mitosis"", ""digestion""]",0,sciq
"A student heated a pan of soup on a stove. While stirring the soup with a metal spoon, the student noticed the spoon became very warm. What is the most likely reason the spoon became warm?","[""The stirring action heated the spoon."", ""Warm air in the room heated the spoon."", ""Heat from the soup was transferred to the spoon."", ""The student's hand transferred heat to the spoon.""]",2,arc_easy
"If a neutral atom loses an electron, what is formed?","[""A gas"", ""An ion"", ""An acid"", ""A molecule""]",1,arc_easy
Most terrestrial vertebrates have what type of lungs?,"[""internal"", ""external"", ""mechanical"", ""extra""]",0,sciq
Coal was made from the remains of which ancient ecosystem?,"[""rocky islands"", ""fertile valleys"", ""green swamps"", ""fast-flowing rivers""]",2,arc_easy
A _______ of biology is a fundamental concept that is just as true for a bee or a sunflower as it is for us.,"[""hypothesis"", ""theory"", ""principle"", ""notion""]",2,sciq
Mountain building and earthquakes are some of the responses of rocks when subected to what?,"[""time"", ""stress"", ""weather"", ""erosion""]",1,sciq
Food is less risky to consume when,"[""spoiled"", ""fully cooked"", ""defecated on"", ""rotted""]",1,openbookqa
What material is regularly used in human hip and knee implants?,"[""wood"", ""metal"", ""coal"", ""glass""]",1,sciq
"What is the term for disease-causing agents, such as bacteria and viruses?","[""pathogens"", ""parasites"", ""vaccines"", ""spores""]",0,sciq
Someone who believes something despite the evidence is referred to by what term that references a false belief about our planet?,"[""geocentric-earther"", ""conspiracy theorist"", ""solid - earther"", ""flat-earther""]",3,sciq
Name the physical phenomenon of the ocean that has a significant impact on both ocean life and human life.,"[""el nino"", ""el nieto"", ""el pino"", ""las nino""]",0,sciq
What is the pairing of an adult male to an adult female to produce young?,"[""evolution"", ""asexual reproduction"", ""mating"", ""binary fission""]",2,sciq
"Metals, metalloids, and nonmetals are the different classes of what?","[""compounds"", ""structures"", ""elements"", ""ions""]",2,sciq
Most radioactive emissions that people are exposed to are on the order of a few dozen what?,"[""ticks"", ""millirems"", ""millivolts"", ""micrograms""]",1,sciq
What do people apply to their lawns that causes water pollution?,"[""seeds"", ""chemicals"", ""water"", ""manure""]",1,sciq
Most hormones are produced by which human organ system?,"[""digestive"", ""endocrine"", ""respiratory"", ""nervous""]",1,arc_easy
What makes a body stronger?,"[""parking far away"", ""travelling by air"", ""reading technical books"", ""having multiple children""]",0,openbookqa
Most of food's chemical energy ultimately comes from what source?,"[""plants"", ""sunlight"", ""minerals"", ""air""]",1,sciq
"The three units of kpa, atm or mmhg commonly measure what?","[""resistance"", ""weight"", ""energy"", ""pressure""]",3,sciq
How many limbs do all mammals have?,"[""three"", ""it varies"", ""four"", ""two""]",2,sciq
What is the name for the line dividing the earth's hemispheres?,"[""latitude"", ""equator"", ""plate"", ""longitude""]",1,sciq
"Programmed cell death, which goes by what term, is important for removing damaged or unnecessary cells?","[""mytosis"", ""synthesis"", ""mutations"", ""apoptosis""]",3,sciq
A tight metal lid on a jar of pickles may loosen when it has been held in hot water. This is because the hot water causes the,"[""glass jar to contract"", ""metal lid to contract"", ""glass jar to expand more than the metal lid expands"", ""metal lid to expand more than the glass jar expands""]",3,arc_easy
Genes are a vehicle that can pass,"[""hairstyle"", ""hand size"", ""nail polish"", ""vocabulary""]",1,openbookqa
the breaking down of food into simple substances occurs in the,"[""hair"", ""shoes"", ""inner sustenance canals"", ""beach""]",2,openbookqa
"When light strikes the rods and cones, they hyperpolarize, shutting off their release of what?","[""glutamate"", ""vitreous fluid"", ""dopamine"", ""enzyme""]",0,sciq
Which therapy uses viruses to genetically modify diseased cells and tissues?,"[""chemotherapy"", ""digestive therapy"", ""oxygen therapy"", ""viral therapy""]",3,sciq
An electron in an atom is completely described by four of what?,"[""photosynthesis numbers"", ""decay numbers"", ""quantum numbers"", ""prime bumbers""]",2,sciq
What takes place when water on earth’s surface changes to water vapor?,"[""condensation"", ""transpiration"", ""absorption"", ""evaporation""]",3,sciq
What are the male reproductive cells called?,"[""mucus"", ""ova"", ""plasma"", ""sperm""]",3,sciq
What do ecosystems require constant inputs of?,"[""Water"", ""fuel"", ""energy"", ""heating""]",2,sciq
"So many environments receive large amounts of rain, though an exception is","[""the Sahara"", ""the great plains"", ""the rain-forest"", ""Seattle""]",0,openbookqa
Competition within a species is called what?,"[""intraspecific competition"", ""species competion"", ""internal competition"", ""reproducible competition""]",0,sciq
Which type of organism is the best at fixing nitrogen?,"[""bacteria"", ""fungi"", ""protists"", ""animals""]",0,arc_easy
What prohibits knocking out genes?,"[""genetic considerdations"", ""professional considerations"", ""ethical considerdations"", ""moral considerdations""]",2,sciq
"Elemental carbon is a black, dull-looking solid that conducts heat and this?","[""light"", ""energy"", ""vibration"", ""electricity""]",3,sciq
What serves as a first responder to pathogenic threats that bypass natural physical and chemical barriers of the body?,"[""cells immune system"", ""super immune system"", ""innate immune system"", ""immense immune system""]",2,sciq
The moon is known for having what feature?,"[""frozen streams of water"", ""large bowl shaped cavities"", ""caves formed by solar winds"", ""groups of large trees""]",1,openbookqa
"In an ecosystem, not all of the energy that is available is used by the organisms. Some energy becomes unavailable before it can be transferred to organisms in the next trophic level. How does the energy most likely become unavailable?","[""The energy is stored as food."", ""The energy is dissipated as heat."", ""The energy is trapped in dead organisms."", ""The energy is moved to another ecosystem.""]",1,arc_easy
A recycling plant manager needs to melt 1500 kg of scrap copper to sell to a wire manufacturer. The copper is at 15°C and its melting point is 1083°C. The copper has a specific heat of 385 J/kg x K. How much heat is required to raise the temperature of the copper to its melting point?,"[""6.2 x 10^8 J"", ""6.3 x 10^8 J"", ""7.7 x 10^8 J"", ""7.9 x 10^8 J""]",0,arc_easy
Communities contain,"[""sparse flora and fauna"", ""two or three species of similar animals"", ""a diverse selection of living beings"", ""one species dominating an area""]",2,openbookqa
"The Earth is going to be completing a full rotation. A child notes this, and knows that it means that","[""a cloud is going to rain"", ""the moon is in the sky"", ""a day has passed on Jupiter"", ""the sun rose, set and rose again""]",3,openbookqa
"In 1976, the Viking I Lander was sent to Mars to analyze atmospheric gases and soil samples. The Viking I Lander was most likely a","[""space probe."", ""space shuttle."", ""lunar module."", ""natural satellite.""]",0,arc_easy
In what type of organisms are daughter cells individuals?,"[""multicellular organisms"", ""unicellular organisms"", ""hematopoietic organisms"", ""macroscopic organisms""]",1,sciq
What does a glacier leave behind when it retreats?,"[""bare rock"", ""Lakes"", ""sediment"", ""Dirt""]",0,sciq
Where would you find a mine?,"[""in a tree"", ""under a mountain"", ""in the air"", ""in the water""]",1,openbookqa
"During labor, what do contractions of the muscular walls of the uterus cause?","[""spontaneous abortion"", ""excretion"", ""premature birth"", ""cervical dilation""]",3,sciq
Ocean tides result mainly from,"[""surface winds."", ""radiant heat from stars."", ""Earth's tilt on its axis."", ""the Moon's gravitational pull.""]",3,arc_easy
"Bringing a stray cat to your home to live will be hard for it at first, but since animals adapt, it will","[""fly away"", ""go to space"", ""get acclimated"", ""breathe underwater""]",2,openbookqa
Pseudopods are temporary extensions of what?,"[""the cytoplasm"", ""the mucus"", ""cytopods"", ""the cell wall""]",0,sciq
"A light bulb manufacturer claims its light bulb is ""twice as bright"" per unit of electrical energy consumed as the leading light bulb. If this claim is correct, what factor must be accurately compared between the two bulbs?","[""how much each bulb weighs"", ""how long each bulb lasts"", ""how much heat each bulb releases"", ""how much metal each bulb contains""]",2,arc_easy
What are vesicles made of?,"[""cells"", ""membranes"", ""phospholipids"", ""filaments""]",2,sciq
What theory brings together continental drift and seafloor spreading?,"[""theory of order tectonics"", ""theory of water tectonics"", ""theory of front tectonics"", ""theory of plate tectonics""]",3,sciq
Reaching conclusions about unobserved things on the basis of what has already been observed is known as what kind of reasoning?,"[""primitive"", ""inductive"", ""conductive"", ""reductive""]",1,sciq
What is the storage form of glucose in humans and other vertebrates?,"[""neurons"", ""glycogen"", ""placenta"", ""fructose""]",1,sciq
A body structure under a skunk's tail produces a liquid with a very bad odor. This odor helps the skunk to,"[""avoid predators"", ""obtain food"", ""make a shelter"", ""regulate its body heat""]",0,arc_easy
Burning wood was the only way to do what to your house back in the day?,"[""make it tasty"", ""make it rain"", ""raise the temperature"", ""decrease the temperature""]",2,openbookqa
What disease can too little calcium cause?,"[""anemia"", ""osteoporosis"", ""psoriasis"", ""arthritis""]",1,sciq
"Mendel’s observation of pea plants also included many crosses that involved multiple traits, which prompted him to formulate the principle of this?","[""independent assortment"", ""independent texture"", ""dependent evolution"", ""independent contain""]",0,sciq
Which recyclable body part is largely comprised of muscle,"[""the ticker"", ""the spleen"", ""the kidney"", ""the liver""]",0,openbookqa
What do the planets orbit around in the solar system?,"[""the moon"", ""the sun"", ""the Milky Way"", ""the Earth""]",1,sciq
What system of the body is responsible for producing hormones?,"[""nervous system"", ""regulatory system"", ""endocrine system"", ""homeostasis system""]",2,sciq
A being may have more of a chance of survival if it can,"[""dance like people are looking"", ""climb up to tall places"", ""hang out in large, loud groups"", ""skateboard for long periods of time""]",1,openbookqa
During which process do animals increase in size?,"[""breathing"", ""growing"", ""shedding"", ""repairing""]",1,arc_easy
"Isotopes have the same number of protons and electrons, but a different number of what?","[""reactions"", ""neutrons"", ""atoms"", ""impurities""]",1,sciq
"Although it is not vital to humans, calcitonin is important for calcium homeostasis in adults of some species in what group characterized by backbones?","[""mammals"", ""reptiles"", ""vertebrates"", ""invertebrates""]",2,sciq
Which characteristic of a volvox colony makes it more like a multicellular organism than a simple cluster of unicellular organisms?,"[""The cells in the colony respond to stimuli separately."", ""The cells in the colony are arranged in a specific shape."", ""Some cells in the colony are specialized for reproduction."", ""Cells in the colony are connected by strands of cytoplasm.""]",2,arc_easy
"Compared to other stars in our galaxy, which is the best description of our Sun?","[""larger size, higher temperature"", ""smaller size, higher temperature"", ""larger size, average temperature"", ""average size, average temperature""]",3,arc_easy
Some materials are electrical conductors. Which material best conducts electricity?,"[""copper"", ""plastic"", ""rubber"", ""wood""]",0,arc_easy
"What sudden ground movement is caused by the sudden release of the energy stored in rocks, which is transmitted in seismic waves?","[""eruption"", ""sandstorm"", ""quicksand"", ""earthquake""]",3,sciq
"What effect, related to weather forecasting, occurs not only for sound but for any wave when there is relative motion between the observer and the source?","[""pulse"", ""echo"", ""precipitation"", ""doppler""]",3,sciq
How many people die from air pollution each year?,"[""14 million"", ""17 million"", ""22 million"", ""5 million""]",2,sciq
What is the term for the movement of substances due to random thermal molecular motion?,"[""Transfusion"", ""diffusion"", ""condensation"", ""convection""]",1,sciq
An example of weathering is,"[""a smooth sandy beach"", ""a smooth river stone"", ""a tall pine tree"", ""a large sharp boulder""]",1,openbookqa
usually plants die or become dormant after the,"[""lowest solstice"", ""naptime"", ""a good book"", ""lunch""]",0,openbookqa
Which unit is used to express the amount of energy in food?,"[""Calorie"", ""degree Celsius"", ""milliliter"", ""gram""]",0,arc_easy
What must be overcome to change the motion of an object?,"[""pressure"", ""weight"", ""density"", ""inertia""]",3,sciq
Both endotherms and ectotherms control what through behavioral responses to changes in the environment?,"[""body temperature"", ""hormones"", ""gas temperature"", ""sleep cycles""]",0,sciq
Which of the following forms of energy is released or absorbed in most chemical reactions?,"[""light energy"", ""electrical energy"", ""sound energy"", ""heat energy""]",3,arc_easy
Which type of scientist would study the relationship between simple machines and energy?,"[""chemist"", ""biologist"", ""physicist"", ""geologist""]",2,arc_easy
"For an exothermic chemical reaction, energy is given off as reactants are converted to what?","[""exports"", ""forms"", ""products"", ""imports""]",2,sciq
What type of disease occurs when the immune system fails to recognize the body's own molecules?,"[""gastrointestinal"", ""cardiac"", ""autoimmune"", ""congenital""]",2,sciq
What two values does a blood pressure reading include?,"[""biotic and abiotic"", ""high and low"", ""cholesterol and systolic"", ""systolic and diastolic""]",3,sciq
What is the term for if multiple sperm fuse with an egg?,"[""fraternization"", ""in vitro fertilization"", ""pollenation"", ""polyspermy""]",3,sciq
What is the term for the measurement of the amount of variation of species in a given area?,"[""divergence"", ""reproduction"", ""ecosystem"", ""biodiversity""]",3,sciq
"In areas where limestone is present underneath the soil, continued rains can alter the limestone formation. The limestone can change to a highly porous formation that can lead to the formation of caves and sinkholes. Which process is directly responsible for changing the limestone?","[""compaction"", ""erosion"", ""faulting"", ""weathering""]",3,arc_easy
The energy that allows the water cycle to occur comes from,"[""friction."", ""electricity."", ""the Sun."", ""radioactive decay.""]",2,arc_easy
A group of students are researching changes in climate in their region. Which of these would best provide evidence of changes in temperature and rainfall over a period of years?,"[""tree rings"", ""pollen samples"", ""harvest production"", ""carbon dating""]",0,arc_easy
Predators eat,"[""lions"", ""humans"", ""bunnies"", ""grass""]",2,openbookqa
Tissues are organized by what?,"[""branches"", ""cells"", ""structures"", ""lipids""]",1,sciq
"Professor Walden studies genetics at a local university. She believes that she has discovered information that contradicts a widely accepted theory. As a scientist and leader in the study of genetics, which action should she take?","[""Announce to the world that her theory is better than the old theory."", ""Call the news media and tell them about her new theory."", ""Challenge the old theory with scientific evidence."", ""Request that the old theory be banned.""]",2,arc_easy
What is a solid particle that is indestructible?,"[""quark"", ""atom"", ""neutron"", ""nucleus""]",1,sciq
What do you call materials that have low resistance to electric current?,"[""electromagnets"", ""poor conductors"", ""good insulator"", ""electric conductors""]",3,sciq
What does gravity cause substances on a planet?,"[""things to move sideways"", ""things to be moved upwards"", ""things to descend to the lowest surface possible"", ""things to stay in the same place""]",2,openbookqa
Earth has a limited supply of fresh drinking water. Which method is used to recycle water for humans to use?,"[""bottling water"", ""dam construction"", ""collecting rainwater"", ""wastewater treatment""]",3,arc_easy
The basic fabric of most biological membranes is a double layer of _________ and other lipids?,"[""solids"", ""liquids"", ""phospholipids"", ""antibodies""]",2,sciq
Which organ breaks down amino acids and toxins that are in the blood?,"[""skin"", ""liver"", ""small intestine"", ""kidney""]",1,sciq
What organ eliminates solid wastes that remain after the digestion of food?,"[""the spleen"", ""the appendix"", ""the large intestine"", ""the bladder""]",2,sciq
What is necessary for organisms to survive in the deepest parts of the ocean?,"[""reflexes"", ""mutation"", ""adaptations"", ""competition""]",2,sciq
"What requires nutrients to grow and heal, and use a bill type instrument to process them?","[""metals"", ""dirt"", ""birds"", ""bear""]",2,openbookqa
Which group of organisms is most responsible for changing the composition of Earth's early atmosphere?,"[""algae"", ""fungi"", ""reptiles"", ""angiosperms""]",0,arc_easy
The spin quantum number describes the spin for a given what?,"[""ion"", ""electron"", ""proton"", ""element""]",1,sciq
Which of these will most likely harm a habitat?,"[""planting trees"", ""water pollution"", ""rainfall"", ""sunlight""]",1,arc_easy
"Birds give birth to their babies while still in an egg. Mammals, however, give birth to their babies","[""scrambled"", ""already alive"", ""dead"", ""Old""]",1,openbookqa
Slurping down your urine shows you're,"[""bed-wetting"", ""recycling"", ""menstruating"", ""preserving wetlands""]",1,openbookqa
Hot tea works better than cold for dissolving,"[""lemons"", ""ice"", ""nuts"", ""rocks""]",1,openbookqa
Humans typically have how many pairs of chromosomes?,"[""23 pairs"", ""17 pairs"", ""25 pairs"", ""14 pairs""]",0,sciq
How does a mushroom obtain energy?,"[""by attaching to green plants and taking the plants' food"", ""by combining carbon dioxide and water to make its own food"", ""by absorbing matter from dead organisms to use as food"", ""by attacking bacteria and using the bacteria as food""]",2,arc_easy
Remora fish,"[""attach themselves to boats like barnacles"", ""act as a support system during a shark's reproduction cycle"", ""are exclusively kelp and seaweed eaters"", ""act as a clean up crew for a shark's crumbs""]",3,openbookqa
What is produced during the hydrogenation of vegetable oils?,"[""complete fatty acids"", ""rich fatty acids"", ""partially-hydrogenated fatty acids"", ""trans fatty acids""]",3,sciq
Scientists invented a liquid that removes grease and keeps the skin soft. How could this discovery most likely be used?,"[""to improve dish soap"", ""to cure a disease"", ""to make clothes"", ""to grow plants""]",0,arc_easy
A tape measure aids in,"[""deciding what color to paint a room"", ""figuring the state of matter of an object"", ""formulating the area of a room"", ""determining mass of an object""]",2,openbookqa
"Many animals are still being hunted for their fur. Because of this, many of these animals are in danger of","[""starvation."", ""extinction."", ""forest fires."", ""overpopulation.""]",1,arc_easy
"Besides depth soundings, what else are bathymetric maps made of?","[""sonar data"", ""solar data"", ""density measures"", ""intensity data""]",0,sciq
A newborn kangaroo has the ability to crawl into its mother's pouch to drink milk. This is an example of,"[""migration."", ""an instinct."", ""hibernation."", ""a learned behavior.""]",1,arc_easy
"Metabolism produces waste energy in the form of heat, which helps what type of animal conserve and maintain heat at a relatively constant body temperature?","[""lizard"", ""warm-blooded (endotherm)"", ""amphibian"", ""cold-blooded (ectotherm)""]",1,sciq
What are solid-solid solutions like brass and bronze called?,"[""oxides"", ""mixtures"", ""amalgams"", ""alloys""]",3,sciq
Birds are known for flying south in the winter to avoid what?,"[""solar radiation"", ""rain"", ""hurricanes"", ""cold weather""]",3,sciq
Average global temperature has been doing what for the past several decades?,"[""fluctuating"", ""rising"", ""stabilizing"", ""falling""]",1,sciq
"If a string on a musical instrument like a guitar is made tighter, the sound produced by that string will always be","[""lower pitched."", ""higher pitched."", ""louder."", ""quieter.""]",1,arc_easy
Cellular respiration involves forming atp from what type of sugar?,"[""glutamate"", ""fructose"", ""sucrose"", ""glucose""]",3,sciq
"If someone released a pollutant into the world, it would be all aside from","[""plastic"", ""poison"", ""trees"", ""smoke""]",2,openbookqa
Each new horizontal row of the periodic table corresponds to the beginning of a new period because a new principal energy level is being filled with what?,"[""protons"", ""photons"", ""electrons"", ""neutrons""]",2,sciq
"A student conducts an experiment to determine the effect soap has on the growth of radish seeds. He puts 30 seeds in three different dishes: one with water, one with a 1% soap solution, and one with a 10% soap solution. Which type of data should he collect?","[""size of seeds and amount of solution used"", ""time of day and number of seeds germinated"", ""type of detergent and amount of solution used"", ""number of seeds germinated and average length of shoot""]",1,arc_easy
What impact does photosynthesis have on the direction of electron flow?,"[""repeats it"", ""cycles it"", ""cools it"", ""reverses it""]",3,sciq
Resonance has been used in what kind of human-made recreational objects since prehistoric times?,"[""musical instruments"", ""paintbrushes"", ""arrows"", ""toys""]",0,sciq
"If both atoms are the same, they have the same electronegativity and share what type of bond?","[""metabolic"", ""ionic"", ""isotopic covalent"", ""nonpolar covalent""]",3,sciq
An iron horseshoe with red stripes is held over a paperclip and,"[""melts it"", ""drops it"", ""burns it"", ""yanks it""]",3,openbookqa
Which of these can be recycled in an attempt to conserve resources?,"[""gasoline"", ""sunlight"", ""aluminum"", ""natural gas""]",2,arc_easy
Isotopes have different number of these in their nuclei?,"[""protons"", ""electrons"", ""atoms"", ""neutrons""]",3,sciq
Which characteristic is common to all reptile species?,"[""endothermic (warm-blooded)"", ""slimy skin"", ""ectothermic (cold-blooded)"", ""hairy skin""]",2,arc_easy
What happens if a person doesn’t take in enough water to replace the water lost in sweat?,"[""diarrhea"", ""dehydration"", ""relaxation"", ""fatigue""]",1,sciq
"When liquid water freezes, it forms ice. What is the physical state of an ice cube?","[""gas"", ""solid"", ""liquid"", ""plasma""]",1,arc_easy
What effect is caused by air moving over the earth's surface as it spins?,"[""pruett effect"", ""coriolis effect"", ""dopple effect"", ""mazinho effect""]",1,sciq
which pairs would likely be consumed by squirrel families?,"[""bones and feathers"", ""turkey and rocks"", ""cardboard and sand"", ""peanuts and crackers""]",3,openbookqa
December 21st through March 20 is a three month period which is an example of what?,"[""A session"", ""A Match"", ""A Season"", ""Autumn""]",2,openbookqa
"Tanning salons claim to use a “safe” form of what light, with a longer wavelength than that in sunlight?","[""infrared"", ""uv (ultraviolet)"", ""X rays"", ""microwave""]",1,sciq
adding salt to a solid decreases what?,"[""how much light it emits"", ""how much sound it emits"", ""the energy needed to harden"", ""the speed it travels""]",2,openbookqa
"For half an hour, a student watches two different types of flowering bushes and counts the number of butterflies that come to feed on each bush. What would be the best way to show the data?","[""a scatterplot"", ""a pie chart"", ""a bar graph"", ""a line graph""]",2,arc_easy
An example of data collection is,"[""Deleting case files on the computer"", ""Touching evidence without gloves"", ""speaking with a witness"", ""Throwing documents in the trash""]",2,openbookqa
"A person turns a flashlight on and points it at a cut stone, which results in","[""flower patterns"", ""varied hues"", ""varied light scents"", ""sizes of elephants""]",1,openbookqa
panting is the equivalent to humans,"[""begging for water constantly"", ""crying for hours on end"", ""drowning in a small puddle"", ""expelling water from their dermis""]",3,openbookqa
"What process is at work when warm air or water rises, and cool air or water sinks?","[""evaporation"", ""radiation"", ""convection"", ""moisture""]",2,sciq
Physical and chemical properties of geometric isomers are generally what?,"[""round"", ""different"", ""similar"", ""difficult""]",1,sciq
"When a mountain stream flows onto flatter land and comes to a stop rapidly, what do the deposits form?","[""alluvial fan"", ""vertical fan"", ""upstream fan"", ""conical fan""]",0,sciq
What is it called when poles are in opposite positions?,"[""reversed polarity"", ""polar effect"", ""demagnetization"", ""reversed bonding""]",0,sciq
What do we consider the basic building blocks of life?,"[""atoms"", ""cells"", ""muscles"", ""neurons""]",1,sciq
Which is likeliest to let a spark pass through?,"[""a wool sweater"", ""a t shirt"", ""a rubber eraser"", ""a soda can""]",3,openbookqa
A nerve cell that carries messages is called a?,"[""mitochondria"", ""neuron"", ""platelet"", ""stem cell""]",1,sciq
"In the mouth, enzymes present in what begin to chemically break down food?","[""blood"", ""saliva"", ""lymph"", ""acid""]",1,sciq
Most sedimentary rock is made from sediments of other rock. Which of these processes would the sediments most likely go through to form sedimentary rock?,"[""compaction and cementation"", ""folding and recrystallization"", ""melting and solidifying"", ""heating and pressure""]",0,arc_easy
Each what is made of two identical sister chromatids?,"[""helix"", ""chromosome"", ""gene"", ""genome""]",1,sciq
The reason that ducks are such excellent swimmers is because,"[""ducks have a space between their toes"", ""ducks are buoyant and resilient"", ""ducks have wide feet"", ""ducks have extra foot skin""]",3,openbookqa
What is the major cause of chronic respiratory disease as well as cardiovascular disease and cancer?,"[""drinking"", ""exercise"", ""diet"", ""smoking""]",3,sciq
What are tiny hairs that line the bronchi called?,"[""antennae"", ""cilia"", ""flagella"", ""alveoli""]",1,sciq
"The units of time, day and year are based on what?","[""motions of the sun"", ""gravitational waves"", ""motions of earth"", ""moon phases""]",2,sciq
Which of these is most likely to be spread when two people drink from the same water bottle?,"[""asthma"", ""malaria"", ""strep throat"", ""hay fever""]",2,arc_easy
What is the scientific term for farsightedness?,"[""hypoxia"", ""hyperopia"", ""micropsia"", ""myopia""]",1,sciq
Molecular bounds are broken by,"[""ice"", ""combining vulotile ingredients"", ""soap and water"", ""force""]",1,openbookqa
Which is a pollinating creature?,"[""hyenas"", ""lions"", ""honey makers"", ""rhinos""]",2,openbookqa
What is the term for the conversion of a liquid to its vapor below the boiling temperature of the liquid?,"[""evaporation"", ""vaporization"", ""oxidation"", ""absorption""]",0,sciq
Amniocentesis and chorionic villus sampling can indicate whether a suspected genetic disorder is present at what stage?,"[""toddler"", ""fetal"", ""infant"", ""adult""]",1,sciq
"Which of the following do water (H2O), rust (Fe2O3), and salt (NaCl) have in common?","[""Water, rust, and salt are atoms."", ""Water, rust, and salt are mixtures."", ""Water, rust, and salt are elements."", ""Water, rust, and salt are compounds.""]",3,arc_easy
The name of which ion always comes first?,"[""negative ions"", ""similar ion"", ""positive ion"", ""constant ion""]",2,sciq
Which likely increased atmospheric CO2 recently?,"[""sustainable fisheries"", ""electric cars"", ""motorcycles"", ""ant populations""]",2,openbookqa
A Bald Eagle's ability to build it's nest is,"[""observed trough observation of others"", ""a biological trait passed down in it's genes"", ""learned through trial and error"", ""learned from watching its mom""]",1,openbookqa
What do chemotrophs extract energy from?,"[""chemical compounds"", ""carbon compounds"", ""fatty compounds"", ""liquid compounds""]",0,sciq
"Bar, circle, and line are all types of what?","[""theories"", ""maps"", ""graphs"", ""algorithms""]",2,sciq
What is used to date older fossils?,"[""search engines"", ""radioactive isotopes"", ""electron microscopes"", ""litmus testing""]",1,sciq
What is often a result of untreated atherosclerosis?,"[""cancer"", ""heart disease"", ""seizures"", ""a heart attack or stroke""]",3,sciq
What is the term for a formula that shows the elements in a compound in their lowest whole-number ratio?,"[""measured formula"", ""intrinsic formula"", ""Dwarf Formula"", ""empirical formula""]",3,sciq
"In a particular habitat, Animal X has two sources of food. One source is found in the water and the other source is found on land. If the main predator of Animal X is found only on land, what is the most likely structural adaptation that will be selected for in the population of Animal X?","[""development of claws"", ""increase in leg strength"", ""increase in visual acuity"", ""development of webbed feet""]",3,arc_easy
How do the circulatory system and the respiratory system depend on one another?,"[""Oxygen collected by the respiratory system is carried throughout the body by the circulatory system."", ""Solid wastes collected by the circulatory system are carried throughout the body by the respiratory system."", ""Nutrients collected by the respiratory system are carried throughout the body by the circulatory system."", ""Carbon dioxide collected by the circulatory system is carried throughout the body by the respiratory system.""]",0,arc_easy
The invention of what instrument in the 1930s allowed scientists to see viruses for the first time?,"[""spy glass"", ""telescopes"", ""electron microscope"", ""magnifying glass""]",2,sciq
Which would be excluded from a list of objects with metallurgical properties?,"[""iron"", ""bone"", ""gold"", ""steel""]",1,openbookqa
What type of barrier physically blocks pathogens from entering the body?,"[""Solid"", ""mechanical"", ""molecular"", ""potential""]",1,sciq
Which of these lays eggs?,"[""vampire bats"", ""flying squirrels"", ""lesser whitethroats"", ""coyotes""]",2,openbookqa
"Between 40 and 50 million years ago, the landmass on the Indian plate collided with the landmass on the Eurasian plate. What formed when these landmasses collided?","[""the Grand Canyon"", ""the Great Plains"", ""the Himalayan Mountains"", ""the Mariana Trench""]",2,arc_easy
What is the most common type of organic compound?,"[""lipids"", ""carbohydrates"", ""proteins"", ""hydrocarbons""]",1,sciq
A body needs fiber to make healthy bowel movements and this can be absorbed by consuming,"[""water"", ""cheese"", ""eggs"", ""broccoli""]",3,openbookqa
During what stage are chromosomes condensed enough to be seen under a microscope?,"[""mitosis"", ""meiosis"", ""epistasis"", ""cytokinesis""]",0,sciq
Blood flows into the kidney through which artery?,"[""main artery"", ""blood artery"", ""pulminary artery"", ""renal artery""]",3,sciq
As our globe makes a complete quick cycle it can and does see the passage of,"[""multiple hours"", ""eons"", ""several years"", ""decades""]",0,openbookqa
"At transform plate boundaries, two plates move in which directions?","[""parallel"", ""same"", ""opposite"", ""north and south""]",2,sciq
which of these formations are typically the highest point from sea level?,"[""the sandy river bank"", ""a long river channel"", ""a cooled lava top"", ""a lush green valley""]",2,openbookqa
The features below are all present on Earth. Which feature could also be found on the Moon?,"[""crater"", ""clouds"", ""electrical storms"", ""nitrogen based atmosphere""]",0,arc_easy
"What instrument is used to make very sensitive mass measurements in a laboratory, usually in grams?","[""analytical balance"", ""thermometer"", ""scale"", ""speedometer""]",0,sciq
"If a cow eats only plants, it will avoid eating","[""hay"", ""roots"", ""thistles"", ""venison""]",3,openbookqa
a Punnett square is used to identify the percent chance of a trait being passed down from a parent to its what?,"[""home"", ""younglings"", ""animals"", ""pets""]",1,openbookqa
What type of numbers specify the arrangement of electrons in orbitals?,"[""ionic numbers"", ""quantum numbers"", ""stream numbers"", ""fusion numbers""]",1,sciq
What significant part of the cell do prokaryotic cells lack?,"[""a nucleus"", ""a ribosome"", ""mitochondrial dna"", ""a cell wall""]",0,sciq
What gland is located at the base of the brain and secretes the hormone melatonin?,"[""pineal"", ""pituitary"", ""thyroid"", ""thymus""]",0,sciq
What is the term for  a close relationship between two species in which at least one species benefits.,"[""extosis"", ""candiasis"", ""symbiosis"", ""endosymbiosis""]",2,sciq
Which equation summarizes the process of respiration?,"[""water + carbon dioxide + energy -> sugar + oxygen"", ""oxygen + sugar -> carbon dioxide + water + energy"", ""carbon dioxide + oxygen + water -> sugar + energy"", ""sugar + carbon dioxide + energy -> oxygen + water""]",1,arc_easy
Where are you most likely to see a healthy amount of pollinating insects?,"[""Where water is plentiful and flowers are everywhere"", ""Where water is plentiful and flowers are few"", ""Where flowers are everywhere and spiders are hungry"", ""Where water is depleted and flowers are everywhere""]",0,openbookqa
Some animals change their appearance completely during a stage of the life cycle known as,"[""metamorphosing"", ""metal"", ""Seven"", ""drawing""]",0,openbookqa
What is the water that falls from the sky called?,"[""evaporation"", ""condensation"", ""moisture"", ""precipitation""]",3,sciq
An anemometer would get a work out on a,"[""still afternoon"", ""cloudy day"", ""rainy day"", ""blustery day""]",3,openbookqa
"An Italian scientist named Alessandro Volta invented the Voltaic pile in 1800. It was able to produce a steady electrical current. Based on this description, what is the modern equivalent of the Voltaic pile?","[""a wire"", ""a battery"", ""a resistor"", ""a light bulb""]",1,arc_easy
"What type of seeds come from plants that were traditionally grown in human populations, as opposed to the seeds used for large-scale agricultural production?","[""old-fashioned seeds"", ""heirloom seeds"", ""original seeds"", ""modified seeds""]",1,sciq
"The element nitrogen can be found in simple, nonliving substances, such as air, and in complex molecules in living organisms, such as DNA. Which statement explains why nitrogen can exist in many compounds?","[""Nitrogen atoms are different sizes."", ""Nitrogen atoms are different ages."", ""Nitrogen atoms can bond to different atoms."", ""Nitrogen atoms have different amounts of energy.""]",2,arc_easy
What type of feeders are the largest sharks and rays?,"[""resting feeders"", ""month feeders"", ""resulting feeders"", ""suspension feeders""]",3,sciq
When a person expires they,"[""come back alive"", ""rejuvenate"", ""decompose"", ""rejoice""]",2,openbookqa
Fungi absorb nutrients from the environment through what?,"[""mycelia"", ""apothecia"", ""hymenium"", ""spores""]",0,sciq
What animal eats plants?,"[""eagles"", ""robins"", ""owls"", ""leopards""]",1,openbookqa
"The main components of the circulatory system are the heart, blood vessels, and what else?","[""lungs"", ""blood"", ""brain"", ""nerves""]",1,sciq
"The punnett square shows the possible what, and their most likely ratios?","[""receptors"", ""genotypes"", ""phenotypes"", ""chromosomes""]",1,sciq
What branch of biology studies animal behavior?,"[""ethology"", ""microbiology"", ""geology"", ""embryology""]",0,sciq
What type of diseases occur when the immune system attacks normal body cells?,"[""gastrointestinal"", ""liver"", ""autoimmune"", ""inflammatory""]",2,sciq
The small amount of energy input necessary for all chemical reactions to occur is called what?,"[""nuclear energy"", ""distinct energy"", ""activation energy"", ""decomposition energy""]",2,sciq
A refrigerator must do work to reverse the normal direction of what?,"[""visible energy flow"", ""coolant energy flow"", ""thermal energy flow"", ""spectral energy flow""]",2,sciq
What does the slope of a position-time graph represent?,"[""trajectory"", ""direction"", ""acceleration"", ""velocity""]",3,sciq
Conduction from the core has what effect on the lower mantle?,"[""it vibrates it"", ""it makes it rotate"", ""it cools it"", ""it heats it""]",3,sciq
"A major diversification of what animal group occurred about 50 million years ago, possibly spurred by worldwide climate change?","[""mammals"", ""amphibians"", ""insects"", ""reptiles""]",0,sciq
"At one time, scientists believed that living organisms came from nonliving objects. This theory was revised through","[""changes in popular belief."", ""evidence from experiments."", ""information published in books."", ""advances in the scientific method.""]",1,arc_easy
"By breaking down wastes and remains of dead organisms, decomposers perform what function in an ecosystem?","[""recycling"", ""symbiosis"", ""collecting"", ""reproduction""]",0,sciq
what does a chipmunk do with acorns,"[""throw them at other chipmunks"", ""leave them where they're found"", ""use them to build shelter"", ""transfer them to the stomach""]",3,openbookqa
Indigo buntings are birds that nest in Florida during the summer. Male buntings are bright blue in color while females are a dull brown. How does the dull brown color of the female buntings help the species survive?,"[""It helps male birds find a mate."", ""It helps the birds find food more easily."", ""It helps hide the birds while they sit on their nests."", ""It helps the birds find the flock when migrating.""]",2,arc_easy
What is the measure of the amount of space occupied by an object?,"[""mass"", ""liquid"", ""growth"", ""volume""]",3,sciq
What did roots evolve from that plants used for aborption?,"[""rhizoids"", ""leguminous"", ""oomycetes"", ""seeds""]",0,sciq
Which of these things will dissolve in water?,"[""iron filings"", ""wood chips"", ""sand"", ""sugar""]",3,arc_easy
Jupiter's larger mass and orbit contribute to the formation of this area of debris:,"[""Inner Solar System"", ""Oort Cloud"", ""Kuiper Belt"", ""Asteroid Belt""]",3,openbookqa
What is used by the gas given off by plants?,"[""computers"", ""the respiratory system"", ""helium balloons"", ""other plants""]",1,openbookqa
In statistics a boundary on the precision and accuracy is known as what?,"[""error"", ""median"", ""frequency"", ""instance""]",0,sciq
"The combined gas law involves three properties of a gas - volume, absolute temperature, and what?","[""pressure"", ""time"", ""direction"", ""power""]",0,sciq
What does lattice energy of an ionic solid measure the strength of?,"[""metals"", ""atoms"", ""bonds"", ""electrons""]",2,sciq
Traits are transferred from generation to generation through the,"[""sperm only"", ""egg only"", ""sperm and the egg"", ""testes""]",2,arc_easy
Erosion can make a source of H2O,"[""stay exactly the same"", ""remain static over time"", ""calibrate from its previous capacity"", ""begin hosting underwater birds""]",2,openbookqa
A person is heating water in order to cook pasta. He spills the pot of water on his leg and finds that the water,"[""scalds"", ""cools"", ""toasts"", ""freezes""]",0,openbookqa
Why would philanthropists donate special straws to help poor countries?,"[""they pollute water"", ""they need straws"", ""they treat water"", ""they poison water""]",2,openbookqa
The population of rabbits in an area increases. That could have been caused by,"[""More predators have been moving into the area"", ""The rabbits are becoming infertile"", ""Hunters are trapping the rabbits"", ""More precipitation falling lately""]",3,openbookqa
What is it called when the chance that a certain event will occur?,"[""mutation"", ""difficulty"", ""procession"", ""probability""]",3,sciq
What is precipitation that flows over the surface of the land?,"[""blizzard"", ""seawater"", ""storm surge"", ""runoff""]",3,sciq
What kind of radiation can be used to disrupt the dna-rna protein synthesis cycle that allows bacteria to reproduce?,"[""microwave"", ""non-ionizing"", ""infrared"", ""ionizing""]",3,sciq
If a baby needs to have milk every hour and is only given it every six hours,"[""it will be glad for it"", ""it will be negatively effected"", ""it will be positively effected"", ""it will be overweight""]",1,openbookqa
"Dependent on the frequency of sound waves, what term described how high or low a sound seems to a listener?","[""curve"", ""wavelength"", ""pitch"", ""direction""]",2,sciq
In which phase do the chromosomes duplicate?,"[""interphase"", ""metaphase"", ""mitosis"", ""prophase""]",0,sciq
What is a disease characterized by high concentrations of glucose in the blood?,"[""diabetes"", ""hepatitis"", ""leukemia"", ""myeloma""]",0,sciq
Which reproduction produces offspring genetically identical to the one parent?,"[""asexual"", ""sexual"", ""microscopic"", ""bsexual""]",0,sciq
What is the tubular passageway through which the embryo or fetus leaves the mother’s body during birth?,"[""cervix"", ""penis"", ""vagina"", ""uterus""]",2,sciq
"Above a continent, a warm air mass slowly passes over a cold air mass. As the warm air begins to cool, clouds form. What will most likely happen next?","[""Rain will fall."", ""Hurricanes will form."", ""Lightning will strike."", ""Hail will form.""]",0,arc_easy
"Which system supports the body, protects internal organs, and makes blood cells?","[""muscular system"", ""circulatory system"", ""nervous system"", ""skeletal system""]",3,arc_easy
What can be renewed?,"[""plastics"", ""leather"", ""coal"", ""diesel""]",1,openbookqa
What allowed life to expand and diversify during the early cambrian period?,"[""warm, humid climate"", ""cool, dry climate"", ""cool, humid climate"", ""hot, dry climate""]",0,sciq
An individual virus is called what?,"[""a virion"", ""a polymer"", ""a pathogen"", ""a toxin""]",0,sciq
Gold atoms can be identified based on the number of which subatomic particles?,"[""neutrons"", ""electrons"", ""nuclei"", ""protons""]",3,arc_easy
Which of the following is the main reason water at the surface of the ocean is warmer than water at the bottom of the ocean?,"[""Water at the bottom of the ocean contains more dissolved solids."", ""Water at the surface of the ocean absorbs more energy from the Sun."", ""Friction is created by fast moving currents at the surface of the ocean."", ""Wave action transfers heat from the bottom of the ocean to the surface.""]",1,arc_easy
exposure to fire could result in,"[""wet items"", ""cold items"", ""none of these"", ""combusted items""]",3,openbookqa
A bunny is desperate for food and happily chows down when offered,"[""a meatball"", ""some oregano"", ""cat food"", ""a steak""]",1,openbookqa
Which animal is likely hotter than it should be if its tongue is sticking out?,"[""a lizard"", ""a golden retriever"", ""a rabbit"", ""a human""]",1,openbookqa
Liz's 72 Mustang stopped on the highway because it had run out of fuel. What does she need?,"[""an available electrical outlet"", ""A product derived from oil"", ""a clean solar panel"", ""a new set of spark plugs""]",1,openbookqa
What is the term for the horizontal displacement of a projectile from its starting point?,"[""type"", ""Distance"", ""range"", ""produce""]",2,sciq
When liquefied soil flows over carcasses and drys it will become,"[""lakes"", ""diamonds"", ""bubbles"", ""fossilized""]",3,openbookqa
"Most flowers carry both stamens and carpels; however, a few species are capable of what and are nicknamed ""perfect"" flowers?","[""sexual reproduction"", ""germination"", ""self-pollination"", ""cloning""]",2,sciq
"In mammals, the cells on the exterior form the trophectoderm, which goes on to form what?","[""extraembryonic tissues"", ""aeroponics tissues"", ""cardiac tissues"", ""protoplanetary tissues""]",0,sciq
Are bones considered living or dead tissues?,"[""living"", ""decomposing"", ""dead"", ""decaying""]",0,sciq
What will be more available in an area when rainfall increases?,"[""fire"", ""air"", ""dirt"", ""H2O""]",3,openbookqa
"On a day in early spring, the number of hours of daylight and of night are about the same. From sunrise to sunset on a spring day, Earth has","[""completed half of one rotation."", ""been in the shadow of the Moon."", ""been circled by the Moon one time."", ""moved to the opposite side of the Sun.""]",0,arc_easy
What happens after something dies?,"[""chance"", ""rot"", ""luck"", ""magic""]",1,openbookqa
The first reported nuclear fission occurred in 1939 when three german scientists bombarded uranium-235 atoms with slow-moving what?,"[""protons"", ""electrons"", ""isotopes"", ""neutrons""]",3,sciq
"After spermatids form, they move where to mature into sperm?","[""into the prostate"", ""into the volaris"", ""into the epididymis"", ""into the vans deferens""]",2,sciq
The easiest thing to break is,"[""a notebook"", ""a pair of glasses"", ""a wall"", ""a hardcover book""]",1,openbookqa
